/*
 Navicat Premium Data Transfer

 Source Server         : koysmyid_api-mobile
 Source Server Type    : MySQL
 Source Server Version : 100522 (10.5.22-MariaDB-cll-lve)
 Source Host           : 103.247.8.134:3306
 Source Schema         : koym8232_api-mobile

 Target Server Type    : MySQL
 Target Server Version : 100522 (10.5.22-MariaDB-cll-lve)
 File Encoding         : 65001

 Date: 23/04/2025 21:02:58
*/

SET NAMES utf8mb4;
SET FOREIGN_KEY_CHECKS = 0;

-- ----------------------------
-- Table structure for absensi_siswa
-- ----------------------------
DROP TABLE IF EXISTS `absensi_siswa`;
CREATE TABLE `absensi_siswa`  (
  `id` char(36) CHARACTER SET latin1 COLLATE latin1_general_ci NOT NULL,
  `siswa_id` char(36) CHARACTER SET latin1 COLLATE latin1_general_ci NOT NULL,
  `pertemuan_id` char(36) CHARACTER SET latin1 COLLATE latin1_general_ci NOT NULL,
  `hadir` tinyint NOT NULL DEFAULT 0,
  `izin` tinyint NOT NULL DEFAULT 0,
  `sakit` tinyint NOT NULL DEFAULT 0,
  `absen` tinyint NOT NULL DEFAULT 0,
  `keterangan` varchar(255) CHARACTER SET latin1 COLLATE latin1_general_ci NULL DEFAULT NULL,
  `created_by` char(36) CHARACTER SET latin1 COLLATE latin1_general_ci NOT NULL,
  `sekolah_id` char(36) CHARACTER SET latin1 COLLATE latin1_general_ci NOT NULL,
  `created_at` timestamp NULL DEFAULT current_timestamp,
  `updated_at` timestamp NULL DEFAULT current_timestamp ON UPDATE CURRENT_TIMESTAMP,
  PRIMARY KEY (`id`) USING BTREE,
  UNIQUE INDEX `siswa_id`(`siswa_id` ASC, `pertemuan_id` ASC, `sekolah_id` ASC) USING BTREE,
  INDEX `pertemuan_id`(`pertemuan_id` ASC) USING BTREE,
  INDEX `created_by`(`created_by` ASC) USING BTREE,
  INDEX `sekolah_id`(`sekolah_id` ASC) USING BTREE,
  INDEX `idx_absensi_siswa_pertemuan`(`siswa_id` ASC, `pertemuan_id` ASC) USING BTREE,
  INDEX `idx_absensi_rekap`(`siswa_id` ASC, `created_at` ASC) USING BTREE,
  CONSTRAINT `absensi_siswa_ibfk_1` FOREIGN KEY (`siswa_id`) REFERENCES `siswa` (`id`) ON DELETE CASCADE ON UPDATE RESTRICT,
  CONSTRAINT `absensi_siswa_ibfk_2` FOREIGN KEY (`pertemuan_id`) REFERENCES `pertemuan_bulanan` (`id`) ON DELETE CASCADE ON UPDATE RESTRICT,
  CONSTRAINT `absensi_siswa_ibfk_3` FOREIGN KEY (`created_by`) REFERENCES `users` (`id`) ON DELETE CASCADE ON UPDATE RESTRICT,
  CONSTRAINT `absensi_siswa_ibfk_4` FOREIGN KEY (`sekolah_id`) REFERENCES `sekolah` (`id`) ON DELETE CASCADE ON UPDATE RESTRICT
) ENGINE = InnoDB CHARACTER SET = latin1 COLLATE = latin1_general_ci ROW_FORMAT = DYNAMIC;

-- ----------------------------
-- Records of absensi_siswa
-- ----------------------------
INSERT INTO `absensi_siswa` VALUES ('02fe0008-7df7-4af0-aefc-ea8741acb731', '384e1ab5-97c9-4ce5-8e83-011f67e10a1d', 'fd94769c-c4c8-48ad-976b-fcedf2a4465d', 14, 2, 2, 2, '', '26cd0a68-ab90-4397-8c0c-af35496a13ca', '98267294-eb49-438b-9a9b-9aabd24bb98d', '2025-04-20 17:04:29', '2025-04-20 17:04:29');
INSERT INTO `absensi_siswa` VALUES ('2dde3453-871a-4db1-b0ed-1dd43c7b7095', '384e1ab5-97c9-4ce5-8e83-011f67e10a1d', 'feb3db6c-ee6e-41a6-838c-497ad15efc71', 25, 1, 1, 3, '', '26cd0a68-ab90-4397-8c0c-af35496a13ca', '98267294-eb49-438b-9a9b-9aabd24bb98d', '2025-04-20 17:02:20', '2025-04-20 17:02:20');

-- ----------------------------
-- Table structure for capaian_pembelajaran
-- ----------------------------
DROP TABLE IF EXISTS `capaian_pembelajaran`;
CREATE TABLE `capaian_pembelajaran`  (
  `id` char(36) CHARACTER SET latin1 COLLATE latin1_general_ci NOT NULL,
  `kode_cp` varchar(50) CHARACTER SET latin1 COLLATE latin1_general_ci NOT NULL,
  `nama` varchar(255) CHARACTER SET latin1 COLLATE latin1_general_ci NULL DEFAULT NULL,
  `deskripsi` text CHARACTER SET latin1 COLLATE latin1_general_ci NOT NULL,
  `mapel_id` char(36) CHARACTER SET latin1 COLLATE latin1_general_ci NOT NULL,
  `sekolah_id` char(36) CHARACTER SET latin1 COLLATE latin1_general_ci NOT NULL,
  `created_at` timestamp NULL DEFAULT current_timestamp,
  `updated_at` timestamp NULL DEFAULT current_timestamp ON UPDATE CURRENT_TIMESTAMP,
  `deleted_at` timestamp NULL DEFAULT NULL,
  PRIMARY KEY (`id`) USING BTREE,
  UNIQUE INDEX `kode_cp`(`kode_cp` ASC, `mapel_id` ASC, `sekolah_id` ASC) USING BTREE,
  INDEX `mapel_id`(`mapel_id` ASC) USING BTREE,
  INDEX `sekolah_id`(`sekolah_id` ASC) USING BTREE,
  INDEX `idx_cp_mapel`(`mapel_id` ASC) USING BTREE,
  CONSTRAINT `capaian_pembelajaran_ibfk_1` FOREIGN KEY (`mapel_id`) REFERENCES `mata_pelajaran` (`id`) ON DELETE CASCADE ON UPDATE RESTRICT,
  CONSTRAINT `capaian_pembelajaran_ibfk_2` FOREIGN KEY (`sekolah_id`) REFERENCES `sekolah` (`id`) ON DELETE CASCADE ON UPDATE RESTRICT
) ENGINE = InnoDB CHARACTER SET = latin1 COLLATE = latin1_general_ci ROW_FORMAT = DYNAMIC;

-- ----------------------------
-- Records of capaian_pembelajaran
-- ----------------------------
INSERT INTO `capaian_pembelajaran` VALUES ('0377e2ba-b9a8-4746-ba39-28591dae6019', 'CP.Bahasa.28', 'Mengenal Mata Uang Indonesia', 'Rupiah nilai tukar  yang digunakan di Indonesia', 'd15b96b5-e26b-4138-b998-81f753bf36e0', '98267294-eb49-438b-9a9b-9aabd24bb98d', '2025-04-21 09:41:38', '2025-04-21 09:41:38', NULL);
INSERT INTO `capaian_pembelajaran` VALUES ('04768081-ecfe-4eb4-9f76-dc6521e7a116', 'MP.12', 'Memahami konsep dasar aljabar', 'Memahami konsep dasar aljabar', '4bfafb2b-78a9-4b39-8543-32e4844c51c8', '98267294-eb49-438b-9a9b-9aabd24bb98d', '2025-04-10 19:00:30', '2025-04-10 19:00:30', NULL);
INSERT INTO `capaian_pembelajaran` VALUES ('04964326-800b-436a-9a58-a03de5de6034', 'CP.Bahasa.19', 'Memahami konsep dasar aljabar3', 'Memahami konsep dasar aljabar', 'd15b96b5-e26b-4138-b998-81f753bf36e0', '98267294-eb49-438b-9a9b-9aabd24bb98d', '2025-04-10 20:41:21', '2025-04-14 18:47:27', '2025-04-14 18:47:27');
INSERT INTO `capaian_pembelajaran` VALUES ('07d7876d-554e-4bd9-9894-38551bde1852', 'MP.02', 'asdasd', 'asdasdasd', 'fcfbd6ea-1a11-4a38-b998-7c725e6f5adf', '98267294-eb49-438b-9a9b-9aabd24bb98d', '2025-04-10 19:04:56', '2025-04-10 19:19:59', '2025-04-10 19:19:59');
INSERT INTO `capaian_pembelajaran` VALUES ('08f343fd-9e94-4c96-8d78-3bd4f42d2655', 'CP.Bahasa.20', 'Memahami konsep dasar aljabar4', 'Memahami konsep dasar aljabar', 'd15b96b5-e26b-4138-b998-81f753bf36e0', '98267294-eb49-438b-9a9b-9aabd24bb98d', '2025-04-10 20:41:21', '2025-04-14 18:47:28', '2025-04-14 18:47:28');
INSERT INTO `capaian_pembelajaran` VALUES ('0aba96fd-1e52-4eb4-9799-4d1a020d6151', 'CP.Matematika.13', 'Memahami konsep dasar aljabar5', 'Memahami konsep dasar aljabar', 'fcfbd6ea-1a11-4a38-b998-7c725e6f5adf', '98267294-eb49-438b-9a9b-9aabd24bb98d', '2025-04-10 21:35:18', '2025-04-10 21:35:18', NULL);
INSERT INTO `capaian_pembelajaran` VALUES ('0e8153a7-a917-4ecc-b206-e0cf0184c3dc', 'CP.Matematika.06', 'Tujuan F', 'Lingga guli guli guli wacha lingga guuu lingga guuu, lingga guli guli guli wacha lingga guuu lingga guuu', 'fcfbd6ea-1a11-4a38-b998-7c725e6f5adf', '98267294-eb49-438b-9a9b-9aabd24bb98d', '2025-04-10 21:31:23', '2025-04-10 21:31:23', NULL);
INSERT INTO `capaian_pembelajaran` VALUES ('0f8abcb4-e991-4cfe-b2a8-9a672374f18b', 'CP..03', 'Memahami konsep dasar aljabar', 'Memahami konsep dasar aljabar', 'd15b96b5-e26b-4138-b998-81f753bf36e0', '98267294-eb49-438b-9a9b-9aabd24bb98d', '2025-04-10 19:09:09', '2025-04-10 19:22:33', '2025-04-10 19:22:33');
INSERT INTO `capaian_pembelajaran` VALUES ('10cfba78-c6b1-465d-b7b7-0a551a3077c7', 'CP..11', 'Memahami konsep dasar aljabar1', 'Memahami konsep dasar aljabar', 'd15b96b5-e26b-4138-b998-81f753bf36e0', '98267294-eb49-438b-9a9b-9aabd24bb98d', '2025-04-10 20:40:43', '2025-04-14 18:47:33', '2025-04-14 18:47:33');
INSERT INTO `capaian_pembelajaran` VALUES ('119a5057-fbb5-47f9-bc40-484f2bec4aa3', 'CP.Bahasa.18', 'Memahami konsep dasar aljabar2', 'Memahami konsep dasar aljabar', 'd15b96b5-e26b-4138-b998-81f753bf36e0', '98267294-eb49-438b-9a9b-9aabd24bb98d', '2025-04-10 20:41:21', '2025-04-14 18:47:42', '2025-04-14 18:47:42');
INSERT INTO `capaian_pembelajaran` VALUES ('1e42cf73-823b-4360-948d-92ed135391c8', 'CP.Matematika.13', 'Paragraf A', 'Lingga guli guli guli wacha lingga guuu lingga guuu, lingga guli guli guli wacha lingga guuu lingga guuu', '4bfafb2b-78a9-4b39-8543-32e4844c51c8', '98267294-eb49-438b-9a9b-9aabd24bb98d', '2025-04-10 21:30:15', '2025-04-14 15:31:08', '2025-04-14 15:31:08');
INSERT INTO `capaian_pembelajaran` VALUES ('215efac4-ba8e-46d7-af9c-8d213d6e4837', 'CP..02', 'Memahami konsep dasar aljabar', 'Memahami konsep dasar aljabar', 'd15b96b5-e26b-4138-b998-81f753bf36e0', '98267294-eb49-438b-9a9b-9aabd24bb98d', '2025-04-10 19:09:09', '2025-04-10 19:22:43', '2025-04-10 19:22:43');
INSERT INTO `capaian_pembelajaran` VALUES ('24d585ca-2ab8-4a2a-a462-22b107596a48', 'CP..09', 'Memahami konsep dasar aljabar5', 'Memahami konsep dasar aljabar', 'd15b96b5-e26b-4138-b998-81f753bf36e0', '98267294-eb49-438b-9a9b-9aabd24bb98d', '2025-04-10 20:40:11', '2025-04-14 18:47:46', '2025-04-14 18:47:46');
INSERT INTO `capaian_pembelajaran` VALUES ('2512fbba-ca4d-42b2-bbca-73cce033bb21', 'MP.03', 'gdgdse', 'asd wad afdsdzf3r23 aszda2e asdq2dq2rdfasfc3d  adfwedad aw2ezsda df23rdadsd 23da', 'd906609d-1c2c-4b3b-8edd-57960f18f604', '98267294-eb49-438b-9a9b-9aabd24bb98d', '2025-04-10 19:02:33', '2025-04-10 19:23:41', '2025-04-10 19:23:41');
INSERT INTO `capaian_pembelajaran` VALUES ('284cbd6b-7e50-4f93-b3e0-51e1dfe7a961', 'CP.Matematika.05', 'Tujuan D', 'asdqwad', 'fcfbd6ea-1a11-4a38-b998-7c725e6f5adf', '98267294-eb49-438b-9a9b-9aabd24bb98d', '2025-04-10 21:25:04', '2025-04-10 21:25:04', NULL);
INSERT INTO `capaian_pembelajaran` VALUES ('2e0a428f-53b3-412f-8284-3509ad2eff04', 'CP..04', 'Memahami konsep dasar aljabar', 'Memahami konsep dasar aljabar', 'd15b96b5-e26b-4138-b998-81f753bf36e0', '98267294-eb49-438b-9a9b-9aabd24bb98d', '2025-04-10 19:13:35', '2025-04-10 19:22:36', '2025-04-10 19:22:36');
INSERT INTO `capaian_pembelajaran` VALUES ('2e578d8c-13c9-464f-85b1-d9177b0f815f', 'CP..15', 'Memahami konsep dasar aljabar5', 'Memahami konsep dasar aljabar', 'd15b96b5-e26b-4138-b998-81f753bf36e0', '98267294-eb49-438b-9a9b-9aabd24bb98d', '2025-04-10 20:40:43', '2025-04-14 18:47:51', '2025-04-14 18:47:51');
INSERT INTO `capaian_pembelajaran` VALUES ('2f20f648-b139-4034-991b-ebd85c864427', 'CP.Testmatkul.01', 'testCP', '1', 'f8751368-6dfa-479c-a541-f3986334a872', 'b29ce424-fc2d-4450-862a-fe403b1ade1f', '2025-04-10 21:42:22', '2025-04-10 21:53:28', '2025-04-10 21:53:28');
INSERT INTO `capaian_pembelajaran` VALUES ('36d3f547-f865-413e-9dd7-a49749bacc01', 'CP.Bahasa.13', 'Paragraf Deduktif', 'Lingga guli guli guli wacha lingga guuu lingga guuu, lingga guli guli guli wacha lingga guuu lingga guuu', 'd906609d-1c2c-4b3b-8edd-57960f18f604', '98267294-eb49-438b-9a9b-9aabd24bb98d', '2025-04-10 21:14:48', '2025-04-10 21:14:48', NULL);
INSERT INTO `capaian_pembelajaran` VALUES ('3736f2ef-2aed-47b9-8300-1246a7410a18', 'CP.Pancasila.04', 'Memahami konsep dasar aljabar4', 'Memahami konsep dasar aljabar', 'd220169c-f1e9-49fc-81e3-ddff790c6641', '98267294-eb49-438b-9a9b-9aabd24bb98d', '2025-04-10 21:17:54', '2025-04-10 21:17:54', NULL);
INSERT INTO `capaian_pembelajaran` VALUES ('37f406e8-1e04-4de2-9da8-f216241e6ce1', 'CP.Matematika.14', 'Paragraf B', 'Lingga guli guli guli wacha lingga guuu lingga guuu, lingga guli guli guli wacha lingga guuu lingga guuu', '4bfafb2b-78a9-4b39-8543-32e4844c51c8', '98267294-eb49-438b-9a9b-9aabd24bb98d', '2025-04-10 21:30:15', '2025-04-14 15:32:14', '2025-04-14 15:32:14');
INSERT INTO `capaian_pembelajaran` VALUES ('3be3f7bd-8e54-4b2c-9074-0d2e7b3cf470', 'CP.Matematika.21', 'Capaian 1234', 'Deskripsi 1234', '4bfafb2b-78a9-4b39-8543-32e4844c51c8', '98267294-eb49-438b-9a9b-9aabd24bb98d', '2025-04-14 15:10:58', '2025-04-14 15:32:46', '2025-04-14 15:32:46');
INSERT INTO `capaian_pembelajaran` VALUES ('3c7e48b5-c0a3-472a-9b6f-d94856e6501e', 'CP..05', 'Memahami konsep dasar aljabar', 'Memahami konsep dasar aljabar', 'd15b96b5-e26b-4138-b998-81f753bf36e0', '98267294-eb49-438b-9a9b-9aabd24bb98d', '2025-04-10 19:13:35', '2025-04-10 19:22:46', '2025-04-10 19:22:46');
INSERT INTO `capaian_pembelajaran` VALUES ('3dea5ce8-6caf-4a6f-8cab-c5ca21165cef', 'MP.07', NULL, 'Memahami konsep dasar aljabar', '4bfafb2b-78a9-4b39-8543-32e4844c51c8', '98267294-eb49-438b-9a9b-9aabd24bb98d', '2025-04-09 13:53:13', '2025-04-14 15:33:56', '2025-04-14 15:33:56');
INSERT INTO `capaian_pembelajaran` VALUES ('4422bf62-4b64-4231-a85e-4bdfbb994fd4', 'CP.Bahasa.17', 'Memahami konsep dasar aljabar3', 'Memahami konsep dasar aljabar', 'd906609d-1c2c-4b3b-8edd-57960f18f604', '98267294-eb49-438b-9a9b-9aabd24bb98d', '2025-04-10 21:16:37', '2025-04-10 21:16:37', NULL);
INSERT INTO `capaian_pembelajaran` VALUES ('4502d34b-ab0e-433d-b541-a223cbe6bbe1', 'CP.Matematika.22', 'Capaian12', 'Deskripsi deskripsi', '4bfafb2b-78a9-4b39-8543-32e4844c51c8', '98267294-eb49-438b-9a9b-9aabd24bb98d', '2025-04-14 15:17:22', '2025-04-14 15:33:15', '2025-04-14 15:33:15');
INSERT INTO `capaian_pembelajaran` VALUES ('46f925df-c30c-4536-946f-a3c2c6eae06e', 'CP..06', 'Memahami konsep dasar aljabar2', 'Memahami konsep dasar aljabar', 'd15b96b5-e26b-4138-b998-81f753bf36e0', '98267294-eb49-438b-9a9b-9aabd24bb98d', '2025-04-10 20:40:11', '2025-04-21 09:46:49', '2025-04-21 09:46:49');
INSERT INTO `capaian_pembelajaran` VALUES ('47321338-4dc9-4bca-87cb-68dcec21f965', 'MP.01', 'Bab 1', 'Deskripsi Capaian Bab 1', 'd15b96b5-e26b-4138-b998-81f753bf36e0', '98267294-eb49-438b-9a9b-9aabd24bb98d', '2025-04-10 18:36:56', '2025-04-17 08:43:54', '2025-04-17 08:43:54');
INSERT INTO `capaian_pembelajaran` VALUES ('475e2b9a-036c-44e3-b82d-3ff6504e9ff2', 'CP.Bahasa.24', 'Paragraf Deduktif', 'Lingga guli guli guli wacha lingga guuu lingga guuu, lingga guli guli guli wacha lingga guuu lingga guuu', 'd15b96b5-e26b-4138-b998-81f753bf36e0', '98267294-eb49-438b-9a9b-9aabd24bb98d', '2025-04-10 21:12:45', '2025-04-21 09:42:19', '2025-04-21 09:42:19');
INSERT INTO `capaian_pembelajaran` VALUES ('4a7ec5b5-ca77-476f-a988-828b98b24ae2', 'MP.06', NULL, 'Memahami konsep dasar aljabar', '4bfafb2b-78a9-4b39-8543-32e4844c51c8', '98267294-eb49-438b-9a9b-9aabd24bb98d', '2025-04-09 13:53:13', '2025-04-14 15:34:12', '2025-04-14 15:34:12');
INSERT INTO `capaian_pembelajaran` VALUES ('4b25d7fc-823c-4d05-94b9-20b8056de094', 'CP.Bahasa.25', 'ASCAEEF', 'asdawda', 'd15b96b5-e26b-4138-b998-81f753bf36e0', '98267294-eb49-438b-9a9b-9aabd24bb98d', '2025-04-14 18:47:05', '2025-04-21 09:42:55', '2025-04-21 09:42:55');
INSERT INTO `capaian_pembelajaran` VALUES ('4bc5fd8e-80ae-4936-8c27-5375c05ca4e0', 'CP.Matematika.01', 'Bab Persamaan Linear', 'Deskripsi Persamaan Linear pada matematika kelas 1', 'fcfbd6ea-1a11-4a38-b998-7c725e6f5adf', '98267294-eb49-438b-9a9b-9aabd24bb98d', '2025-04-10 21:10:17', '2025-04-10 21:10:17', NULL);
INSERT INTO `capaian_pembelajaran` VALUES ('4c6fcde3-d46d-4a55-abc6-fba8fcdda121', 'CP.Testmatkul.02', 'testcp2', '2', 'f8751368-6dfa-479c-a541-f3986334a872', 'b29ce424-fc2d-4450-862a-fe403b1ade1f', '2025-04-10 21:42:22', '2025-04-10 21:52:57', '2025-04-10 21:52:57');
INSERT INTO `capaian_pembelajaran` VALUES ('4cc22fc3-6721-47e4-a89e-eb737ef7791d', 'CP.Bahasa.15', 'Memahami konsep dasar aljabar1', 'Memahami konsep dasar aljabar', 'd906609d-1c2c-4b3b-8edd-57960f18f604', '98267294-eb49-438b-9a9b-9aabd24bb98d', '2025-04-10 21:16:37', '2025-04-10 21:16:37', NULL);
INSERT INTO `capaian_pembelajaran` VALUES ('4ced9ca6-1f13-4a42-9478-75faed3d5224', 'CP.Bahasa.16', 'Memahami konsep dasar aljabar2', 'Memahami konsep dasar aljabar', 'd906609d-1c2c-4b3b-8edd-57960f18f604', '98267294-eb49-438b-9a9b-9aabd24bb98d', '2025-04-10 21:16:37', '2025-04-10 21:16:37', NULL);
INSERT INTO `capaian_pembelajaran` VALUES ('4fca8d21-ee2f-438d-be4f-e699743ca931', 'CP.Matematika.18', 'capaian terbaru', 'capaian belajar baru ', '4bfafb2b-78a9-4b39-8543-32e4844c51c8', '98267294-eb49-438b-9a9b-9aabd24bb98d', '2025-04-11 08:03:38', '2025-04-14 15:35:59', '2025-04-14 15:35:59');
INSERT INTO `capaian_pembelajaran` VALUES ('50016272-04ce-49c3-a844-1c7a44e1de8b', 'CP.Matematika.07', 'Tujuan G', 'Lingga guli guli guli wacha lingga guuu lingga guuu, lingga guli guli guli wacha lingga guuu lingga guuu', 'fcfbd6ea-1a11-4a38-b998-7c725e6f5adf', '98267294-eb49-438b-9a9b-9aabd24bb98d', '2025-04-10 21:31:23', '2025-04-10 21:32:29', '2025-04-10 21:32:29');
INSERT INTO `capaian_pembelajaran` VALUES ('502eeb91-cf22-49aa-a27f-72e11aae9744', 'CP.Pancasila.03', 'Memahami konsep dasar aljabar3', 'Memahami konsep dasar aljabar', 'd220169c-f1e9-49fc-81e3-ddff790c6641', '98267294-eb49-438b-9a9b-9aabd24bb98d', '2025-04-10 21:17:54', '2025-04-10 21:17:54', NULL);
INSERT INTO `capaian_pembelajaran` VALUES ('50c62c90-20e1-44f4-be61-077dc282da01', 'CP..07', 'Memahami konsep dasar aljabar3', 'Memahami konsep dasar aljabar', 'd15b96b5-e26b-4138-b998-81f753bf36e0', '98267294-eb49-438b-9a9b-9aabd24bb98d', '2025-04-10 20:40:11', '2025-04-21 09:43:08', '2025-04-21 09:43:08');
INSERT INTO `capaian_pembelajaran` VALUES ('50f6d4c1-983d-4c7f-ba6b-a9b1f6289116', 'CP.Testmatkul.03', 'testcp3', '3', 'f8751368-6dfa-479c-a541-f3986334a872', 'b29ce424-fc2d-4450-862a-fe403b1ade1f', '2025-04-10 21:42:22', '2025-04-10 21:43:09', '2025-04-10 21:43:09');
INSERT INTO `capaian_pembelajaran` VALUES ('53e00dcf-868f-4a71-bda7-671ea3a99df1', 'MP.09', 'Memahami konsep dasar aljabar', 'Memahami konsep dasar aljabar', '4bfafb2b-78a9-4b39-8543-32e4844c51c8', '98267294-eb49-438b-9a9b-9aabd24bb98d', '2025-04-09 15:15:18', '2025-04-09 15:15:18', NULL);
INSERT INTO `capaian_pembelajaran` VALUES ('554eecb9-793e-47cb-8b19-0cf644527375', 'CP..16', 'Memahami konsep dasar aljabar6', 'Memahami konsep dasar aljabar', 'd15b96b5-e26b-4138-b998-81f753bf36e0', '98267294-eb49-438b-9a9b-9aabd24bb98d', '2025-04-10 20:40:43', '2025-04-21 09:46:53', '2025-04-21 09:46:53');
INSERT INTO `capaian_pembelajaran` VALUES ('561c0583-eac5-43d3-a0b1-ea651469b4c6', 'CP.Bahasa.14', 'Contoh capaian', 'Contoh capaian deskripsi', 'd906609d-1c2c-4b3b-8edd-57960f18f604', '98267294-eb49-438b-9a9b-9aabd24bb98d', '2025-04-10 21:15:42', '2025-04-10 21:15:42', NULL);
INSERT INTO `capaian_pembelajaran` VALUES ('62884260-39c7-47b3-a905-9d4c96894bc3', 'CP.Bahasa.07', 'Memahami konsep dasar aljabar2', 'Memahami konsep dasar aljabar', 'd906609d-1c2c-4b3b-8edd-57960f18f604', '98267294-eb49-438b-9a9b-9aabd24bb98d', '2025-04-10 21:14:11', '2025-04-10 21:15:11', '2025-04-10 21:15:11');
INSERT INTO `capaian_pembelajaran` VALUES ('63f6a501-1ad6-4e92-9120-d1311c1c7a7c', 'CP.Testmatkul.09', 'cp2', '2', 'f8751368-6dfa-479c-a541-f3986334a872', 'b29ce424-fc2d-4450-862a-fe403b1ade1f', '2025-04-10 21:53:47', '2025-04-10 21:53:55', '2025-04-10 21:53:55');
INSERT INTO `capaian_pembelajaran` VALUES ('6464bac3-4a98-485f-8995-f261b18a08d4', 'CP.Bahasa.03', 'Memahami konsep dasar aljabar2', 'Memahami konsep dasar aljabar', 'd15b96b5-e26b-4138-b998-81f753bf36e0', '98267294-eb49-438b-9a9b-9aabd24bb98d', '2025-04-10 20:36:15', '2025-04-10 20:36:15', NULL);
INSERT INTO `capaian_pembelajaran` VALUES ('666833d7-17a6-4fc8-9fe9-89d76a553b36', 'CP.Matematika.20', 'Capaian Matematika 1', 'Deskripsi Capaian Matematika 1', '4bfafb2b-78a9-4b39-8543-32e4844c51c8', '98267294-eb49-438b-9a9b-9aabd24bb98d', '2025-04-14 15:09:32', '2025-04-21 09:39:41', '2025-04-21 09:39:41');
INSERT INTO `capaian_pembelajaran` VALUES ('66f45a5d-41a1-4211-bc1d-49f69b262e36', 'MP.10', 'Bab 1 Algoritma', 'Bab ini menjelaskan tentang Algoritma pemorgraman', '4bfafb2b-78a9-4b39-8543-32e4844c51c8', '98267294-eb49-438b-9a9b-9aabd24bb98d', '2025-04-09 22:46:04', '2025-04-09 22:46:04', NULL);
INSERT INTO `capaian_pembelajaran` VALUES ('679eecd8-3347-42e2-aa90-21dc2de05a70', 'CP..13', 'Memahami konsep dasar aljabar3', 'Memahami konsep dasar aljabar', 'd15b96b5-e26b-4138-b998-81f753bf36e0', '98267294-eb49-438b-9a9b-9aabd24bb98d', '2025-04-10 20:40:43', '2025-04-21 09:47:03', '2025-04-21 09:47:03');
INSERT INTO `capaian_pembelajaran` VALUES ('69ffc0cf-7e58-4e5b-b261-fe1e397bf232', 'CP.Bahasa.06', 'Memahami konsep dasar aljabar', 'Memahami konsep dasar aljabar', 'd15b96b5-e26b-4138-b998-81f753bf36e0', '98267294-eb49-438b-9a9b-9aabd24bb98d', '2025-04-10 19:17:01', '2025-04-10 19:22:23', '2025-04-10 19:22:23');
INSERT INTO `capaian_pembelajaran` VALUES ('70de16ba-850c-4d60-a727-ea65f946a0a4', 'CP.Bahasa.19', 'Memahami konsep dasar aljabar5', 'Memahami konsep dasar aljabar', 'd906609d-1c2c-4b3b-8edd-57960f18f604', '98267294-eb49-438b-9a9b-9aabd24bb98d', '2025-04-10 21:16:37', '2025-04-10 21:27:59', '2025-04-10 21:27:59');
INSERT INTO `capaian_pembelajaran` VALUES ('711ce1fc-0c75-4790-b6d1-6d3859f8befd', 'CP.Bahasa.21', 'Memahami konsep dasar aljabar5', 'Memahami konsep dasar aljabar', 'd15b96b5-e26b-4138-b998-81f753bf36e0', '98267294-eb49-438b-9a9b-9aabd24bb98d', '2025-04-10 20:41:21', '2025-04-10 20:41:21', NULL);
INSERT INTO `capaian_pembelajaran` VALUES ('7cb64ff5-9030-4eff-aa75-85c2514d419f', 'CP.Matematika.19', 'capaian baru emteka', 'deskripsi capaian emteka test', '4bfafb2b-78a9-4b39-8543-32e4844c51c8', '98267294-eb49-438b-9a9b-9aabd24bb98d', '2025-04-14 14:51:50', '2025-04-14 14:51:50', NULL);
INSERT INTO `capaian_pembelajaran` VALUES ('7e2002e1-0146-4a02-a836-ab17af7eedf7', 'CP.Matematika.12', 'Memahami konsep dasar aljabar4', 'Memahami konsep dasar aljabar', 'fcfbd6ea-1a11-4a38-b998-7c725e6f5adf', '98267294-eb49-438b-9a9b-9aabd24bb98d', '2025-04-10 21:35:18', '2025-04-10 21:35:18', NULL);
INSERT INTO `capaian_pembelajaran` VALUES ('7fbbef88-ec49-4395-8a20-e34acfde9ec1', 'CP..14', 'Memahami konsep dasar aljabar4', 'Memahami konsep dasar aljabar', 'd15b96b5-e26b-4138-b998-81f753bf36e0', '98267294-eb49-438b-9a9b-9aabd24bb98d', '2025-04-10 20:40:43', '2025-04-21 09:42:08', '2025-04-21 09:42:08');
INSERT INTO `capaian_pembelajaran` VALUES ('856d3d54-f621-4b32-b562-c2c7b2bbbb85', 'MP.11', 'Memahami konsep dasar aljabar', 'Memahami konsep dasar aljabar', '4bfafb2b-78a9-4b39-8543-32e4844c51c8', '98267294-eb49-438b-9a9b-9aabd24bb98d', '2025-04-10 19:00:30', '2025-04-10 19:00:30', NULL);
INSERT INTO `capaian_pembelajaran` VALUES ('88d1c6c8-d507-4130-b1ab-73cc5f9c6109', 'CP.Bahasa.26', '12312312', 'sdawd1231243', 'd15b96b5-e26b-4138-b998-81f753bf36e0', '98267294-eb49-438b-9a9b-9aabd24bb98d', '2025-04-14 18:48:02', '2025-04-14 18:48:02', NULL);
INSERT INTO `capaian_pembelajaran` VALUES ('89b1d9c2-81fd-4aec-bea6-353f0c2ea8c0', 'CP.Testmatkul.08', 'cp1', '1', 'f8751368-6dfa-479c-a541-f3986334a872', 'b29ce424-fc2d-4450-862a-fe403b1ade1f', '2025-04-10 21:53:47', '2025-04-10 21:53:47', NULL);
INSERT INTO `capaian_pembelajaran` VALUES ('8cb255dc-f4d6-468b-8157-4ec06a9979f9', 'CP.Pancasila.02', 'Memahami konsep dasar aljabar2', 'Memahami konsep dasar aljabar', 'd220169c-f1e9-49fc-81e3-ddff790c6641', '98267294-eb49-438b-9a9b-9aabd24bb98d', '2025-04-10 21:17:54', '2025-04-10 21:17:54', NULL);
INSERT INTO `capaian_pembelajaran` VALUES ('901580b5-d0dd-4c30-a9cc-ae4ab69261bd', 'CP..05', NULL, 'Memahami konsep dasar aljabar', '4bfafb2b-78a9-4b39-8543-32e4844c51c8', '98267294-eb49-438b-9a9b-9aabd24bb98d', '2025-04-09 13:49:50', '2025-04-21 09:39:36', '2025-04-21 09:39:36');
INSERT INTO `capaian_pembelajaran` VALUES ('92ef44ef-2f50-4ac1-b36e-1a7ce1c64e03', 'CP.Bahasa.12', 'Paragraf Utama', 'Lingga guli guli guli wacha lingga guuu lingga guuu, lingga guli guli guli wacha lingga guuu lingga guuu', 'd906609d-1c2c-4b3b-8edd-57960f18f604', '98267294-eb49-438b-9a9b-9aabd24bb98d', '2025-04-10 21:14:48', '2025-04-10 21:14:48', NULL);
INSERT INTO `capaian_pembelajaran` VALUES ('93988a83-aa3e-4aaf-a8eb-351a15485d9c', 'MP.01', 'asdasdaw', 'asfdcasdasdasd', 'fcfbd6ea-1a11-4a38-b998-7c725e6f5adf', '98267294-eb49-438b-9a9b-9aabd24bb98d', '2025-04-10 19:04:56', '2025-04-10 19:19:57', '2025-04-10 19:19:57');
INSERT INTO `capaian_pembelajaran` VALUES ('94ca9a3e-83f1-426c-a1b4-2968a939d8e1', 'CP.Pancasila.06', 'Memahami konsep dasar aljabar6', 'Memahami konsep dasar aljabar', 'd220169c-f1e9-49fc-81e3-ddff790c6641', '98267294-eb49-438b-9a9b-9aabd24bb98d', '2025-04-10 21:17:54', '2025-04-10 21:17:54', NULL);
INSERT INTO `capaian_pembelajaran` VALUES ('9888b2ec-35cc-4234-8454-61276186a5ac', 'MP.01', 'Aaaaaaaaaaaaa1', 'aaaaaaaaa a a a a aaaaaaaaaaaaa1 a aa a aaaaaaaaaaaaa1 a aa a aaaaaaaaaaaaa1 a a a a', 'd906609d-1c2c-4b3b-8edd-57960f18f604', '98267294-eb49-438b-9a9b-9aabd24bb98d', '2025-04-10 19:02:06', '2025-04-10 19:20:49', '2025-04-10 19:20:49');
INSERT INTO `capaian_pembelajaran` VALUES ('99f36484-c723-4903-9d01-879e461e3d3d', 'MP.08', 'Memahami konsep dasar aljabar', 'Memahami konsep dasar aljabar', '4bfafb2b-78a9-4b39-8543-32e4844c51c8', '98267294-eb49-438b-9a9b-9aabd24bb98d', '2025-04-09 15:15:18', '2025-04-21 09:39:47', '2025-04-21 09:39:47');
INSERT INTO `capaian_pembelajaran` VALUES ('9ca88fa5-3e9b-4515-ba6f-ec1568d91f32', 'CP.Bahasa.18', 'Memahami konsep dasar aljabar4', 'Memahami konsep dasar aljabar', 'd906609d-1c2c-4b3b-8edd-57960f18f604', '98267294-eb49-438b-9a9b-9aabd24bb98d', '2025-04-10 21:16:37', '2025-04-10 21:16:37', NULL);
INSERT INTO `capaian_pembelajaran` VALUES ('9d6cbea6-9399-4384-b3b4-18d37ae60774', 'MP.02', 'asdasd', 'asdasd asd asd asd asdasdsdaweedadfca sdasedwad sdwa sdadawfaedrfa', 'd906609d-1c2c-4b3b-8edd-57960f18f604', '98267294-eb49-438b-9a9b-9aabd24bb98d', '2025-04-10 19:02:33', '2025-04-10 19:23:26', '2025-04-10 19:23:26');
INSERT INTO `capaian_pembelajaran` VALUES ('9f53c2d3-da7a-42b4-bbeb-c02f81134e2c', 'CP.Testmatkul.10', 'cp2', '2', 'f8751368-6dfa-479c-a541-f3986334a872', 'b29ce424-fc2d-4450-862a-fe403b1ade1f', '2025-04-10 21:54:06', '2025-04-10 21:54:20', '2025-04-10 21:54:20');
INSERT INTO `capaian_pembelajaran` VALUES ('a146919b-215d-4be6-af62-3eba0bc5b4cd', 'CP..12', 'Memahami konsep dasar aljabar2', 'Memahami konsep dasar aljabar', 'd15b96b5-e26b-4138-b998-81f753bf36e0', '98267294-eb49-438b-9a9b-9aabd24bb98d', '2025-04-10 20:40:43', '2025-04-10 20:40:43', NULL);
INSERT INTO `capaian_pembelajaran` VALUES ('a3608cd8-f833-45a0-9f91-01cec38265aa', 'CP.Testmatkul.13', '2', '2', 'f8751368-6dfa-479c-a541-f3986334a872', 'b29ce424-fc2d-4450-862a-fe403b1ade1f', '2025-04-12 02:29:28', '2025-04-19 17:13:39', '2025-04-19 17:13:39');
INSERT INTO `capaian_pembelajaran` VALUES ('a804febb-a9cf-4518-8d34-d68350c14851', 'CP-MTK-03', NULL, 'Memahami konsep dasar aljabar', '4bfafb2b-78a9-4b39-8543-32e4844c51c8', '98267294-eb49-438b-9a9b-9aabd24bb98d', '2025-03-28 20:27:22', '2025-04-21 09:39:53', '2025-04-21 09:39:53');
INSERT INTO `capaian_pembelajaran` VALUES ('a828fa17-25e3-4221-9cd6-4565c5ef0bd3', 'CP.Matematika.16', 'capaian 1', 'semoga tercapai', '4bfafb2b-78a9-4b39-8543-32e4844c51c8', '98267294-eb49-438b-9a9b-9aabd24bb98d', '2025-04-10 23:06:19', '2025-04-21 09:39:57', '2025-04-21 09:39:57');
INSERT INTO `capaian_pembelajaran` VALUES ('a8c8e6bb-63e1-4469-a8ff-ceed19f36f09', 'CP.Bahasa.23', 'Paragraf Utama', 'Lingga guli guli guli wacha lingga guuu lingga guuu, lingga guli guli guli wacha lingga guuu lingga guuu', 'd15b96b5-e26b-4138-b998-81f753bf36e0', '98267294-eb49-438b-9a9b-9aabd24bb98d', '2025-04-10 21:12:45', '2025-04-10 21:12:45', NULL);
INSERT INTO `capaian_pembelajaran` VALUES ('a9bcb01d-c76a-4191-9ad9-024ac2ccf935', 'CP..10', 'Memahami konsep dasar aljabar6', 'Memahami konsep dasar aljabar', 'd15b96b5-e26b-4138-b998-81f753bf36e0', '98267294-eb49-438b-9a9b-9aabd24bb98d', '2025-04-10 20:40:11', '2025-04-10 20:40:11', NULL);
INSERT INTO `capaian_pembelajaran` VALUES ('ab491882-9148-4bbe-9b0c-dc75b828ef1b', 'CP.Bahasa.06', 'asdasd', 'asdasd', 'd906609d-1c2c-4b3b-8edd-57960f18f604', '98267294-eb49-438b-9a9b-9aabd24bb98d', '2025-04-10 20:59:35', '2025-04-10 20:59:45', '2025-04-10 20:59:45');
INSERT INTO `capaian_pembelajaran` VALUES ('adfc70f7-7655-46de-af6d-232b93eb228d', 'CP.Matematika.15', 'test capaian 1', 'membuat pencapaian tercapai ', '4bfafb2b-78a9-4b39-8543-32e4844c51c8', '98267294-eb49-438b-9a9b-9aabd24bb98d', '2025-04-10 23:03:07', '2025-04-10 23:03:07', NULL);
INSERT INTO `capaian_pembelajaran` VALUES ('aea7e399-7d82-4fa9-b1df-3077aea1a4b5', 'CP.Matematika.03', 'Tujuan B', 'asdasdas', 'fcfbd6ea-1a11-4a38-b998-7c725e6f5adf', '98267294-eb49-438b-9a9b-9aabd24bb98d', '2025-04-10 21:24:21', '2025-04-10 21:24:27', '2025-04-10 21:24:27');
INSERT INTO `capaian_pembelajaran` VALUES ('b0d0f569-079d-43e8-a3a6-d14af314fa36', 'CP.Matematika.02', 'Tujuan A', 'asdasf', 'fcfbd6ea-1a11-4a38-b998-7c725e6f5adf', '98267294-eb49-438b-9a9b-9aabd24bb98d', '2025-04-10 21:24:21', '2025-04-10 21:24:21', NULL);
INSERT INTO `capaian_pembelajaran` VALUES ('b1fde57a-9e0e-41ee-b6d2-51b092be4074', 'CP.Pancasila.01', 'Memahami konsep dasar aljabar1', 'Memahami konsep dasar aljabar', 'd220169c-f1e9-49fc-81e3-ddff790c6641', '98267294-eb49-438b-9a9b-9aabd24bb98d', '2025-04-10 21:17:54', '2025-04-10 21:17:54', NULL);
INSERT INTO `capaian_pembelajaran` VALUES ('ba2e50bc-d9fb-40b1-ac31-e1d2d784744b', 'CP.Bahasa.09', 'Memahami konsep dasar aljabar4', 'Memahami konsep dasar aljabar', 'd906609d-1c2c-4b3b-8edd-57960f18f604', '98267294-eb49-438b-9a9b-9aabd24bb98d', '2025-04-10 21:14:11', '2025-04-10 21:15:14', '2025-04-10 21:15:14');
INSERT INTO `capaian_pembelajaran` VALUES ('bcc85ffa-36c6-4159-bbb2-7ab11a9ab29b', 'CP.Matematika.10', 'Memahami konsep dasar aljabar2', 'Memahami konsep dasar aljabar', 'fcfbd6ea-1a11-4a38-b998-7c725e6f5adf', '98267294-eb49-438b-9a9b-9aabd24bb98d', '2025-04-10 21:35:18', '2025-04-10 21:35:18', NULL);
INSERT INTO `capaian_pembelajaran` VALUES ('bf67efba-ee01-43d2-8467-0a54240a177d', 'CP.Matematika.14', 'Memahami konsep dasar aljabar6', 'Memahami konsep dasar aljabar', 'fcfbd6ea-1a11-4a38-b998-7c725e6f5adf', '98267294-eb49-438b-9a9b-9aabd24bb98d', '2025-04-10 21:35:18', '2025-04-10 21:35:18', NULL);
INSERT INTO `capaian_pembelajaran` VALUES ('bff50b69-6618-4bac-b188-6798fa8a98b0', 'CP.Testmatkul.06', '33', '33', 'f8751368-6dfa-479c-a541-f3986334a872', 'b29ce424-fc2d-4450-862a-fe403b1ade1f', '2025-04-10 21:43:51', '2025-04-10 21:44:02', '2025-04-10 21:44:02');
INSERT INTO `capaian_pembelajaran` VALUES ('c0cc3e33-c770-4b3e-a693-3cd4d56d0d58', 'CP.Matematika.04', 'Tujuan C', 'asdasdasd', 'fcfbd6ea-1a11-4a38-b998-7c725e6f5adf', '98267294-eb49-438b-9a9b-9aabd24bb98d', '2025-04-10 21:24:21', '2025-04-10 21:24:21', NULL);
INSERT INTO `capaian_pembelajaran` VALUES ('c13f73be-60b7-4515-9171-ac4066a64e1b', 'CP.Testmatkul.12', '1', '1', 'f8751368-6dfa-479c-a541-f3986334a872', 'b29ce424-fc2d-4450-862a-fe403b1ade1f', '2025-04-12 02:29:28', '2025-04-12 02:29:28', NULL);
INSERT INTO `capaian_pembelajaran` VALUES ('c3c4d8e9-4a6e-4359-9799-15c80e4fb969', 'CP.Bahasa.27', 'Apakah akan reload', '12312312ew', 'd15b96b5-e26b-4138-b998-81f753bf36e0', '98267294-eb49-438b-9a9b-9aabd24bb98d', '2025-04-14 19:40:08', '2025-04-14 19:40:08', NULL);
INSERT INTO `capaian_pembelajaran` VALUES ('c4bee070-27e9-41ce-829f-e208f19531b8', 'CP.Matematika.09', 'Memahami konsep dasar aljabar1', 'Memahami konsep dasar aljabar', 'fcfbd6ea-1a11-4a38-b998-7c725e6f5adf', '98267294-eb49-438b-9a9b-9aabd24bb98d', '2025-04-10 21:35:18', '2025-04-10 21:35:18', NULL);
INSERT INTO `capaian_pembelajaran` VALUES ('c651e49f-df66-405a-9e2c-32b88867fbac', 'CP.Bahasa.08', 'Memahami konsep dasar aljabar3', 'Memahami konsep dasar aljabar', 'd906609d-1c2c-4b3b-8edd-57960f18f604', '98267294-eb49-438b-9a9b-9aabd24bb98d', '2025-04-10 21:14:11', '2025-04-10 21:15:17', '2025-04-10 21:15:17');
INSERT INTO `capaian_pembelajaran` VALUES ('c7eca803-9de0-439a-9570-74684207989c', 'CP.Testmatkul.07', '42', '42', 'f8751368-6dfa-479c-a541-f3986334a872', 'b29ce424-fc2d-4450-862a-fe403b1ade1f', '2025-04-10 21:44:18', '2025-04-10 21:53:08', '2025-04-10 21:53:08');
INSERT INTO `capaian_pembelajaran` VALUES ('cbe3359b-5e57-4329-9588-a6b12ee17f79', 'CP.Bahasa.17', 'Memahami konsep dasar aljabar1', 'Memahami konsep dasar aljabar', 'd15b96b5-e26b-4138-b998-81f753bf36e0', '98267294-eb49-438b-9a9b-9aabd24bb98d', '2025-04-10 20:41:21', '2025-04-10 20:41:21', NULL);
INSERT INTO `capaian_pembelajaran` VALUES ('cc4798e8-e284-463b-a00e-15354e84ecc4', 'CP.Bahasa.10', 'Memahami konsep dasar aljabar5', 'Memahami konsep dasar aljabar', 'd906609d-1c2c-4b3b-8edd-57960f18f604', '98267294-eb49-438b-9a9b-9aabd24bb98d', '2025-04-10 21:14:11', '2025-04-10 21:15:26', '2025-04-10 21:15:26');
INSERT INTO `capaian_pembelajaran` VALUES ('cf345347-bb57-4f16-b80f-df057ac9ce31', 'CP.Bahasa.05', 'Memahami konsep dasar aljabar', 'Memahami konsep dasar aljabar', 'd15b96b5-e26b-4138-b998-81f753bf36e0', '98267294-eb49-438b-9a9b-9aabd24bb98d', '2025-04-10 19:17:01', '2025-04-10 19:20:34', '2025-04-10 19:20:34');
INSERT INTO `capaian_pembelajaran` VALUES ('d2ec61b6-22fb-4d72-9f3e-d677bcf64ef5', 'CP-MTK-02', NULL, 'Memahami konsep dasar aljabar', '4bfafb2b-78a9-4b39-8543-32e4844c51c8', '98267294-eb49-438b-9a9b-9aabd24bb98d', '2025-03-28 20:27:22', '2025-03-28 20:27:22', NULL);
INSERT INTO `capaian_pembelajaran` VALUES ('d48c25ac-11ad-4b23-85e2-418c243ef5ac', 'CP.Bahasa.22', 'Memahami konsep dasar aljabar6', 'Memahami konsep dasar aljabar', 'd15b96b5-e26b-4138-b998-81f753bf36e0', '98267294-eb49-438b-9a9b-9aabd24bb98d', '2025-04-10 20:41:21', '2025-04-10 20:41:21', NULL);
INSERT INTO `capaian_pembelajaran` VALUES ('d4eed393-945f-44c0-8fcc-bc2f5649bc83', 'CP.Testmatkul.04', '12', '12', 'f8751368-6dfa-479c-a541-f3986334a872', 'b29ce424-fc2d-4450-862a-fe403b1ade1f', '2025-04-10 21:43:23', '2025-04-10 21:53:01', '2025-04-10 21:53:01');
INSERT INTO `capaian_pembelajaran` VALUES ('d571bffb-cc29-4108-b8ae-66324c162c4f', 'CP..08', 'Memahami konsep dasar aljabar4', 'Memahami konsep dasar aljabar', 'd15b96b5-e26b-4138-b998-81f753bf36e0', '98267294-eb49-438b-9a9b-9aabd24bb98d', '2025-04-10 20:40:11', '2025-04-14 18:48:25', '2025-04-14 18:48:25');
INSERT INTO `capaian_pembelajaran` VALUES ('d5da7df9-05dd-4634-91d0-ecb39a764b5c', 'CP.Testmatkul.11', 'cp2', 'test', 'f8751368-6dfa-479c-a541-f3986334a872', 'b29ce424-fc2d-4450-862a-fe403b1ade1f', '2025-04-10 21:54:34', '2025-04-10 21:54:34', NULL);
INSERT INTO `capaian_pembelajaran` VALUES ('dcf46faf-33b4-4714-b5cc-7c4dfac38da8', 'CP-MTK-01', NULL, 'Memahami konsep dasar aljabar', '4bfafb2b-78a9-4b39-8543-32e4844c51c8', '98267294-eb49-438b-9a9b-9aabd24bb98d', '2025-03-28 19:11:24', '2025-03-28 19:11:24', NULL);
INSERT INTO `capaian_pembelajaran` VALUES ('dd720974-b78b-4c74-ac23-5ea567ebec7f', 'MP.04', 'asdasdasd', 'asdasdasdasd', 'd906609d-1c2c-4b3b-8edd-57960f18f604', '98267294-eb49-438b-9a9b-9aabd24bb98d', '2025-04-10 19:05:18', '2025-04-10 19:23:17', '2025-04-10 19:23:17');
INSERT INTO `capaian_pembelajaran` VALUES ('e72d8a36-dcc3-4559-a762-307c6e807a39', 'CP.Bahasa.11', 'Memahami konsep dasar aljabar6', 'Memahami konsep dasar aljabar', 'd906609d-1c2c-4b3b-8edd-57960f18f604', '98267294-eb49-438b-9a9b-9aabd24bb98d', '2025-04-10 21:14:11', '2025-04-10 21:15:08', '2025-04-10 21:15:08');
INSERT INTO `capaian_pembelajaran` VALUES ('e8795b72-2d16-4102-9089-f41a26ac3d2f', 'CP.Testmatkul.05', '22', '22', 'f8751368-6dfa-479c-a541-f3986334a872', 'b29ce424-fc2d-4450-862a-fe403b1ade1f', '2025-04-10 21:43:51', '2025-04-10 21:50:38', '2025-04-10 21:50:38');
INSERT INTO `capaian_pembelajaran` VALUES ('f050e5cb-6467-49ca-880a-04fbee4c8041', 'CP.Matematika.08', 'Tujuan I', 'Lingga guli guli guli wacha lingga guuu lingga guuu, lingga guli guli guli wacha lingga guuu lingga guuu', 'fcfbd6ea-1a11-4a38-b998-7c725e6f5adf', '98267294-eb49-438b-9a9b-9aabd24bb98d', '2025-04-10 21:32:41', '2025-04-10 21:32:41', NULL);
INSERT INTO `capaian_pembelajaran` VALUES ('f2bd1e94-6252-46ec-b4e7-03ddf5ed2fce', 'CP.Bahasa.02', 'Memahami konsep dasar aljabar1', 'Memahami konsep dasar aljabar', 'd15b96b5-e26b-4138-b998-81f753bf36e0', '98267294-eb49-438b-9a9b-9aabd24bb98d', '2025-04-10 20:36:15', '2025-04-14 18:48:22', '2025-04-14 18:48:22');
INSERT INTO `capaian_pembelajaran` VALUES ('f5924ef6-3055-4ba5-915e-7b85c04d6f8f', 'CP..04', NULL, 'Memahami konsep dasar aljabar', '4bfafb2b-78a9-4b39-8543-32e4844c51c8', '98267294-eb49-438b-9a9b-9aabd24bb98d', '2025-04-09 13:49:50', '2025-04-21 09:38:07', '2025-04-21 09:38:07');
INSERT INTO `capaian_pembelajaran` VALUES ('f70e785d-55d8-42df-8c0f-6a08ba4a7f4d', 'MP.02', 'Bab 2', 'Deskripsi Capaian Bab 2', 'd15b96b5-e26b-4138-b998-81f753bf36e0', '98267294-eb49-438b-9a9b-9aabd24bb98d', '2025-04-10 18:36:56', '2025-04-14 18:48:18', '2025-04-14 18:48:18');
INSERT INTO `capaian_pembelajaran` VALUES ('f74d1bf8-2b87-4928-b468-4a7bddf7de92', 'CP.Pancasila.05', 'Memahami konsep dasar aljabar5', 'Memahami konsep dasar aljabar', 'd220169c-f1e9-49fc-81e3-ddff790c6641', '98267294-eb49-438b-9a9b-9aabd24bb98d', '2025-04-10 21:17:54', '2025-04-10 21:17:54', NULL);
INSERT INTO `capaian_pembelajaran` VALUES ('f7a6e5e8-ee9e-48e2-8194-c6332d0dae6b', 'CP.Bahasa.20', 'Memahami konsep dasar aljabar6', 'Memahami konsep dasar aljabar', 'd906609d-1c2c-4b3b-8edd-57960f18f604', '98267294-eb49-438b-9a9b-9aabd24bb98d', '2025-04-10 21:16:37', '2025-04-10 21:27:50', '2025-04-10 21:27:50');
INSERT INTO `capaian_pembelajaran` VALUES ('f930373d-3914-4dec-b8ef-b2ab158f0f88', 'CP.Bahasa.04', 'Memahami konsep dasar aljabar3', 'Memahami konsep dasar aljabar', 'd15b96b5-e26b-4138-b998-81f753bf36e0', '98267294-eb49-438b-9a9b-9aabd24bb98d', '2025-04-10 20:36:15', '2025-04-14 18:48:10', '2025-04-14 18:48:10');
INSERT INTO `capaian_pembelajaran` VALUES ('f94e58c8-6ba1-42c2-ba85-d480c537df42', 'MP.03', 'asdasdasd', 'asdasd', 'fcfbd6ea-1a11-4a38-b998-7c725e6f5adf', '98267294-eb49-438b-9a9b-9aabd24bb98d', '2025-04-10 19:04:56', '2025-04-10 19:19:55', '2025-04-10 19:19:55');
INSERT INTO `capaian_pembelajaran` VALUES ('fa94acd0-df88-4516-93ff-f1d1f17f3920', 'CP.Matematika.11', 'Memahami konsep dasar aljabar3', 'Memahami konsep dasar aljabar', 'fcfbd6ea-1a11-4a38-b998-7c725e6f5adf', '98267294-eb49-438b-9a9b-9aabd24bb98d', '2025-04-10 21:35:18', '2025-04-10 21:35:18', NULL);
INSERT INTO `capaian_pembelajaran` VALUES ('fe9b3efc-7e43-4655-9019-8fa98a3dad0b', 'CP.Bahasa.05', 'Testing 1 2 3', 'Lingga guli guli guli wacha lingga guu lingga guu, lingga guli guli guli wacha lingga guu lingga guu', 'd906609d-1c2c-4b3b-8edd-57960f18f604', '98267294-eb49-438b-9a9b-9aabd24bb98d', '2025-04-10 19:21:30', '2025-04-10 19:21:30', NULL);
INSERT INTO `capaian_pembelajaran` VALUES ('ff83e5e9-e748-47b9-aff1-918b0ff44a15', 'CP.Matematika.23', 'AAAAA', 'AAAAAAAAAAAAAAAAAAAAAAAAAAAAAAAAAAAAAAAAAAAAAAAAAAAAAAAAAA', '4bfafb2b-78a9-4b39-8543-32e4844c51c8', '98267294-eb49-438b-9a9b-9aabd24bb98d', '2025-04-14 15:19:36', '2025-04-14 15:22:28', '2025-04-14 15:22:28');
INSERT INTO `capaian_pembelajaran` VALUES ('ffe6d5c6-1c69-4a66-8fa9-fa82668555ef', 'CP.Matematika.17', 'capaian baru', 'mewujudkan capaian agar tercapai', '4bfafb2b-78a9-4b39-8543-32e4844c51c8', '98267294-eb49-438b-9a9b-9aabd24bb98d', '2025-04-11 06:53:17', '2025-04-11 06:53:17', NULL);

-- ----------------------------
-- Table structure for guru
-- ----------------------------
DROP TABLE IF EXISTS `guru`;
CREATE TABLE `guru`  (
  `id` char(36) CHARACTER SET latin1 COLLATE latin1_general_ci NOT NULL,
  `nip` varchar(20) CHARACTER SET latin1 COLLATE latin1_general_ci NULL DEFAULT NULL,
  `nama` varchar(100) CHARACTER SET latin1 COLLATE latin1_general_ci NOT NULL,
  `email` varchar(100) CHARACTER SET latin1 COLLATE latin1_general_ci NOT NULL,
  `no_telp` varchar(20) CHARACTER SET latin1 COLLATE latin1_general_ci NULL DEFAULT NULL,
  `user_id` char(36) CHARACTER SET latin1 COLLATE latin1_general_ci NOT NULL,
  `sekolah_id` char(36) CHARACTER SET latin1 COLLATE latin1_general_ci NOT NULL,
  `created_at` timestamp NULL DEFAULT current_timestamp,
  `updated_at` timestamp NULL DEFAULT current_timestamp ON UPDATE CURRENT_TIMESTAMP,
  `deleted_at` timestamp NULL DEFAULT NULL,
  PRIMARY KEY (`id`) USING BTREE,
  UNIQUE INDEX `email`(`email` ASC) USING BTREE,
  UNIQUE INDEX `nip`(`nip` ASC, `sekolah_id` ASC) USING BTREE,
  INDEX `user_id`(`user_id` ASC) USING BTREE,
  INDEX `sekolah_id`(`sekolah_id` ASC) USING BTREE,
  CONSTRAINT `guru_ibfk_1` FOREIGN KEY (`user_id`) REFERENCES `users` (`id`) ON DELETE CASCADE ON UPDATE RESTRICT,
  CONSTRAINT `guru_ibfk_2` FOREIGN KEY (`sekolah_id`) REFERENCES `sekolah` (`id`) ON DELETE CASCADE ON UPDATE RESTRICT
) ENGINE = InnoDB CHARACTER SET = latin1 COLLATE = latin1_general_ci ROW_FORMAT = DYNAMIC;

-- ----------------------------
-- Records of guru
-- ----------------------------
INSERT INTO `guru` VALUES ('048ef323-4616-4625-b39d-a5adae84d48d', NULL, 'bekoy', 'gurukoy@mail.com', NULL, '869fc00e-f8dc-4ecf-94c8-e1c7b923fd1a', 'b29ce424-fc2d-4450-862a-fe403b1ade1f', '2025-04-10 21:39:51', '2025-04-10 21:39:51', NULL);
INSERT INTO `guru` VALUES ('0b027efa-0566-4ffa-b7aa-66be06723da1', '198703212011012003', 'Siti Rahayu', 'siti.rahayu@example.com', '082345678901', '26cd0a68-ab90-4397-8c0c-af35496a13ca', '98267294-eb49-438b-9a9b-9aabd24bb98d', '2025-03-26 05:49:34', '2025-03-26 05:49:34', NULL);
INSERT INTO `guru` VALUES ('86de71a6-0ae7-4981-ae26-1c3a21492f4b', NULL, 'Rany', 'Rany @gmail.com', NULL, 'e6ab9272-6b2e-49b2-886f-ee0c4f9354f6', '98267294-eb49-438b-9a9b-9aabd24bb98d', '2025-04-08 09:12:25', '2025-04-08 09:12:25', NULL);
INSERT INTO `guru` VALUES ('9f90701e-6b37-48f3-9c8f-78842ba9edac', '1234', 'Putri', 'putri@gmail.com', '0800001', 'd0269650-8027-4e48-b329-1e79c180ca7b', '98267294-eb49-438b-9a9b-9aabd24bb98d', '2025-04-08 09:17:23', '2025-04-19 17:03:36', NULL);
INSERT INTO `guru` VALUES ('d2e65ca3-b14d-4f45-858c-51072735ab1c', '00000000001', 'Cipher', 'cipher@mail.com', '089666666666', '1f36c732-e5b1-47bf-bc21-6108eeb5b374', '98267294-eb49-438b-9a9b-9aabd24bb98d', '2025-04-07 18:03:42', '2025-04-08 12:05:07', NULL);

-- ----------------------------
-- Table structure for kelas
-- ----------------------------
DROP TABLE IF EXISTS `kelas`;
CREATE TABLE `kelas`  (
  `id` char(36) CHARACTER SET latin1 COLLATE latin1_general_ci NOT NULL,
  `nama_kelas` varchar(50) CHARACTER SET latin1 COLLATE latin1_general_ci NOT NULL,
  `tingkat` varchar(20) CHARACTER SET latin1 COLLATE latin1_general_ci NOT NULL,
  `tahun` varchar(4) CHARACTER SET latin1 COLLATE latin1_general_ci NOT NULL,
  `guru_id` char(36) CHARACTER SET latin1 COLLATE latin1_general_ci NULL DEFAULT NULL,
  `sekolah_id` char(36) CHARACTER SET latin1 COLLATE latin1_general_ci NOT NULL,
  `created_at` timestamp NULL DEFAULT current_timestamp,
  `updated_at` timestamp NULL DEFAULT current_timestamp ON UPDATE CURRENT_TIMESTAMP,
  `deleted_at` timestamp NULL DEFAULT NULL,
  PRIMARY KEY (`id`) USING BTREE,
  INDEX `tahun`(`tahun` ASC) USING BTREE,
  INDEX `guru_id`(`guru_id` ASC) USING BTREE,
  INDEX `sekolah_id`(`sekolah_id` ASC) USING BTREE,
  INDEX `idx_kelas_tahun`(`tahun` ASC) USING BTREE,
  INDEX `nama_kelas`(`nama_kelas` ASC, `tahun` ASC, `sekolah_id` ASC) USING BTREE,
  CONSTRAINT `kelas_ibfk_1` FOREIGN KEY (`guru_id`) REFERENCES `guru` (`id`) ON DELETE SET NULL ON UPDATE RESTRICT,
  CONSTRAINT `kelas_ibfk_2` FOREIGN KEY (`sekolah_id`) REFERENCES `sekolah` (`id`) ON DELETE CASCADE ON UPDATE RESTRICT
) ENGINE = InnoDB CHARACTER SET = latin1 COLLATE = latin1_general_ci ROW_FORMAT = DYNAMIC;

-- ----------------------------
-- Records of kelas
-- ----------------------------
INSERT INTO `kelas` VALUES ('029e1b59-3894-4638-9ada-3f562849e106', 'Kelas 1', 'X', '2025', '9f90701e-6b37-48f3-9c8f-78842ba9edac', 'e8546a78-7a5a-47fc-86b9-f2b233a89e8b', '2025-03-26 16:33:20', '2025-04-17 16:12:42', NULL);
INSERT INTO `kelas` VALUES ('3e720b92-a2e5-4f19-937b-5f2b98b65281', 'Kelas 1 A', 'Kelas 1', '2025', '0b027efa-0566-4ffa-b7aa-66be06723da1', '98267294-eb49-438b-9a9b-9aabd24bb98d', '2025-04-07 18:06:00', '2025-04-07 18:06:00', NULL);
INSERT INTO `kelas` VALUES ('3f895914-5e19-44a4-be88-a84b4886a4f2', 'Kelas Bayangan', '0', '2025', NULL, '98267294-eb49-438b-9a9b-9aabd24bb98d', '2025-04-08 00:31:12', '2025-04-08 00:31:12', NULL);
INSERT INTO `kelas` VALUES ('8999c95d-b674-4c4e-94b7-e2ab9c1418df', 'Kelas 5 C', 'Kelas 5', '2021', '86de71a6-0ae7-4981-ae26-1c3a21492f4b', '98267294-eb49-438b-9a9b-9aabd24bb98d', '2025-04-08 09:13:16', '2025-04-08 09:13:16', NULL);
INSERT INTO `kelas` VALUES ('c23122f7-3354-48b7-9f58-c38880dab374', 'Kelas 1 - A', 'Kelas 1', '2025', NULL, '98267294-eb49-438b-9a9b-9aabd24bb98d', '2025-04-07 17:55:31', '2025-04-07 17:56:38', '2025-04-07 17:56:38');
INSERT INTO `kelas` VALUES ('d7744e74-9bd8-49ce-9099-34205e379f5d', 'Kelas 1 A', 'Kelas 1', '2025', '048ef323-4616-4625-b39d-a5adae84d48d', 'b29ce424-fc2d-4450-862a-fe403b1ade1f', '2025-04-10 21:41:02', '2025-04-10 21:41:02', NULL);
INSERT INTO `kelas` VALUES ('efc58d5b-7262-4af1-964a-e424fb85174a', 'Kelas 1 B', 'Kelas 1', '2025', 'd2e65ca3-b14d-4f45-858c-51072735ab1c', '98267294-eb49-438b-9a9b-9aabd24bb98d', '2025-04-07 18:03:53', '2025-04-07 18:05:51', NULL);

-- ----------------------------
-- Table structure for mata_pelajaran
-- ----------------------------
DROP TABLE IF EXISTS `mata_pelajaran`;
CREATE TABLE `mata_pelajaran`  (
  `id` char(36) CHARACTER SET latin1 COLLATE latin1_general_ci NOT NULL,
  `kode_mapel` varchar(255) CHARACTER SET latin1 COLLATE latin1_general_ci NOT NULL,
  `nama_mapel` varchar(100) CHARACTER SET latin1 COLLATE latin1_general_ci NOT NULL,
  `tingkat` varchar(20) CHARACTER SET latin1 COLLATE latin1_general_ci NOT NULL,
  `guru_id` char(36) CHARACTER SET latin1 COLLATE latin1_general_ci NOT NULL,
  `sekolah_id` char(36) CHARACTER SET latin1 COLLATE latin1_general_ci NOT NULL,
  `created_at` timestamp NULL DEFAULT current_timestamp,
  `updated_at` timestamp NULL DEFAULT current_timestamp ON UPDATE CURRENT_TIMESTAMP,
  `deleted_at` timestamp NULL DEFAULT NULL,
  PRIMARY KEY (`id`) USING BTREE,
  UNIQUE INDEX `kode_mapel`(`kode_mapel` ASC, `sekolah_id` ASC) USING BTREE,
  INDEX `sekolah_id`(`sekolah_id` ASC) USING BTREE,
  INDEX `idx_mapel_sekolah_tingkat`(`sekolah_id` ASC, `tingkat` ASC) USING BTREE,
  INDEX `mata_pelajaran_ibfk_2`(`guru_id` ASC) USING BTREE,
  CONSTRAINT `mata_pelajaran_ibfk_1` FOREIGN KEY (`sekolah_id`) REFERENCES `sekolah` (`id`) ON DELETE CASCADE ON UPDATE RESTRICT,
  CONSTRAINT `mata_pelajaran_ibfk_2` FOREIGN KEY (`guru_id`) REFERENCES `guru` (`id`) ON DELETE CASCADE ON UPDATE RESTRICT
) ENGINE = InnoDB CHARACTER SET = latin1 COLLATE = latin1_general_ci ROW_FORMAT = DYNAMIC;

-- ----------------------------
-- Records of mata_pelajaran
-- ----------------------------
INSERT INTO `mata_pelajaran` VALUES ('14ac468e-5c59-4b7d-b636-d336b1afda0b', 'PSSU663', 'sjsndhdkebe 1 B', 'Kelas 1 B', 'd2e65ca3-b14d-4f45-858c-51072735ab1c', '98267294-eb49-438b-9a9b-9aabd24bb98d', '2025-04-08 07:46:46', '2025-04-08 07:46:53', '2025-04-08 07:46:53');
INSERT INTO `mata_pelajaran` VALUES ('4bfafb2b-78a9-4b39-8543-32e4844c51c8', '4ae0ab25-26b1-464d-9758-f1786398cb39', 'Matematika 1 A', 'Kelas 1 A', '0b027efa-0566-4ffa-b7aa-66be06723da1', 'e8546a78-7a5a-47fc-86b9-f2b233a89e8b', '2025-03-28 19:04:04', '2025-04-10 16:55:24', NULL);
INSERT INTO `mata_pelajaran` VALUES ('78cf1898-d80d-41cb-a330-3c21108e2390', 'VGWX239', 'IPA 1 A', 'Kelas 1 A', 'd2e65ca3-b14d-4f45-858c-51072735ab1c', '98267294-eb49-438b-9a9b-9aabd24bb98d', '2025-04-07 18:04:11', '2025-04-07 18:06:12', '2025-04-07 18:06:12');
INSERT INTO `mata_pelajaran` VALUES ('d15b96b5-e26b-4138-b998-81f753bf36e0', 'MHCA731', 'Bahasa Indonesia 1 A', 'Kelas 1 A', '0b027efa-0566-4ffa-b7aa-66be06723da1', '98267294-eb49-438b-9a9b-9aabd24bb98d', '2025-04-07 18:07:45', '2025-04-07 18:07:45', NULL);
INSERT INTO `mata_pelajaran` VALUES ('d220169c-f1e9-49fc-81e3-ddff790c6641', 'PUPJ366', 'Pancasila 5 C', 'Kelas 5 C', '0b027efa-0566-4ffa-b7aa-66be06723da1', '98267294-eb49-438b-9a9b-9aabd24bb98d', '2025-04-08 09:14:34', '2025-04-10 21:17:43', NULL);
INSERT INTO `mata_pelajaran` VALUES ('d906609d-1c2c-4b3b-8edd-57960f18f604', 'ZTJX453', 'Bahasa Sunda 1 A', 'Kelas 1 A', '0b027efa-0566-4ffa-b7aa-66be06723da1', '98267294-eb49-438b-9a9b-9aabd24bb98d', '2025-04-07 18:07:45', '2025-04-07 18:07:45', NULL);
INSERT INTO `mata_pelajaran` VALUES ('f8751368-6dfa-479c-a541-f3986334a872', 'ZWNS460', 'testmatkul 1 A', 'Kelas 1 A', '048ef323-4616-4625-b39d-a5adae84d48d', 'b29ce424-fc2d-4450-862a-fe403b1ade1f', '2025-04-10 21:41:26', '2025-04-10 21:41:26', NULL);
INSERT INTO `mata_pelajaran` VALUES ('fcfbd6ea-1a11-4a38-b998-7c725e6f5adf', 'WEFA791', 'Matematika 1 A', 'Kelas 1 A', '0b027efa-0566-4ffa-b7aa-66be06723da1', '98267294-eb49-438b-9a9b-9aabd24bb98d', '2025-04-07 18:07:29', '2025-04-07 18:07:29', NULL);

-- ----------------------------
-- Table structure for migrations
-- ----------------------------
DROP TABLE IF EXISTS `migrations`;
CREATE TABLE `migrations`  (
  `id` int UNSIGNED NOT NULL AUTO_INCREMENT,
  `migration` varchar(255) CHARACTER SET utf8mb4 COLLATE utf8mb4_unicode_ci NOT NULL,
  `batch` int NOT NULL,
  PRIMARY KEY (`id`) USING BTREE
) ENGINE = InnoDB AUTO_INCREMENT = 1 CHARACTER SET = utf8mb4 COLLATE = utf8mb4_unicode_ci ROW_FORMAT = DYNAMIC;

-- ----------------------------
-- Records of migrations
-- ----------------------------

-- ----------------------------
-- Table structure for nilai_siswa
-- ----------------------------
DROP TABLE IF EXISTS `nilai_siswa`;
CREATE TABLE `nilai_siswa`  (
  `id` char(36) CHARACTER SET latin1 COLLATE latin1_general_ci NOT NULL,
  `siswa_id` char(36) CHARACTER SET latin1 COLLATE latin1_general_ci NOT NULL,
  `tp_id` char(36) CHARACTER SET latin1 COLLATE latin1_general_ci NOT NULL,
  `nilai` decimal(5, 2) NOT NULL,
  `created_by` char(36) CHARACTER SET latin1 COLLATE latin1_general_ci NOT NULL,
  `sekolah_id` char(36) CHARACTER SET latin1 COLLATE latin1_general_ci NOT NULL,
  `created_at` timestamp NULL DEFAULT current_timestamp,
  `updated_at` timestamp NULL DEFAULT current_timestamp ON UPDATE CURRENT_TIMESTAMP,
  PRIMARY KEY (`id`) USING BTREE,
  UNIQUE INDEX `siswa_id`(`siswa_id` ASC, `tp_id` ASC, `sekolah_id` ASC) USING BTREE,
  INDEX `tp_id`(`tp_id` ASC) USING BTREE,
  INDEX `created_by`(`created_by` ASC) USING BTREE,
  INDEX `sekolah_id`(`sekolah_id` ASC) USING BTREE,
  INDEX `idx_nilai_siswa_tp`(`siswa_id` ASC, `tp_id` ASC) USING BTREE,
  CONSTRAINT `nilai_siswa_ibfk_1` FOREIGN KEY (`siswa_id`) REFERENCES `siswa` (`id`) ON DELETE CASCADE ON UPDATE RESTRICT,
  CONSTRAINT `nilai_siswa_ibfk_2` FOREIGN KEY (`tp_id`) REFERENCES `tujuan_pembelajaran` (`id`) ON DELETE CASCADE ON UPDATE RESTRICT,
  CONSTRAINT `nilai_siswa_ibfk_3` FOREIGN KEY (`created_by`) REFERENCES `users` (`id`) ON DELETE CASCADE ON UPDATE RESTRICT,
  CONSTRAINT `nilai_siswa_ibfk_4` FOREIGN KEY (`sekolah_id`) REFERENCES `sekolah` (`id`) ON DELETE CASCADE ON UPDATE RESTRICT
) ENGINE = InnoDB CHARACTER SET = latin1 COLLATE = latin1_general_ci ROW_FORMAT = DYNAMIC;

-- ----------------------------
-- Records of nilai_siswa
-- ----------------------------
INSERT INTO `nilai_siswa` VALUES ('07d01f1b-37e5-4594-b70b-5929255cf582', 'cc1cc49a-aa97-46cd-95d1-8971b57f7f21', '1a4a7f0a-36e1-4c15-bd46-d5724f29b1cd', 13.00, '26cd0a68-ab90-4397-8c0c-af35496a13ca', '98267294-eb49-438b-9a9b-9aabd24bb98d', '2025-04-14 13:11:34', '2025-04-14 13:11:34');
INSERT INTO `nilai_siswa` VALUES ('0ea7874b-ac73-40db-a954-20429576766a', 'c0c01275-e345-4709-8bdd-32d77b0df52f', '81adecb1-f15a-4025-abb8-c5fa410830dd', 66.00, '26cd0a68-ab90-4397-8c0c-af35496a13ca', '98267294-eb49-438b-9a9b-9aabd24bb98d', '2025-04-14 20:18:38', '2025-04-14 20:18:38');
INSERT INTO `nilai_siswa` VALUES ('190f74f4-0a23-47f8-b421-66488743174a', '384e1ab5-97c9-4ce5-8e83-011f67e10a1d', 'f54fa0b1-7c24-4d66-ad06-da145cb1c9b8', 99.00, '26cd0a68-ab90-4397-8c0c-af35496a13ca', '98267294-eb49-438b-9a9b-9aabd24bb98d', '2025-04-14 14:55:46', '2025-04-14 14:56:37');
INSERT INTO `nilai_siswa` VALUES ('1925580a-63d3-4143-aa21-9783ca0b8850', 'a994306e-dd15-403c-84b4-2ed4e0058bfc', '0a6a2da5-c033-420d-a8b2-e3609a4baf24', 14.00, '26cd0a68-ab90-4397-8c0c-af35496a13ca', '98267294-eb49-438b-9a9b-9aabd24bb98d', '2025-04-14 13:16:03', '2025-04-14 13:16:03');
INSERT INTO `nilai_siswa` VALUES ('2ac8815b-a642-47eb-9608-f36ee6bbb51c', 'c0c01275-e345-4709-8bdd-32d77b0df52f', '1a4a7f0a-36e1-4c15-bd46-d5724f29b1cd', 15.00, '26cd0a68-ab90-4397-8c0c-af35496a13ca', '98267294-eb49-438b-9a9b-9aabd24bb98d', '2025-04-14 13:11:34', '2025-04-14 13:11:34');
INSERT INTO `nilai_siswa` VALUES ('2b198ed9-92ee-4adc-9af6-790f7fb6da7a', '0ebd0cb8-59ee-44b4-a388-43ca01abe245', '3c4b7c0a-e56f-421f-82a0-2800909bda9a', 85.00, '26cd0a68-ab90-4397-8c0c-af35496a13ca', '98267294-eb49-438b-9a9b-9aabd24bb98d', '2025-04-23 21:00:46', '2025-04-23 21:00:46');
INSERT INTO `nilai_siswa` VALUES ('304bb18a-4082-47dd-9a7d-5b1c55836a01', '384e1ab5-97c9-4ce5-8e83-011f67e10a1d', '612aa9e4-d6ac-4789-8bb9-1b3b17c3cf0e', 15.00, '26cd0a68-ab90-4397-8c0c-af35496a13ca', '98267294-eb49-438b-9a9b-9aabd24bb98d', '2025-04-14 13:06:27', '2025-04-14 19:48:28');
INSERT INTO `nilai_siswa` VALUES ('366e28d3-7465-4b56-a05d-f96893fc5932', 'c0c01275-e345-4709-8bdd-32d77b0df52f', 'f54fa0b1-7c24-4d66-ad06-da145cb1c9b8', 66.00, '26cd0a68-ab90-4397-8c0c-af35496a13ca', '98267294-eb49-438b-9a9b-9aabd24bb98d', '2025-04-14 14:55:46', '2025-04-14 14:56:37');
INSERT INTO `nilai_siswa` VALUES ('3899f3da-5d5d-4cdd-bee5-75b5f7e24349', '384e1ab5-97c9-4ce5-8e83-011f67e10a1d', '3c4b7c0a-e56f-421f-82a0-2800909bda9a', 90.00, '26cd0a68-ab90-4397-8c0c-af35496a13ca', '98267294-eb49-438b-9a9b-9aabd24bb98d', '2025-04-23 21:00:46', '2025-04-23 21:00:46');
INSERT INTO `nilai_siswa` VALUES ('430e560c-8f2e-474e-b115-9c419038a1a8', '384e1ab5-97c9-4ce5-8e83-011f67e10a1d', '0a6a2da5-c033-420d-a8b2-e3609a4baf24', 12.00, '26cd0a68-ab90-4397-8c0c-af35496a13ca', '98267294-eb49-438b-9a9b-9aabd24bb98d', '2025-04-14 13:16:03', '2025-04-14 13:16:03');
INSERT INTO `nilai_siswa` VALUES ('558b5586-3cad-411d-b7b2-9399f37b2ec6', 'c0c01275-e345-4709-8bdd-32d77b0df52f', '612aa9e4-d6ac-4789-8bb9-1b3b17c3cf0e', 15.00, '26cd0a68-ab90-4397-8c0c-af35496a13ca', '98267294-eb49-438b-9a9b-9aabd24bb98d', '2025-04-14 13:06:29', '2025-04-14 19:48:28');
INSERT INTO `nilai_siswa` VALUES ('59e1b9a9-418f-4238-af74-6983e9cefff0', 'c0c01275-e345-4709-8bdd-32d77b0df52f', '486d7e59-42ea-4167-9fff-e2234a2a55ea', 13.00, '26cd0a68-ab90-4397-8c0c-af35496a13ca', '98267294-eb49-438b-9a9b-9aabd24bb98d', '2025-04-14 14:40:10', '2025-04-14 14:40:10');
INSERT INTO `nilai_siswa` VALUES ('5e04216c-3e9a-4eea-8352-2c50992e6b1b', 'cc1cc49a-aa97-46cd-95d1-8971b57f7f21', '612aa9e4-d6ac-4789-8bb9-1b3b17c3cf0e', 15.00, '26cd0a68-ab90-4397-8c0c-af35496a13ca', '98267294-eb49-438b-9a9b-9aabd24bb98d', '2025-04-14 13:06:27', '2025-04-14 19:48:28');
INSERT INTO `nilai_siswa` VALUES ('6318cfa3-eae7-4870-9f7c-b9e3b399edae', 'c0c01275-e345-4709-8bdd-32d77b0df52f', '108cd2cc-d2a3-486b-9951-62605a92496f', 18.00, '26cd0a68-ab90-4397-8c0c-af35496a13ca', '98267294-eb49-438b-9a9b-9aabd24bb98d', '2025-04-14 13:17:52', '2025-04-14 13:19:43');
INSERT INTO `nilai_siswa` VALUES ('64d63ba3-e79b-4f66-a74a-8143bf97c96c', '384e1ab5-97c9-4ce5-8e83-011f67e10a1d', '1a4a7f0a-36e1-4c15-bd46-d5724f29b1cd', 12.00, '26cd0a68-ab90-4397-8c0c-af35496a13ca', '98267294-eb49-438b-9a9b-9aabd24bb98d', '2025-04-14 13:11:34', '2025-04-14 13:11:34');
INSERT INTO `nilai_siswa` VALUES ('73550e0a-c23e-47f6-98da-de465aa37f2e', '384e1ab5-97c9-4ce5-8e83-011f67e10a1d', '81adecb1-f15a-4025-abb8-c5fa410830dd', 80.00, '26cd0a68-ab90-4397-8c0c-af35496a13ca', '98267294-eb49-438b-9a9b-9aabd24bb98d', '2025-04-14 20:18:38', '2025-04-14 20:18:38');
INSERT INTO `nilai_siswa` VALUES ('7e3ed05b-512f-4ab9-a68b-b61769179e70', '384e1ab5-97c9-4ce5-8e83-011f67e10a1d', '486d7e59-42ea-4167-9fff-e2234a2a55ea', 10.00, '26cd0a68-ab90-4397-8c0c-af35496a13ca', '98267294-eb49-438b-9a9b-9aabd24bb98d', '2025-04-14 14:40:10', '2025-04-14 14:40:10');
INSERT INTO `nilai_siswa` VALUES ('83d2a3ed-147b-42e5-a560-445d81f24f22', 'cc1cc49a-aa97-46cd-95d1-8971b57f7f21', '81adecb1-f15a-4025-abb8-c5fa410830dd', 90.00, '26cd0a68-ab90-4397-8c0c-af35496a13ca', '98267294-eb49-438b-9a9b-9aabd24bb98d', '2025-04-14 20:18:38', '2025-04-14 20:18:38');
INSERT INTO `nilai_siswa` VALUES ('8faa1972-f7ac-474b-b019-f1e4aa6c7d20', 'cc1cc49a-aa97-46cd-95d1-8971b57f7f21', 'f54fa0b1-7c24-4d66-ad06-da145cb1c9b8', 50.00, '26cd0a68-ab90-4397-8c0c-af35496a13ca', '98267294-eb49-438b-9a9b-9aabd24bb98d', '2025-04-14 14:55:46', '2025-04-14 14:56:37');
INSERT INTO `nilai_siswa` VALUES ('9be67170-67fc-4880-a495-9eed06395c3c', 'a994306e-dd15-403c-84b4-2ed4e0058bfc', '1a4a7f0a-36e1-4c15-bd46-d5724f29b1cd', 14.00, '26cd0a68-ab90-4397-8c0c-af35496a13ca', '98267294-eb49-438b-9a9b-9aabd24bb98d', '2025-04-14 13:11:34', '2025-04-14 13:11:34');
INSERT INTO `nilai_siswa` VALUES ('a3102636-1acf-49ad-b4b9-8194b4a5e7ec', 'a994306e-dd15-403c-84b4-2ed4e0058bfc', '486d7e59-42ea-4167-9fff-e2234a2a55ea', 12.00, '26cd0a68-ab90-4397-8c0c-af35496a13ca', '98267294-eb49-438b-9a9b-9aabd24bb98d', '2025-04-14 14:40:10', '2025-04-14 14:40:10');
INSERT INTO `nilai_siswa` VALUES ('a48fe9f8-ea72-4d5a-8f18-f6e3f38dca89', '384e1ab5-97c9-4ce5-8e83-011f67e10a1d', '38cefb2b-4166-4d7f-9175-1e7061ca4a85', 90.00, '26cd0a68-ab90-4397-8c0c-af35496a13ca', '98267294-eb49-438b-9a9b-9aabd24bb98d', '2025-04-10 17:52:13', '2025-04-10 17:52:13');
INSERT INTO `nilai_siswa` VALUES ('a49a04c7-5d70-41ab-bd61-62fee35324c8', 'c0c01275-e345-4709-8bdd-32d77b0df52f', '0a6a2da5-c033-420d-a8b2-e3609a4baf24', 15.00, '26cd0a68-ab90-4397-8c0c-af35496a13ca', '98267294-eb49-438b-9a9b-9aabd24bb98d', '2025-04-14 13:16:03', '2025-04-14 13:16:03');
INSERT INTO `nilai_siswa` VALUES ('a5cf3498-548c-407e-bdc7-6885ddddc5ac', 'cc1cc49a-aa97-46cd-95d1-8971b57f7f21', '486d7e59-42ea-4167-9fff-e2234a2a55ea', 11.00, '26cd0a68-ab90-4397-8c0c-af35496a13ca', '98267294-eb49-438b-9a9b-9aabd24bb98d', '2025-04-14 14:40:10', '2025-04-14 14:40:10');
INSERT INTO `nilai_siswa` VALUES ('a5f669b2-6d5a-4863-88d1-cf0754cd398c', 'a994306e-dd15-403c-84b4-2ed4e0058bfc', '612aa9e4-d6ac-4789-8bb9-1b3b17c3cf0e', 15.00, '26cd0a68-ab90-4397-8c0c-af35496a13ca', '98267294-eb49-438b-9a9b-9aabd24bb98d', '2025-04-14 13:06:28', '2025-04-14 19:48:28');
INSERT INTO `nilai_siswa` VALUES ('ad25fecb-e388-4d28-b1ce-9ecd96df9305', 'a994306e-dd15-403c-84b4-2ed4e0058bfc', '108cd2cc-d2a3-486b-9951-62605a92496f', 17.00, '26cd0a68-ab90-4397-8c0c-af35496a13ca', '98267294-eb49-438b-9a9b-9aabd24bb98d', '2025-04-14 13:17:52', '2025-04-14 13:19:43');
INSERT INTO `nilai_siswa` VALUES ('adeb40f0-4d61-40fb-9f41-85993f1acebf', 'a994306e-dd15-403c-84b4-2ed4e0058bfc', '81adecb1-f15a-4025-abb8-c5fa410830dd', 75.00, '26cd0a68-ab90-4397-8c0c-af35496a13ca', '98267294-eb49-438b-9a9b-9aabd24bb98d', '2025-04-14 20:18:38', '2025-04-14 20:18:38');
INSERT INTO `nilai_siswa` VALUES ('c24fb2f0-9984-411f-8f5a-a40c70695074', 'cc1cc49a-aa97-46cd-95d1-8971b57f7f21', '0a6a2da5-c033-420d-a8b2-e3609a4baf24', 13.00, '26cd0a68-ab90-4397-8c0c-af35496a13ca', '98267294-eb49-438b-9a9b-9aabd24bb98d', '2025-04-14 13:16:03', '2025-04-14 13:16:03');
INSERT INTO `nilai_siswa` VALUES ('c3cbce11-e388-4401-8b62-c20ce4e32c29', 'a994306e-dd15-403c-84b4-2ed4e0058bfc', 'f54fa0b1-7c24-4d66-ad06-da145cb1c9b8', 80.00, '26cd0a68-ab90-4397-8c0c-af35496a13ca', '98267294-eb49-438b-9a9b-9aabd24bb98d', '2025-04-14 14:55:46', '2025-04-14 14:56:37');
INSERT INTO `nilai_siswa` VALUES ('d2163d8b-e87d-4f4c-8faa-613994679b0c', '384e1ab5-97c9-4ce5-8e83-011f67e10a1d', '108cd2cc-d2a3-486b-9951-62605a92496f', 15.00, '26cd0a68-ab90-4397-8c0c-af35496a13ca', '98267294-eb49-438b-9a9b-9aabd24bb98d', '2025-04-14 13:17:52', '2025-04-14 13:19:43');
INSERT INTO `nilai_siswa` VALUES ('d3efc94c-d5c1-4674-b3d6-8864c7450c63', 'cc1cc49a-aa97-46cd-95d1-8971b57f7f21', '108cd2cc-d2a3-486b-9951-62605a92496f', 16.00, '26cd0a68-ab90-4397-8c0c-af35496a13ca', '98267294-eb49-438b-9a9b-9aabd24bb98d', '2025-04-14 13:17:52', '2025-04-14 13:19:43');
INSERT INTO `nilai_siswa` VALUES ('d6cb0eb0-4154-482f-9b98-ee9bef2ba1a4', '384e1ab5-97c9-4ce5-8e83-011f67e10a1d', '67c32a89-0619-4066-9fa7-831df540fc8a', 89.00, '26cd0a68-ab90-4397-8c0c-af35496a13ca', '98267294-eb49-438b-9a9b-9aabd24bb98d', '2025-04-21 09:46:04', '2025-04-21 09:46:04');
INSERT INTO `nilai_siswa` VALUES ('df0a9f71-ae10-4dd8-af6a-0e3039662ea9', '0ebd0cb8-59ee-44b4-a388-43ca01abe245', '38cefb2b-4166-4d7f-9175-1e7061ca4a85', 85.00, '26cd0a68-ab90-4397-8c0c-af35496a13ca', '98267294-eb49-438b-9a9b-9aabd24bb98d', '2025-04-10 17:52:13', '2025-04-10 17:52:13');

-- ----------------------------
-- Table structure for pertemuan
-- ----------------------------
DROP TABLE IF EXISTS `pertemuan`;
CREATE TABLE `pertemuan`  (
  `id` char(36) CHARACTER SET latin1 COLLATE latin1_general_ci NOT NULL,
  `kelas_id` char(36) CHARACTER SET latin1 COLLATE latin1_general_ci NOT NULL,
  `mata_pelajaran_id` char(36) CHARACTER SET latin1 COLLATE latin1_general_ci NOT NULL,
  `guru_id` char(36) CHARACTER SET latin1 COLLATE latin1_general_ci NOT NULL,
  `tanggal` date NOT NULL,
  `pertemuan_ke` int NOT NULL,
  `materi` varchar(255) CHARACTER SET latin1 COLLATE latin1_general_ci NOT NULL,
  `sekolah_id` char(36) CHARACTER SET latin1 COLLATE latin1_general_ci NOT NULL,
  `created_by` char(36) CHARACTER SET latin1 COLLATE latin1_general_ci NOT NULL,
  `created_at` timestamp NULL DEFAULT current_timestamp,
  `updated_at` timestamp NULL DEFAULT current_timestamp ON UPDATE CURRENT_TIMESTAMP,
  PRIMARY KEY (`id`) USING BTREE,
  INDEX `kelas_id`(`kelas_id` ASC) USING BTREE,
  INDEX `mata_pelajaran_id`(`mata_pelajaran_id` ASC) USING BTREE,
  INDEX `guru_id`(`guru_id` ASC) USING BTREE,
  INDEX `sekolah_id`(`sekolah_id` ASC) USING BTREE,
  INDEX `created_by`(`created_by` ASC) USING BTREE,
  INDEX `idx_pertemuan_tanggal`(`tanggal` ASC) USING BTREE,
  CONSTRAINT `pertemuan_ibfk_1` FOREIGN KEY (`kelas_id`) REFERENCES `kelas` (`id`) ON DELETE CASCADE ON UPDATE RESTRICT,
  CONSTRAINT `pertemuan_ibfk_2` FOREIGN KEY (`mata_pelajaran_id`) REFERENCES `mata_pelajaran` (`id`) ON DELETE CASCADE ON UPDATE RESTRICT,
  CONSTRAINT `pertemuan_ibfk_3` FOREIGN KEY (`guru_id`) REFERENCES `guru` (`id`) ON DELETE CASCADE ON UPDATE RESTRICT,
  CONSTRAINT `pertemuan_ibfk_4` FOREIGN KEY (`sekolah_id`) REFERENCES `sekolah` (`id`) ON DELETE CASCADE ON UPDATE RESTRICT,
  CONSTRAINT `pertemuan_ibfk_5` FOREIGN KEY (`created_by`) REFERENCES `users` (`id`) ON DELETE CASCADE ON UPDATE RESTRICT
) ENGINE = InnoDB CHARACTER SET = latin1 COLLATE = latin1_general_ci ROW_FORMAT = Dynamic;

-- ----------------------------
-- Records of pertemuan
-- ----------------------------

-- ----------------------------
-- Table structure for pertemuan_bulanan
-- ----------------------------
DROP TABLE IF EXISTS `pertemuan_bulanan`;
CREATE TABLE `pertemuan_bulanan`  (
  `id` char(36) CHARACTER SET latin1 COLLATE latin1_general_ci NOT NULL,
  `kelas_id` char(36) CHARACTER SET latin1 COLLATE latin1_general_ci NOT NULL,
  `mata_pelajaran_id` char(36) CHARACTER SET latin1 COLLATE latin1_general_ci NOT NULL,
  `bulan` tinyint NOT NULL,
  `tahun` smallint NOT NULL,
  `total_pertemuan` tinyint NOT NULL,
  `created_by` char(36) CHARACTER SET latin1 COLLATE latin1_general_ci NOT NULL,
  `sekolah_id` char(36) CHARACTER SET latin1 COLLATE latin1_general_ci NOT NULL,
  `created_at` timestamp NULL DEFAULT current_timestamp,
  `updated_at` timestamp NULL DEFAULT current_timestamp ON UPDATE CURRENT_TIMESTAMP,
  PRIMARY KEY (`id`) USING BTREE,
  UNIQUE INDEX `pertemuan_bulanan_unique`(`kelas_id` ASC, `mata_pelajaran_id` ASC, `bulan` ASC, `tahun` ASC, `sekolah_id` ASC) USING BTREE,
  INDEX `created_by`(`created_by` ASC) USING BTREE,
  INDEX `sekolah_id`(`sekolah_id` ASC) USING BTREE,
  INDEX `mata_pelajaran_id`(`mata_pelajaran_id` ASC) USING BTREE,
  CONSTRAINT `pertemuan_bulanan_ibfk_1` FOREIGN KEY (`kelas_id`) REFERENCES `kelas` (`id`) ON DELETE CASCADE ON UPDATE RESTRICT,
  CONSTRAINT `pertemuan_bulanan_ibfk_2` FOREIGN KEY (`created_by`) REFERENCES `users` (`id`) ON DELETE CASCADE ON UPDATE RESTRICT,
  CONSTRAINT `pertemuan_bulanan_ibfk_3` FOREIGN KEY (`sekolah_id`) REFERENCES `sekolah` (`id`) ON DELETE CASCADE ON UPDATE RESTRICT
) ENGINE = InnoDB CHARACTER SET = latin1 COLLATE = latin1_general_ci ROW_FORMAT = DYNAMIC;

-- ----------------------------
-- Records of pertemuan_bulanan
-- ----------------------------
INSERT INTO `pertemuan_bulanan` VALUES ('4441c663-a4ea-4f93-ae90-8bcd5a5f83db', '3e720b92-a2e5-4f19-937b-5f2b98b65281', '4bfafb2b-78a9-4b39-8543-32e4844c51c8', 3, 2025, 28, '869fc00e-f8dc-4ecf-94c8-e1c7b923fd1a', 'b29ce424-fc2d-4450-862a-fe403b1ade1f', '2025-04-20 14:11:21', '2025-04-20 14:11:21');
INSERT INTO `pertemuan_bulanan` VALUES ('53f66e39-77f9-4659-97df-3591e671fd7d', '3e720b92-a2e5-4f19-937b-5f2b98b65281', 'd906609d-1c2c-4b3b-8edd-57960f18f604', 4, 2025, 28, '26cd0a68-ab90-4397-8c0c-af35496a13ca', '98267294-eb49-438b-9a9b-9aabd24bb98d', '2025-04-20 18:42:44', '2025-04-20 18:42:44');
INSERT INTO `pertemuan_bulanan` VALUES ('59204e5c-710f-4da7-9e49-94979df41558', '3e720b92-a2e5-4f19-937b-5f2b98b65281', 'fcfbd6ea-1a11-4a38-b998-7c725e6f5adf', 4, 2025, 30, '26cd0a68-ab90-4397-8c0c-af35496a13ca', '98267294-eb49-438b-9a9b-9aabd24bb98d', '2025-04-20 14:56:13', '2025-04-20 14:56:13');
INSERT INTO `pertemuan_bulanan` VALUES ('849a60d4-7e28-4074-8b91-e44470406a94', '3e720b92-a2e5-4f19-937b-5f2b98b65281', '14ac468e-5c59-4b7d-b636-d336b1afda0b', 1, 2025, 30, '869fc00e-f8dc-4ecf-94c8-e1c7b923fd1a', 'b29ce424-fc2d-4450-862a-fe403b1ade1f', '2025-04-20 14:44:42', '2025-04-20 14:44:42');
INSERT INTO `pertemuan_bulanan` VALUES ('8ae4575e-ddd0-468d-a4f4-a51ea05f5080', '3e720b92-a2e5-4f19-937b-5f2b98b65281', '4bfafb2b-78a9-4b39-8543-32e4844c51c8', 1, 2025, 30, '26cd0a68-ab90-4397-8c0c-af35496a13ca', '98267294-eb49-438b-9a9b-9aabd24bb98d', '2025-04-20 13:48:11', '2025-04-20 13:48:11');
INSERT INTO `pertemuan_bulanan` VALUES ('a47085a0-3b4c-46b7-a96e-7f3972e2b6ca', '3e720b92-a2e5-4f19-937b-5f2b98b65281', '78cf1898-d80d-41cb-a330-3c21108e2390', 1, 2025, 30, '869fc00e-f8dc-4ecf-94c8-e1c7b923fd1a', 'b29ce424-fc2d-4450-862a-fe403b1ade1f', '2025-04-20 14:44:32', '2025-04-20 14:44:32');
INSERT INTO `pertemuan_bulanan` VALUES ('bcdc725c-eeab-492a-8045-aa55d9e1d21a', '3e720b92-a2e5-4f19-937b-5f2b98b65281', 'd15b96b5-e26b-4138-b998-81f753bf36e0', 6, 2025, 30, '26cd0a68-ab90-4397-8c0c-af35496a13ca', '98267294-eb49-438b-9a9b-9aabd24bb98d', '2025-04-20 13:58:06', '2025-04-20 13:58:06');
INSERT INTO `pertemuan_bulanan` VALUES ('e25a7975-5799-4dd4-89fd-ea2891c46335', '3e720b92-a2e5-4f19-937b-5f2b98b65281', '4bfafb2b-78a9-4b39-8543-32e4844c51c8', 2, 2025, 30, '26cd0a68-ab90-4397-8c0c-af35496a13ca', '98267294-eb49-438b-9a9b-9aabd24bb98d', '2025-04-20 13:50:04', '2025-04-20 13:50:04');
INSERT INTO `pertemuan_bulanan` VALUES ('f45ed25d-0849-47e4-81b2-df7fdf35d87c', '3e720b92-a2e5-4f19-937b-5f2b98b65281', '4bfafb2b-78a9-4b39-8543-32e4844c51c8', 1, 2025, 30, '869fc00e-f8dc-4ecf-94c8-e1c7b923fd1a', 'b29ce424-fc2d-4450-862a-fe403b1ade1f', '2025-04-20 14:44:39', '2025-04-20 14:44:39');
INSERT INTO `pertemuan_bulanan` VALUES ('fd94769c-c4c8-48ad-976b-fcedf2a4465d', '3e720b92-a2e5-4f19-937b-5f2b98b65281', '4bfafb2b-78a9-4b39-8543-32e4844c51c8', 3, 2025, 20, '26cd0a68-ab90-4397-8c0c-af35496a13ca', '98267294-eb49-438b-9a9b-9aabd24bb98d', '2025-04-20 13:52:44', '2025-04-20 13:52:44');
INSERT INTO `pertemuan_bulanan` VALUES ('feb3db6c-ee6e-41a6-838c-497ad15efc71', '3e720b92-a2e5-4f19-937b-5f2b98b65281', '4bfafb2b-78a9-4b39-8543-32e4844c51c8', 4, 2025, 30, '26cd0a68-ab90-4397-8c0c-af35496a13ca', '98267294-eb49-438b-9a9b-9aabd24bb98d', '2025-04-20 15:40:49', '2025-04-20 15:40:49');

-- ----------------------------
-- Table structure for sekolah
-- ----------------------------
DROP TABLE IF EXISTS `sekolah`;
CREATE TABLE `sekolah`  (
  `id` char(36) CHARACTER SET latin1 COLLATE latin1_general_ci NOT NULL,
  `nama_sekolah` varchar(100) CHARACTER SET latin1 COLLATE latin1_general_ci NOT NULL,
  `npsn` varchar(20) CHARACTER SET latin1 COLLATE latin1_general_ci NOT NULL COMMENT 'Nomor Pokok Sekolah Nasional',
  `alamat` text CHARACTER SET latin1 COLLATE latin1_general_ci NOT NULL,
  `kota` varchar(50) CHARACTER SET latin1 COLLATE latin1_general_ci NOT NULL,
  `provinsi` varchar(50) CHARACTER SET latin1 COLLATE latin1_general_ci NOT NULL,
  `kode_pos` varchar(10) CHARACTER SET latin1 COLLATE latin1_general_ci NULL DEFAULT NULL,
  `no_telp` varchar(20) CHARACTER SET latin1 COLLATE latin1_general_ci NULL DEFAULT NULL,
  `email` varchar(100) CHARACTER SET latin1 COLLATE latin1_general_ci NULL DEFAULT NULL,
  `website` varchar(100) CHARACTER SET latin1 COLLATE latin1_general_ci NULL DEFAULT NULL,
  `kepala_sekolah` varchar(100) CHARACTER SET latin1 COLLATE latin1_general_ci NULL DEFAULT NULL,
  `logo` varchar(255) CHARACTER SET latin1 COLLATE latin1_general_ci NULL DEFAULT NULL,
  `is_active` tinyint(1) NOT NULL DEFAULT 1,
  `created_at` timestamp NULL DEFAULT current_timestamp,
  `updated_at` timestamp NULL DEFAULT current_timestamp ON UPDATE CURRENT_TIMESTAMP,
  `deleted_at` timestamp NULL DEFAULT NULL,
  PRIMARY KEY (`id`) USING BTREE,
  UNIQUE INDEX `npsn`(`npsn` ASC) USING BTREE
) ENGINE = InnoDB CHARACTER SET = latin1 COLLATE = latin1_general_ci ROW_FORMAT = DYNAMIC;

-- ----------------------------
-- Records of sekolah
-- ----------------------------
INSERT INTO `sekolah` VALUES ('0fdfed18-5034-4c5d-987b-7a9684bc32c2', 'SD Contoh 1', 'TMP3098661', 'Alamat SD Contoh 1', 'Jakarta', 'DKI Jakarta', '12345', '120142510', 'testadmin1@mail.com', NULL, 'testadmin1', NULL, 1, '2025-03-26 01:05:52', '2025-03-26 01:05:52', NULL);
INSERT INTO `sekolah` VALUES ('1cd7cabb-7c1d-427d-842d-68574c526b56', 'SD Contoh 1', 'TMP6910902', 'Alamat SD Contoh 1', 'Jakarta', 'DKI Jakarta', '12345', '120142510', 'testadmin1@mail.com', NULL, 'testadmin1', NULL, 1, '2025-03-26 01:10:02', '2025-03-26 01:10:02', NULL);
INSERT INTO `sekolah` VALUES ('75a0787f-586e-44a8-9728-7e9d958e9f8e', 'SD Contoh 1', 'TMP6453447', 'Alamat SD Contoh 1', 'Jakarta', 'DKI Jakarta', '12345', '120142510', 'testadmin1@mail.com', NULL, NULL, NULL, 1, '2025-03-26 01:10:36', '2025-03-26 01:10:36', NULL);
INSERT INTO `sekolah` VALUES ('75bc4c1c-63e6-4b3a-929b-810a11244c68', 'SD bekoy', 'TMP2028089', 'Alamat SD bekoy', 'Jakarta', 'DKI Jakarta', '12345', '1201425101', 'a@mail.com', NULL, 'a', NULL, 1, '2025-04-23 20:38:02', '2025-04-23 20:38:02', NULL);
INSERT INTO `sekolah` VALUES ('98267294-eb49-438b-9a9b-9aabd24bb98d', 'SD Contoh 1', 'TMP5941680', 'Alamat SD Contoh 1', 'Jakarta', 'DKI Jakarta', '12345', '120142510', 'testadmin1@mail.com', NULL, 'testadmin1', NULL, 1, '2025-03-26 01:13:09', '2025-03-26 01:13:09', NULL);
INSERT INTO `sekolah` VALUES ('a50676cb-af7d-406d-92d1-ff06b4971cce', 'SD bekoy1', 'TMP8720569', 'Alamat SD bekoy1', 'Jakarta', 'DKI Jakarta', '12345', '12014251011', 'bekoy1@mail.com', NULL, 'bekoy1', NULL, 1, '2025-04-23 20:29:55', '2025-04-23 20:29:55', NULL);
INSERT INTO `sekolah` VALUES ('ad0bf9df-d212-4070-8f5e-584fa72051ac', 'SD Contoh 1', 'TMP8120297', 'Alamat SD Contoh 1', 'Jakarta', 'DKI Jakarta', '12345', '120142510', 'testadmin1@mail.com', NULL, 'testadmin1', NULL, 1, '2025-03-26 01:11:42', '2025-03-26 01:11:42', NULL);
INSERT INTO `sekolah` VALUES ('b29ce424-fc2d-4450-862a-fe403b1ade1f', 'SD bekoy', 'TMP5773048', 'Alamat SD bekoy', 'Jakarta', 'DKI Jakarta', '12345', '1201425101', 'bekoy@mail.com', NULL, 'bekoy', NULL, 1, '2025-04-10 21:39:06', '2025-04-10 21:39:06', NULL);
INSERT INTO `sekolah` VALUES ('e8546a78-7a5a-47fc-86b9-f2b233a89e8b', 'SD Contoh 1', 'TMP5036691', 'Alamat SD Contoh 1', 'Jakarta', 'DKI Jakarta', '12345', '120142510', 'testadmin11@mail.com', NULL, 'testadmin11', NULL, 1, '2025-03-26 13:44:55', '2025-03-26 13:44:55', NULL);

-- ----------------------------
-- Table structure for settings
-- ----------------------------
DROP TABLE IF EXISTS `settings`;
CREATE TABLE `settings`  (
  `id` char(36) CHARACTER SET latin1 COLLATE latin1_general_ci NOT NULL,
  `key` varchar(255) CHARACTER SET latin1 COLLATE latin1_general_ci NOT NULL,
  `value` text CHARACTER SET latin1 COLLATE latin1_general_ci NULL,
  `group` varchar(255) CHARACTER SET latin1 COLLATE latin1_general_ci NULL DEFAULT NULL,
  `sekolah_id` char(36) CHARACTER SET latin1 COLLATE latin1_general_ci NOT NULL,
  `created_at` timestamp NULL DEFAULT NULL,
  `updated_at` timestamp NULL DEFAULT NULL,
  PRIMARY KEY (`id`) USING BTREE,
  UNIQUE INDEX `key`(`key` ASC, `sekolah_id` ASC) USING BTREE,
  INDEX `sekolah_id`(`sekolah_id` ASC) USING BTREE,
  CONSTRAINT `settings_ibfk_1` FOREIGN KEY (`sekolah_id`) REFERENCES `sekolah` (`id`) ON DELETE CASCADE ON UPDATE RESTRICT
) ENGINE = InnoDB CHARACTER SET = latin1 COLLATE = latin1_general_ci ROW_FORMAT = DYNAMIC;

-- ----------------------------
-- Records of settings
-- ----------------------------

-- ----------------------------
-- Table structure for siswa
-- ----------------------------
DROP TABLE IF EXISTS `siswa`;
CREATE TABLE `siswa`  (
  `id` char(36) CHARACTER SET latin1 COLLATE latin1_general_ci NOT NULL,
  `nisn` varchar(20) CHARACTER SET latin1 COLLATE latin1_general_ci NOT NULL,
  `nama` varchar(100) CHARACTER SET latin1 COLLATE latin1_general_ci NOT NULL,
  `jenis_kelamin` enum('L','P') CHARACTER SET latin1 COLLATE latin1_general_ci NOT NULL,
  `kelas_id` char(36) CHARACTER SET latin1 COLLATE latin1_general_ci NULL DEFAULT NULL,
  `sekolah_id` char(36) CHARACTER SET latin1 COLLATE latin1_general_ci NOT NULL,
  `created_at` timestamp NULL DEFAULT current_timestamp,
  `updated_at` timestamp NULL DEFAULT current_timestamp ON UPDATE CURRENT_TIMESTAMP,
  `deleted_at` timestamp NULL DEFAULT NULL,
  PRIMARY KEY (`id`) USING BTREE,
  UNIQUE INDEX `nisn`(`nisn` ASC) USING BTREE,
  INDEX `kelas_id`(`kelas_id` ASC) USING BTREE,
  INDEX `sekolah_id`(`sekolah_id` ASC) USING BTREE,
  CONSTRAINT `siswa_ibfk_1` FOREIGN KEY (`kelas_id`) REFERENCES `kelas` (`id`) ON DELETE SET NULL ON UPDATE RESTRICT,
  CONSTRAINT `siswa_ibfk_2` FOREIGN KEY (`sekolah_id`) REFERENCES `sekolah` (`id`) ON DELETE CASCADE ON UPDATE RESTRICT
) ENGINE = InnoDB CHARACTER SET = latin1 COLLATE = latin1_general_ci ROW_FORMAT = DYNAMIC;

-- ----------------------------
-- Records of siswa
-- ----------------------------
INSERT INTO `siswa` VALUES ('0ebd0cb8-59ee-44b4-a388-43ca01abe245', '666', 'Nama Siswa', 'L', '3e720b92-a2e5-4f19-937b-5f2b98b65281', 'e8546a78-7a5a-47fc-86b9-f2b233a89e8b', '2025-03-26 16:51:41', '2025-04-20 02:44:10', NULL);
INSERT INTO `siswa` VALUES ('384e1ab5-97c9-4ce5-8e83-011f67e10a1d', '9876543220', 'Budi Santoso2', 'L', '3e720b92-a2e5-4f19-937b-5f2b98b65281', '98267294-eb49-438b-9a9b-9aabd24bb98d', '2025-03-26 17:38:01', '2025-04-20 02:44:12', NULL);
INSERT INTO `siswa` VALUES ('a994306e-dd15-403c-84b4-2ed4e0058bfc', '6661', 'Nama Siswa1', 'L', '029e1b59-3894-4638-9ada-3f562849e106', '98267294-eb49-438b-9a9b-9aabd24bb98d', '2025-03-26 17:21:18', '2025-04-07 14:23:16', NULL);
INSERT INTO `siswa` VALUES ('c0c01275-e345-4709-8bdd-32d77b0df52f', '6662', 'Nama Siswa2', 'L', '029e1b59-3894-4638-9ada-3f562849e106', '98267294-eb49-438b-9a9b-9aabd24bb98d', '2025-03-26 17:21:18', '2025-04-07 14:23:16', NULL);
INSERT INTO `siswa` VALUES ('cc1cc49a-aa97-46cd-95d1-8971b57f7f21', '9876543230', 'Budi Santoso3', 'L', '029e1b59-3894-4638-9ada-3f562849e106', '98267294-eb49-438b-9a9b-9aabd24bb98d', '2025-03-26 17:38:01', '2025-04-07 22:13:03', NULL);

-- ----------------------------
-- Table structure for tahun_ajaran
-- ----------------------------
DROP TABLE IF EXISTS `tahun_ajaran`;
CREATE TABLE `tahun_ajaran`  (
  `id` char(36) CHARACTER SET latin1 COLLATE latin1_general_ci NOT NULL,
  `nama_tahun_ajaran` varchar(255) CHARACTER SET latin1 COLLATE latin1_general_ci NOT NULL,
  `tanggal_mulai` date NOT NULL,
  `tanggal_selesai` date NOT NULL,
  `sekolah_id` char(36) CHARACTER SET latin1 COLLATE latin1_general_ci NOT NULL,
  `is_active` tinyint(1) NULL DEFAULT 0,
  `created_at` timestamp NULL DEFAULT NULL,
  `updated_at` timestamp NULL DEFAULT NULL,
  `deleted_at` timestamp NULL DEFAULT NULL,
  PRIMARY KEY (`id`) USING BTREE,
  UNIQUE INDEX `nama_tahun_ajaran`(`nama_tahun_ajaran` ASC, `sekolah_id` ASC) USING BTREE,
  INDEX `sekolah_id`(`sekolah_id` ASC) USING BTREE,
  CONSTRAINT `tahun_ajaran_ibfk_1` FOREIGN KEY (`sekolah_id`) REFERENCES `sekolah` (`id`) ON DELETE CASCADE ON UPDATE RESTRICT
) ENGINE = InnoDB CHARACTER SET = latin1 COLLATE = latin1_general_ci ROW_FORMAT = DYNAMIC;

-- ----------------------------
-- Records of tahun_ajaran
-- ----------------------------
INSERT INTO `tahun_ajaran` VALUES ('01dae64d-b91d-4c68-950f-c05e792ebab0', 'Tahun Ajaran 2026/2027', '2025-07-18', '2026-06-30', 'e8546a78-7a5a-47fc-86b9-f2b233a89e8b', 1, '2025-03-26 16:14:04', '2025-03-26 16:14:04', NULL);
INSERT INTO `tahun_ajaran` VALUES ('039c5b73-6b6d-41ae-88e6-b9c2c277ad55', 'Tahun Ajaran 2025/2026', '2025-07-17', '2026-07-30', '98267294-eb49-438b-9a9b-9aabd24bb98d', 1, '2025-03-26 01:15:41', '2025-03-26 05:18:04', NULL);

-- ----------------------------
-- Table structure for tujuan_pembelajaran
-- ----------------------------
DROP TABLE IF EXISTS `tujuan_pembelajaran`;
CREATE TABLE `tujuan_pembelajaran`  (
  `id` char(36) CHARACTER SET latin1 COLLATE latin1_general_ci NOT NULL,
  `kode_tp` varchar(50) CHARACTER SET latin1 COLLATE latin1_general_ci NOT NULL,
  `nama` varchar(255) CHARACTER SET latin1 COLLATE latin1_general_ci NULL DEFAULT NULL,
  `deskripsi` text CHARACTER SET latin1 COLLATE latin1_general_ci NOT NULL,
  `bobot` decimal(5, 2) NOT NULL COMMENT 'Bobot dalam persentase',
  `cp_id` char(36) CHARACTER SET latin1 COLLATE latin1_general_ci NOT NULL,
  `sekolah_id` char(36) CHARACTER SET latin1 COLLATE latin1_general_ci NOT NULL,
  `created_at` timestamp NULL DEFAULT current_timestamp,
  `updated_at` timestamp NULL DEFAULT current_timestamp ON UPDATE CURRENT_TIMESTAMP,
  `deleted_at` timestamp NULL DEFAULT NULL,
  PRIMARY KEY (`id`) USING BTREE,
  UNIQUE INDEX `kode_tp`(`kode_tp` ASC, `cp_id` ASC, `sekolah_id` ASC) USING BTREE,
  INDEX `cp_id`(`cp_id` ASC) USING BTREE,
  INDEX `sekolah_id`(`sekolah_id` ASC) USING BTREE,
  INDEX `idx_tp_cp`(`cp_id` ASC) USING BTREE,
  CONSTRAINT `tujuan_pembelajaran_ibfk_1` FOREIGN KEY (`cp_id`) REFERENCES `capaian_pembelajaran` (`id`) ON DELETE CASCADE ON UPDATE RESTRICT,
  CONSTRAINT `tujuan_pembelajaran_ibfk_2` FOREIGN KEY (`sekolah_id`) REFERENCES `sekolah` (`id`) ON DELETE CASCADE ON UPDATE RESTRICT
) ENGINE = InnoDB CHARACTER SET = latin1 COLLATE = latin1_general_ci ROW_FORMAT = DYNAMIC;

-- ----------------------------
-- Records of tujuan_pembelajaran
-- ----------------------------
INSERT INTO `tujuan_pembelajaran` VALUES ('01c3f8e7-dbf1-4762-806e-051f7674198d', 'TP.CP.Testmatkul.01.01', '1', '1', 1.00, '2f20f648-b139-4034-991b-ebd85c864427', 'b29ce424-fc2d-4450-862a-fe403b1ade1f', '2025-04-10 21:42:56', '2025-04-10 21:53:22', '2025-04-10 21:53:22');
INSERT INTO `tujuan_pembelajaran` VALUES ('061d3ae1-37fc-432e-a28d-ef8cf6c7a084', 'TP.CP-MTK-01.12', 'Menyelesaikan persamaan linear satu variabel', 'Menyelesaikan persamaan linear satu variabel', 25.00, 'dcf46faf-33b4-4714-b5cc-7c4dfac38da8', '98267294-eb49-438b-9a9b-9aabd24bb98d', '2025-04-10 20:43:25', '2025-04-10 20:43:25', NULL);
INSERT INTO `tujuan_pembelajaran` VALUES ('09d194d8-e2c6-47a3-b1b1-1a8f3deb13cb', 'TP.CP.Testmatkul.01.02', '2', '2', 2.00, '2f20f648-b139-4034-991b-ebd85c864427', 'b29ce424-fc2d-4450-862a-fe403b1ade1f', '2025-04-10 21:42:56', '2025-04-10 21:53:24', '2025-04-10 21:53:24');
INSERT INTO `tujuan_pembelajaran` VALUES ('0a6a2da5-c033-420d-a8b2-e3609a4baf24', 'TP.CP.Pancasila.01.04', 'Menyelesaikan persamaan linear satu variabel', 'Menyelesaikan persamaan linear satu variabel', 25.00, 'b1fde57a-9e0e-41ee-b6d2-51b092be4074', '98267294-eb49-438b-9a9b-9aabd24bb98d', '2025-04-10 21:25:47', '2025-04-10 21:25:47', NULL);
INSERT INTO `tujuan_pembelajaran` VALUES ('0e46a116-b2c0-488c-9053-ef56c2b6057a', 'TP.CP.Testmatkul.12.03', '3', '1', 3.00, 'c13f73be-60b7-4515-9171-ac4066a64e1b', 'b29ce424-fc2d-4450-862a-fe403b1ade1f', '2025-04-12 02:31:03', '2025-04-12 02:31:16', '2025-04-12 02:31:16');
INSERT INTO `tujuan_pembelajaran` VALUES ('108cd2cc-d2a3-486b-9951-62605a92496f', 'TP.CP.Pancasila.01.01', 'Menyelesaikan persamaan linear satu variabel', 'Menyelesaikan persamaan linear satu variabel', 25.00, 'b1fde57a-9e0e-41ee-b6d2-51b092be4074', '98267294-eb49-438b-9a9b-9aabd24bb98d', '2025-04-10 21:25:47', '2025-04-10 21:25:47', NULL);
INSERT INTO `tujuan_pembelajaran` VALUES ('10a184a0-e387-4f57-a4cf-68fdeaead02e', 'TP.CP-MTK-01.08', 'Menyelesaikan persamaan linear satu variabel', 'Menyelesaikan persamaan linear satu variabel', 25.00, 'dcf46faf-33b4-4714-b5cc-7c4dfac38da8', '98267294-eb49-438b-9a9b-9aabd24bb98d', '2025-04-10 20:43:25', '2025-04-10 20:43:25', NULL);
INSERT INTO `tujuan_pembelajaran` VALUES ('12b63f8b-9364-4abc-a3d7-36612244bd98', 'TP.CP.Testmatkul.08.05', '2', '2', 2.00, '89b1d9c2-81fd-4aec-bea6-353f0c2ea8c0', 'b29ce424-fc2d-4450-862a-fe403b1ade1f', '2025-04-13 16:03:59', '2025-04-19 17:13:33', '2025-04-19 17:13:33');
INSERT INTO `tujuan_pembelajaran` VALUES ('1a4a7f0a-36e1-4c15-bd46-d5724f29b1cd', 'TP.CP.Bahasa.05.01', 'Tujuan 1', 'Deskripsi tujuan 1', 12.00, 'fe9b3efc-7e43-4655-9019-8fa98a3dad0b', '98267294-eb49-438b-9a9b-9aabd24bb98d', '2025-04-10 19:53:58', '2025-04-10 19:53:58', NULL);
INSERT INTO `tujuan_pembelajaran` VALUES ('1d6f9797-267a-4703-94e3-4dd44dd7d933', 'TP.CP.Testmatkul.08.01', 'tp1', '1', 1.00, '89b1d9c2-81fd-4aec-bea6-353f0c2ea8c0', 'b29ce424-fc2d-4450-862a-fe403b1ade1f', '2025-04-10 21:54:58', '2025-04-13 16:03:17', '2025-04-13 16:03:17');
INSERT INTO `tujuan_pembelajaran` VALUES ('21657d05-4318-4bdd-b8b9-22bc2d14899a', 'TP.CP.Matematika.17.03', 'hsha', 'hshsus', 64.00, 'ffe6d5c6-1c69-4a66-8fa9-fa82668555ef', '98267294-eb49-438b-9a9b-9aabd24bb98d', '2025-04-19 01:36:18', '2025-04-19 01:36:29', '2025-04-19 01:36:29');
INSERT INTO `tujuan_pembelajaran` VALUES ('27a9e8a6-41ed-410f-b07b-4241251508fc', 'TP.CP.Pancasila.01.02', 'Menyelesaikan persamaan linear satu variabel', 'Menyelesaikan persamaan linear satu variabel', 25.00, 'b1fde57a-9e0e-41ee-b6d2-51b092be4074', '98267294-eb49-438b-9a9b-9aabd24bb98d', '2025-04-10 21:25:47', '2025-04-10 21:25:47', NULL);
INSERT INTO `tujuan_pembelajaran` VALUES ('328bb49d-1d03-4a23-bce8-acf908ae92c1', 'TP.CP.Testmatkul.08.07', '4', '4', 4.00, '89b1d9c2-81fd-4aec-bea6-353f0c2ea8c0', 'b29ce424-fc2d-4450-862a-fe403b1ade1f', '2025-04-13 16:03:59', '2025-04-13 16:03:59', NULL);
INSERT INTO `tujuan_pembelajaran` VALUES ('357558b7-4511-460b-a118-4668a324ebb6', 'TP.CP-MTK-01.09', 'Menyelesaikan persamaan linear satu variabel', 'Menyelesaikan persamaan linear satu variabel', 25.00, 'dcf46faf-33b4-4714-b5cc-7c4dfac38da8', '98267294-eb49-438b-9a9b-9aabd24bb98d', '2025-04-10 20:43:25', '2025-04-10 20:43:25', NULL);
INSERT INTO `tujuan_pembelajaran` VALUES ('38cefb2b-4166-4d7f-9175-1e7061ca4a85', 'TP-MTK-01-02', NULL, 'Menyelesaikan persamaan linear satu variabel', 25.00, 'dcf46faf-33b4-4714-b5cc-7c4dfac38da8', '98267294-eb49-438b-9a9b-9aabd24bb98d', '2025-03-28 20:38:40', '2025-03-28 20:38:40', NULL);
INSERT INTO `tujuan_pembelajaran` VALUES ('3b2e0940-f55b-4934-9892-6be86dc328b6', 'TP.CP.Testmatkul.08.06', '3', '3', 3.00, '89b1d9c2-81fd-4aec-bea6-353f0c2ea8c0', 'b29ce424-fc2d-4450-862a-fe403b1ade1f', '2025-04-13 16:03:59', '2025-04-13 16:03:59', NULL);
INSERT INTO `tujuan_pembelajaran` VALUES ('3c4b7c0a-e56f-421f-82a0-2800909bda9a', 'TP.MP.09.01', 'relod gx yh', 'relod gx sih', 12.00, '53e00dcf-868f-4a71-bda7-671ea3a99df1', '98267294-eb49-438b-9a9b-9aabd24bb98d', '2025-04-14 19:50:20', '2025-04-14 19:50:20', NULL);
INSERT INTO `tujuan_pembelajaran` VALUES ('4031b689-cf6d-4d4d-b638-dd5a6450f49d', 'TP.CP.Pancasila.01.05', 'Menyelesaikan persamaan linear satu variabel', 'Menyelesaikan persamaan linear satu variabel', 25.00, 'b1fde57a-9e0e-41ee-b6d2-51b092be4074', '98267294-eb49-438b-9a9b-9aabd24bb98d', '2025-04-10 21:25:47', '2025-04-10 21:25:47', NULL);
INSERT INTO `tujuan_pembelajaran` VALUES ('48057fd8-013a-495b-95bd-a1fffc1ccd33', 'TP.CP.Bahasa.14.05', 'Tujuan E', 'asdwfaz', 24.00, '561c0583-eac5-43d3-a0b1-ea651469b4c6', '98267294-eb49-438b-9a9b-9aabd24bb98d', '2025-04-10 21:16:39', '2025-04-10 21:16:39', NULL);
INSERT INTO `tujuan_pembelajaran` VALUES ('486d7e59-42ea-4167-9fff-e2234a2a55ea', 'TP.CP.Pancasila.04.03', 'C', 'asdawd', 23.00, '3736f2ef-2aed-47b9-8300-1246a7410a18', '98267294-eb49-438b-9a9b-9aabd24bb98d', '2025-04-10 21:26:26', '2025-04-10 21:26:26', NULL);
INSERT INTO `tujuan_pembelajaran` VALUES ('49465651-203f-475c-8e67-894898145c5d', 'TP.CP.Bahasa.14.04', 'Tujuan D', 'asdw', 23.00, '561c0583-eac5-43d3-a0b1-ea651469b4c6', '98267294-eb49-438b-9a9b-9aabd24bb98d', '2025-04-10 21:16:39', '2025-04-10 21:16:39', NULL);
INSERT INTO `tujuan_pembelajaran` VALUES ('4c07f392-7c14-4901-a822-7ac7fd2c34de', 'TP.CP.Bahasa.05.10', 'Menyelesaikan persamaan linear satu variabel', 'Menyelesaikan persamaan linear satu variabel', 25.00, 'fe9b3efc-7e43-4655-9019-8fa98a3dad0b', '98267294-eb49-438b-9a9b-9aabd24bb98d', '2025-04-10 21:07:01', '2025-04-10 21:07:01', NULL);
INSERT INTO `tujuan_pembelajaran` VALUES ('4e0afd57-85be-4e08-948d-0abbc42db5cd', 'TP.CP.Bahasa.05.03', 'Tujuan 3', 'Deskripsi tujuan 3', 13.00, 'fe9b3efc-7e43-4655-9019-8fa98a3dad0b', '98267294-eb49-438b-9a9b-9aabd24bb98d', '2025-04-10 20:48:08', '2025-04-10 20:48:08', NULL);
INSERT INTO `tujuan_pembelajaran` VALUES ('512e90b2-c0ee-4ee7-a65b-9fd7c1550d57', 'TP.CP.Testmatkul.12.07', '7', '1', 7.00, 'c13f73be-60b7-4515-9171-ac4066a64e1b', 'b29ce424-fc2d-4450-862a-fe403b1ade1f', '2025-04-12 02:31:03', '2025-04-12 02:31:18', '2025-04-12 02:31:18');
INSERT INTO `tujuan_pembelajaran` VALUES ('526d68c7-e242-4203-9a1c-4b5ae8bbb6e1', 'TP.CP.Bahasa.14.06', 'Tujuan F', 'asdwead', 24.00, '561c0583-eac5-43d3-a0b1-ea651469b4c6', '98267294-eb49-438b-9a9b-9aabd24bb98d', '2025-04-10 21:17:09', '2025-04-10 21:17:28', '2025-04-10 21:17:28');
INSERT INTO `tujuan_pembelajaran` VALUES ('55d77b45-0aee-4683-8b72-c05d699da605', 'TP.CP.Bahasa.05.09', 'Menyelesaikan persamaan linear satu variabel', 'Menyelesaikan persamaan linear satu variabel', 25.00, 'fe9b3efc-7e43-4655-9019-8fa98a3dad0b', '98267294-eb49-438b-9a9b-9aabd24bb98d', '2025-04-10 21:07:01', '2025-04-10 21:07:01', NULL);
INSERT INTO `tujuan_pembelajaran` VALUES ('5959fe10-26ee-4382-8ee0-093f73d4a1de', 'TP.CP.Bahasa.17.02', 'Menyelesaikan persamaan linear satu variabel', 'Menyelesaikan persamaan linear satu variabel', 25.00, 'cbe3359b-5e57-4329-9588-a6b12ee17f79', '98267294-eb49-438b-9a9b-9aabd24bb98d', '2025-04-10 21:29:52', '2025-04-10 21:29:52', NULL);
INSERT INTO `tujuan_pembelajaran` VALUES ('5a6144ec-75dc-4a04-9884-46d88194e09e', 'TP.CP-MTK-01.04', NULL, 'Menyelesaikan persamaan linear satu variabel', 25.00, 'dcf46faf-33b4-4714-b5cc-7c4dfac38da8', '98267294-eb49-438b-9a9b-9aabd24bb98d', '2025-04-09 13:50:35', '2025-04-09 13:50:35', NULL);
INSERT INTO `tujuan_pembelajaran` VALUES ('5b5a6691-4e4f-4967-a4e6-7f4d40b55a74', 'TP.CP.Bahasa.17.05', 'Menyelesaikan persamaan linear satu variabel', 'Menyelesaikan persamaan linear satu variabel', 25.00, 'cbe3359b-5e57-4329-9588-a6b12ee17f79', '98267294-eb49-438b-9a9b-9aabd24bb98d', '2025-04-10 21:29:52', '2025-04-10 21:29:52', NULL);
INSERT INTO `tujuan_pembelajaran` VALUES ('606f8008-cf20-4ccd-9ed1-42dea32a6ce5', 'TP.CP.Pancasila.04.01', 'A', 'asdawd', 23.00, '3736f2ef-2aed-47b9-8300-1246a7410a18', '98267294-eb49-438b-9a9b-9aabd24bb98d', '2025-04-10 21:26:26', '2025-04-10 21:26:26', NULL);
INSERT INTO `tujuan_pembelajaran` VALUES ('612aa9e4-d6ac-4789-8bb9-1b3b17c3cf0e', 'TP.MP.12.01', 'tujuan belajar 1', 'tujuannya adalah belajar', 5.00, '04768081-ecfe-4eb4-9f76-dc6521e7a116', '98267294-eb49-438b-9a9b-9aabd24bb98d', '2025-04-10 23:04:01', '2025-04-10 23:04:01', NULL);
INSERT INTO `tujuan_pembelajaran` VALUES ('66ef6af0-7596-40e7-a0ea-bb648ee8af0c', 'TP.CP-MTK-01.05', 'Menyelesaikan persamaan linear satu variabel', 'Menyelesaikan persamaan linear satu variabel', 25.00, 'dcf46faf-33b4-4714-b5cc-7c4dfac38da8', '98267294-eb49-438b-9a9b-9aabd24bb98d', '2025-04-09 15:16:11', '2025-04-09 15:16:11', NULL);
INSERT INTO `tujuan_pembelajaran` VALUES ('67c32a89-0619-4066-9fa7-831df540fc8a', 'TP.CP.Bahasa.28.01', 'Menuliskan nilai tupiah dengan benar', 'Penulisan  nilai rupiah ', 10.00, '0377e2ba-b9a8-4746-ba39-28591dae6019', '98267294-eb49-438b-9a9b-9aabd24bb98d', '2025-04-21 09:45:44', '2025-04-21 09:45:44', NULL);
INSERT INTO `tujuan_pembelajaran` VALUES ('6a2a85e1-a7cf-4333-abe8-e664131c568a', 'TP.CP-MTK-01.13', 'Menyelesaikan persamaan linear satu variabel', 'Menyelesaikan persamaan linear satu variabel', 25.00, 'dcf46faf-33b4-4714-b5cc-7c4dfac38da8', '98267294-eb49-438b-9a9b-9aabd24bb98d', '2025-04-10 20:44:11', '2025-04-10 20:44:11', NULL);
INSERT INTO `tujuan_pembelajaran` VALUES ('6bcf1d3a-824b-4f61-8f48-5a29481391ba', 'TP.CP.Pancasila.04.02', 'B', 'asdasd', 23.00, '3736f2ef-2aed-47b9-8300-1246a7410a18', '98267294-eb49-438b-9a9b-9aabd24bb98d', '2025-04-10 21:26:26', '2025-04-10 21:26:40', '2025-04-10 21:26:40');
INSERT INTO `tujuan_pembelajaran` VALUES ('6f548c18-56ea-4a77-b30d-8ee847393297', 'TP.CP-MTK-01.11', 'Menyelesaikan persamaan linear satu variabel', 'Menyelesaikan persamaan linear satu variabel', 25.00, 'dcf46faf-33b4-4714-b5cc-7c4dfac38da8', '98267294-eb49-438b-9a9b-9aabd24bb98d', '2025-04-10 20:43:25', '2025-04-10 20:43:25', NULL);
INSERT INTO `tujuan_pembelajaran` VALUES ('6f7b9133-3c79-4502-acde-589e790059fc', 'TP.CP.Testmatkul.12.02', '2', '1', 2.00, 'c13f73be-60b7-4515-9171-ac4066a64e1b', 'b29ce424-fc2d-4450-862a-fe403b1ade1f', '2025-04-12 02:31:03', '2025-04-19 17:13:48', '2025-04-19 17:13:48');
INSERT INTO `tujuan_pembelajaran` VALUES ('741fdffa-1f6d-4f65-a6a7-be91f013c55f', 'TP.CP.Bahasa.17.07', 'Menyelesaikan persamaan linear satu variabel', 'Menyelesaikan persamaan linear satu variabel', 25.00, 'cbe3359b-5e57-4329-9588-a6b12ee17f79', '98267294-eb49-438b-9a9b-9aabd24bb98d', '2025-04-10 21:29:52', '2025-04-10 21:29:52', NULL);
INSERT INTO `tujuan_pembelajaran` VALUES ('75dbd8ff-e908-4d8a-a47c-e666b0d7d13c', 'TP.CP-MTK-01.16', 'Menyelesaikan persamaan linear satu variabel', 'Menyelesaikan persamaan linear satu variabel', 25.00, 'dcf46faf-33b4-4714-b5cc-7c4dfac38da8', '98267294-eb49-438b-9a9b-9aabd24bb98d', '2025-04-10 20:44:11', '2025-04-10 20:44:11', NULL);
INSERT INTO `tujuan_pembelajaran` VALUES ('780bc55c-9a8f-4a59-82d9-6374360298f6', 'TP.CP.Testmatkul.12.05', '5', '1', 5.00, 'c13f73be-60b7-4515-9171-ac4066a64e1b', 'b29ce424-fc2d-4450-862a-fe403b1ade1f', '2025-04-12 02:31:03', '2025-04-12 02:31:03', NULL);
INSERT INTO `tujuan_pembelajaran` VALUES ('7faec621-ef5f-47a5-8b64-725c1b743960', 'TP.CP.Matematika.17.02', 'tujuan pertama', 'deskripsi tujuan', 5.00, 'ffe6d5c6-1c69-4a66-8fa9-fa82668555ef', '98267294-eb49-438b-9a9b-9aabd24bb98d', '2025-04-11 07:01:41', '2025-04-11 07:01:41', NULL);
INSERT INTO `tujuan_pembelajaran` VALUES ('81adecb1-f15a-4025-abb8-c5fa410830dd', 'TP.CP.Matematika.19.02', 'tujuan baru lagi', 'tujuan untuk dituju ', 9.00, '7cb64ff5-9030-4eff-aa75-85c2514d419f', '98267294-eb49-438b-9a9b-9aabd24bb98d', '2025-04-14 20:18:15', '2025-04-14 20:18:15', NULL);
INSERT INTO `tujuan_pembelajaran` VALUES ('81f5f046-1322-4cba-8b18-5bea05e75c1a', 'TP.CP.Bahasa.14.02', 'Tujuan B', 'asdfwa', 25.00, '561c0583-eac5-43d3-a0b1-ea651469b4c6', '98267294-eb49-438b-9a9b-9aabd24bb98d', '2025-04-10 21:16:39', '2025-04-10 21:16:39', NULL);
INSERT INTO `tujuan_pembelajaran` VALUES ('82b24516-6735-4476-9bf8-7ea5fe8120f2', 'TP.CP.Testmatkul.12.09', '9', '1', 9.00, 'c13f73be-60b7-4515-9171-ac4066a64e1b', 'b29ce424-fc2d-4450-862a-fe403b1ade1f', '2025-04-12 02:31:03', '2025-04-12 02:31:03', NULL);
INSERT INTO `tujuan_pembelajaran` VALUES ('84064653-cd1e-4f94-b354-ce3ab2bd4a4b', 'TP.CP.Pancasila.01.07', 'Menyelesaikan persamaan linear satu variabel', 'Menyelesaikan persamaan linear satu variabel', 25.00, 'b1fde57a-9e0e-41ee-b6d2-51b092be4074', '98267294-eb49-438b-9a9b-9aabd24bb98d', '2025-04-10 21:25:47', '2025-04-10 21:25:47', NULL);
INSERT INTO `tujuan_pembelajaran` VALUES ('8627007a-ab47-4d4b-8d44-a346f95c1dee', 'TP.CP.Testmatkul.08.02', 'tp2', '2', 2.00, '89b1d9c2-81fd-4aec-bea6-353f0c2ea8c0', 'b29ce424-fc2d-4450-862a-fe403b1ade1f', '2025-04-10 21:54:58', '2025-04-10 21:55:07', '2025-04-10 21:55:07');
INSERT INTO `tujuan_pembelajaran` VALUES ('8aff764d-2597-4c5f-ae09-459997bbaade', 'TP.CP.Testmatkul.08.03', 'tp2', '2', 2.00, '89b1d9c2-81fd-4aec-bea6-353f0c2ea8c0', 'b29ce424-fc2d-4450-862a-fe403b1ade1f', '2025-04-10 21:55:14', '2025-04-13 16:03:20', '2025-04-13 16:03:20');
INSERT INTO `tujuan_pembelajaran` VALUES ('8bef370d-7e43-43f2-9bd3-338b40af2fd4', 'TP.CP.Matematika.17.01', 'tujuan pertama', 'mewujudkan tujuan ', 2.00, 'ffe6d5c6-1c69-4a66-8fa9-fa82668555ef', '98267294-eb49-438b-9a9b-9aabd24bb98d', '2025-04-11 06:54:59', '2025-04-11 06:54:59', NULL);
INSERT INTO `tujuan_pembelajaran` VALUES ('8e0b2420-d62c-49ee-b431-daa6b3fe97f4', 'TP.MP.12.02', 'TP AAAAAAAAAAAAAA', 'AAAAAAAAAAAAAAAAAAAAAAAAA', 21.00, '04768081-ecfe-4eb4-9f76-dc6521e7a116', '98267294-eb49-438b-9a9b-9aabd24bb98d', '2025-04-14 15:20:18', '2025-04-14 15:24:58', '2025-04-14 15:24:58');
INSERT INTO `tujuan_pembelajaran` VALUES ('8f36e84d-5ff2-4726-b71b-e9b724a826fc', 'TP.CP-MTK-01.17', 'Menyelesaikan persamaan linear satu variabel', 'Menyelesaikan persamaan linear satu variabel', 25.00, 'dcf46faf-33b4-4714-b5cc-7c4dfac38da8', '98267294-eb49-438b-9a9b-9aabd24bb98d', '2025-04-10 20:44:11', '2025-04-10 20:44:11', NULL);
INSERT INTO `tujuan_pembelajaran` VALUES ('942a852d-1f26-4090-be90-a9d02caa223f', 'TP.CP.Bahasa.05.02', 'Tujuan 2', 'Deskripsi tujuan 2', 13.00, 'fe9b3efc-7e43-4655-9019-8fa98a3dad0b', '98267294-eb49-438b-9a9b-9aabd24bb98d', '2025-04-10 19:53:58', '2025-04-10 19:53:58', NULL);
INSERT INTO `tujuan_pembelajaran` VALUES ('94317729-770f-4193-9af0-6d26d68c5602', 'TP.CP.Bahasa.05.04', 'Tujuan 4', 'Deskripsi tujuan 4', 14.00, 'fe9b3efc-7e43-4655-9019-8fa98a3dad0b', '98267294-eb49-438b-9a9b-9aabd24bb98d', '2025-04-10 20:48:08', '2025-04-10 20:48:08', NULL);
INSERT INTO `tujuan_pembelajaran` VALUES ('98a5492d-f98e-4412-b6e5-d332f18de291', 'TP.CP.Bahasa.17.06', 'Menyelesaikan persamaan linear satu variabel', 'Menyelesaikan persamaan linear satu variabel', 25.00, 'cbe3359b-5e57-4329-9588-a6b12ee17f79', '98267294-eb49-438b-9a9b-9aabd24bb98d', '2025-04-10 21:29:52', '2025-04-10 21:29:52', NULL);
INSERT INTO `tujuan_pembelajaran` VALUES ('a51c897b-5548-4a16-8761-125d68c042bb', 'TP.CP.Testmatkul.12.01', '1', '1', 1.00, 'c13f73be-60b7-4515-9171-ac4066a64e1b', 'b29ce424-fc2d-4450-862a-fe403b1ade1f', '2025-04-12 02:31:03', '2025-04-12 02:31:03', NULL);
INSERT INTO `tujuan_pembelajaran` VALUES ('a97569e7-ad51-4103-b763-7cf5e90c1e23', 'TP.CP.Bahasa.05.07', 'Menyelesaikan persamaan linear satu variabel', 'Menyelesaikan persamaan linear satu variabel', 25.00, 'fe9b3efc-7e43-4655-9019-8fa98a3dad0b', '98267294-eb49-438b-9a9b-9aabd24bb98d', '2025-04-10 21:07:01', '2025-04-10 21:07:01', NULL);
INSERT INTO `tujuan_pembelajaran` VALUES ('aa35ac21-1bb3-453f-aa54-a40ae847dd96', 'TP.CP.Bahasa.14.01', 'Tujuan A', 'asdfg', 25.00, '561c0583-eac5-43d3-a0b1-ea651469b4c6', '98267294-eb49-438b-9a9b-9aabd24bb98d', '2025-04-10 21:16:39', '2025-04-10 21:16:39', NULL);
INSERT INTO `tujuan_pembelajaran` VALUES ('ab94f840-84ee-47f2-bd5f-55aec6cb21fb', 'TP.CP.Bahasa.14.03', 'Tujuan C', 'asdfawf', 25.00, '561c0583-eac5-43d3-a0b1-ea651469b4c6', '98267294-eb49-438b-9a9b-9aabd24bb98d', '2025-04-10 21:16:39', '2025-04-10 21:16:39', NULL);
INSERT INTO `tujuan_pembelajaran` VALUES ('ac141a96-4041-4646-bfc5-aff7bad2843b', 'TP.CP-MTK-01.03', NULL, 'Menyelesaikan persamaan linear satu variabel', 25.00, 'dcf46faf-33b4-4714-b5cc-7c4dfac38da8', '98267294-eb49-438b-9a9b-9aabd24bb98d', '2025-04-09 13:50:35', '2025-04-09 13:50:35', NULL);
INSERT INTO `tujuan_pembelajaran` VALUES ('ada7d765-63ed-4c88-b86e-cd2119452375', 'TP.CP.Bahasa.05.12', 'Lorem ipsum', 'Dolor sit amet', 25.00, 'fe9b3efc-7e43-4655-9019-8fa98a3dad0b', '98267294-eb49-438b-9a9b-9aabd24bb98d', '2025-04-10 21:09:30', '2025-04-10 21:09:30', NULL);
INSERT INTO `tujuan_pembelajaran` VALUES ('aea07b33-3cf5-4522-857b-d9684e5ef232', 'TP.CP.Bahasa.05.08', 'Menyelesaikan persamaan linear satu variabel', 'Menyelesaikan persamaan linear satu variabel', 25.00, 'fe9b3efc-7e43-4655-9019-8fa98a3dad0b', '98267294-eb49-438b-9a9b-9aabd24bb98d', '2025-04-10 21:07:01', '2025-04-10 21:07:01', NULL);
INSERT INTO `tujuan_pembelajaran` VALUES ('af8a0130-b298-41d7-aba4-d35fbbdb554b', 'TP-MTK-01-03', NULL, 'Menyelesaikan persamaan linear satu variabel', 25.00, 'dcf46faf-33b4-4714-b5cc-7c4dfac38da8', '98267294-eb49-438b-9a9b-9aabd24bb98d', '2025-03-28 20:38:40', '2025-03-28 20:38:40', NULL);
INSERT INTO `tujuan_pembelajaran` VALUES ('b16703ec-5219-4ef9-83d5-9ce75dee8265', 'TP.CP.Bahasa.17.04', 'Menyelesaikan persamaan linear satu variabel', 'Menyelesaikan persamaan linear satu variabel', 25.00, 'cbe3359b-5e57-4329-9588-a6b12ee17f79', '98267294-eb49-438b-9a9b-9aabd24bb98d', '2025-04-10 21:29:52', '2025-04-10 21:29:52', NULL);
INSERT INTO `tujuan_pembelajaran` VALUES ('b2fe9dd9-f854-4cd1-8991-695a3328a327', 'TP.CP-MTK-01.14', 'Menyelesaikan persamaan linear satu variabel', 'Menyelesaikan persamaan linear satu variabel', 25.00, 'dcf46faf-33b4-4714-b5cc-7c4dfac38da8', '98267294-eb49-438b-9a9b-9aabd24bb98d', '2025-04-10 20:44:11', '2025-04-10 20:44:11', NULL);
INSERT INTO `tujuan_pembelajaran` VALUES ('c0433289-bb7e-4e4d-94c0-97737094bada', 'TP.CP.Pancasila.04.04', 'D', 'asdawdasd', 21.00, '3736f2ef-2aed-47b9-8300-1246a7410a18', '98267294-eb49-438b-9a9b-9aabd24bb98d', '2025-04-10 21:26:47', '2025-04-10 21:26:54', '2025-04-10 21:26:54');
INSERT INTO `tujuan_pembelajaran` VALUES ('c2d3bec5-7034-4f5c-b904-5ef9809656a6', 'TP.CP.Testmatkul.12.06', '6', '1', 6.00, 'c13f73be-60b7-4515-9171-ac4066a64e1b', 'b29ce424-fc2d-4450-862a-fe403b1ade1f', '2025-04-12 02:31:03', '2025-04-12 02:31:03', NULL);
INSERT INTO `tujuan_pembelajaran` VALUES ('c4769a43-975b-4c6b-a65b-48f694eaa7d3', 'TP.CP.Testmatkul.12.10', '10', '1', 10.00, 'c13f73be-60b7-4515-9171-ac4066a64e1b', 'b29ce424-fc2d-4450-862a-fe403b1ade1f', '2025-04-12 02:31:03', '2025-04-12 02:31:03', NULL);
INSERT INTO `tujuan_pembelajaran` VALUES ('c9184e02-b54b-4171-acbc-a0b1d15f49a7', 'TP.CP.Bahasa.05.05', 'Tujuan 5', 'Deskripsi tujuan 5', 15.00, 'fe9b3efc-7e43-4655-9019-8fa98a3dad0b', '98267294-eb49-438b-9a9b-9aabd24bb98d', '2025-04-10 20:48:08', '2025-04-10 21:01:21', '2025-04-10 21:01:21');
INSERT INTO `tujuan_pembelajaran` VALUES ('cb436e8d-9d10-4f43-8e3b-0bc0d69d23e4', 'TP.CP..06.01', 'C4', 'Menganalisis ', 30.00, '46f925df-c30c-4536-946f-a3c2c6eae06e', '98267294-eb49-438b-9a9b-9aabd24bb98d', '2025-04-17 08:43:31', '2025-04-21 09:46:46', '2025-04-21 09:46:46');
INSERT INTO `tujuan_pembelajaran` VALUES ('d1c13bd6-2ab2-490d-ae9f-501b247cf4ff', 'TP.CP-MTK-01.06', 'Menyelesaikan persamaan linear satu variabel', 'Menyelesaikan persamaan linear satu variabel', 25.00, 'dcf46faf-33b4-4714-b5cc-7c4dfac38da8', '98267294-eb49-438b-9a9b-9aabd24bb98d', '2025-04-09 15:16:11', '2025-04-09 15:16:11', NULL);
INSERT INTO `tujuan_pembelajaran` VALUES ('d1ee0dbf-086a-4983-ac7e-1b6e7884d0ac', 'TP.CP.Bahasa.17.01', 'Menyelesaikan persamaan linear satu variabel', 'Menyelesaikan persamaan linear satu variabel', 25.00, 'cbe3359b-5e57-4329-9588-a6b12ee17f79', '98267294-eb49-438b-9a9b-9aabd24bb98d', '2025-04-10 21:29:52', '2025-04-10 21:29:52', NULL);
INSERT INTO `tujuan_pembelajaran` VALUES ('d2e0992b-340e-45b1-b089-d115efae0a9f', 'TP.CP.Testmatkul.08.04', '1', 'q', 1.00, '89b1d9c2-81fd-4aec-bea6-353f0c2ea8c0', 'b29ce424-fc2d-4450-862a-fe403b1ade1f', '2025-04-13 16:03:59', '2025-04-13 16:03:59', NULL);
INSERT INTO `tujuan_pembelajaran` VALUES ('d4fba5cc-cc47-4ec9-8f71-7bd7b37764a4', 'TP.CP.Testmatkul.12.08', '8', '1', 8.00, 'c13f73be-60b7-4515-9171-ac4066a64e1b', 'b29ce424-fc2d-4450-862a-fe403b1ade1f', '2025-04-12 02:31:03', '2025-04-12 02:31:03', NULL);
INSERT INTO `tujuan_pembelajaran` VALUES ('ddb19f15-5e17-480e-9998-09274930d36c', 'TP.CP.Bahasa.05.06', 'Menyelesaikan persamaan linear satu variabel', 'Menyelesaikan persamaan linear satu variabel', 25.00, 'fe9b3efc-7e43-4655-9019-8fa98a3dad0b', '98267294-eb49-438b-9a9b-9aabd24bb98d', '2025-04-10 21:07:01', '2025-04-10 21:07:01', NULL);
INSERT INTO `tujuan_pembelajaran` VALUES ('e0021b20-c543-4bbf-af95-5b26b27a4a41', 'TP.CP.Testmatkul.12.04', '4', '11', 4.00, 'c13f73be-60b7-4515-9171-ac4066a64e1b', 'b29ce424-fc2d-4450-862a-fe403b1ade1f', '2025-04-12 02:31:03', '2025-04-12 02:31:14', '2025-04-12 02:31:14');
INSERT INTO `tujuan_pembelajaran` VALUES ('e60f39ac-f6d7-4e79-8b5b-958a0ab26843', 'TP.CP-MTK-01.15', 'Menyelesaikan persamaan linear satu variabel', 'Menyelesaikan persamaan linear satu variabel', 25.00, 'dcf46faf-33b4-4714-b5cc-7c4dfac38da8', '98267294-eb49-438b-9a9b-9aabd24bb98d', '2025-04-10 20:44:11', '2025-04-10 20:44:11', NULL);
INSERT INTO `tujuan_pembelajaran` VALUES ('e9870ab2-5cd9-45c6-a067-81c67bc988c8', 'TP.CP.Bahasa.05.11', 'Lorem ipsum dolor sit amet', 'Lorem ipsum dolor sit amet aksdjcneaiu aksdnaf jaefbe', 25.00, 'fe9b3efc-7e43-4655-9019-8fa98a3dad0b', '98267294-eb49-438b-9a9b-9aabd24bb98d', '2025-04-10 21:09:06', '2025-04-10 21:09:06', NULL);
INSERT INTO `tujuan_pembelajaran` VALUES ('ec3b280a-ce3c-440b-ab5a-2fdc4637df05', 'TP.CP-MTK-01.10', 'Menyelesaikan persamaan linear satu variabel', 'Menyelesaikan persamaan linear satu variabel', 25.00, 'dcf46faf-33b4-4714-b5cc-7c4dfac38da8', '98267294-eb49-438b-9a9b-9aabd24bb98d', '2025-04-10 20:43:25', '2025-04-10 20:43:25', NULL);
INSERT INTO `tujuan_pembelajaran` VALUES ('ec6587ba-20b3-4eed-8d07-c541b9a75621', 'TP.CP.Bahasa.17.03', 'Menyelesaikan persamaan linear satu variabel', 'Menyelesaikan persamaan linear satu variabel', 25.00, 'cbe3359b-5e57-4329-9588-a6b12ee17f79', '98267294-eb49-438b-9a9b-9aabd24bb98d', '2025-04-10 21:29:52', '2025-04-10 21:29:52', NULL);
INSERT INTO `tujuan_pembelajaran` VALUES ('f2b86995-29e5-4724-909f-c673d99969f8', 'TP.CP.Pancasila.01.06', 'Menyelesaikan persamaan linear satu variabel', 'Menyelesaikan persamaan linear satu variabel', 25.00, 'b1fde57a-9e0e-41ee-b6d2-51b092be4074', '98267294-eb49-438b-9a9b-9aabd24bb98d', '2025-04-10 21:25:47', '2025-04-10 21:25:47', NULL);
INSERT INTO `tujuan_pembelajaran` VALUES ('f54fa0b1-7c24-4d66-ad06-da145cb1c9b8', 'TP.CP.Matematika.19.01', 'tujuan emteka', 'deskripsi emteka', 5.00, '7cb64ff5-9030-4eff-aa75-85c2514d419f', '98267294-eb49-438b-9a9b-9aabd24bb98d', '2025-04-14 14:54:47', '2025-04-14 14:54:47', NULL);
INSERT INTO `tujuan_pembelajaran` VALUES ('f55ece58-4eb6-4bc5-b328-d3be8ca88fec', 'TP.CP-MTK-01.07', 'Menyelesaikan persamaan linear satu variabel', 'Menyelesaikan persamaan linear satu variabel', 25.00, 'dcf46faf-33b4-4714-b5cc-7c4dfac38da8', '98267294-eb49-438b-9a9b-9aabd24bb98d', '2025-04-10 20:43:25', '2025-04-10 20:43:25', NULL);
INSERT INTO `tujuan_pembelajaran` VALUES ('f8b1df3a-1cbc-4a0a-bf14-e7ee11db123f', 'TP.CP-MTK-01.18', 'Menyelesaikan persamaan linear satu variabel', 'Menyelesaikan persamaan linear satu variabel', 25.00, 'dcf46faf-33b4-4714-b5cc-7c4dfac38da8', '98267294-eb49-438b-9a9b-9aabd24bb98d', '2025-04-10 20:44:11', '2025-04-10 20:44:11', NULL);
INSERT INTO `tujuan_pembelajaran` VALUES ('f9d56b21-1846-45da-b2ef-154e8cb5ceda', 'TP.CP.Testmatkul.01.03', '3', '3', 3.00, '2f20f648-b139-4034-991b-ebd85c864427', 'b29ce424-fc2d-4450-862a-fe403b1ade1f', '2025-04-10 21:42:56', '2025-04-10 21:53:25', '2025-04-10 21:53:25');
INSERT INTO `tujuan_pembelajaran` VALUES ('fa939d8c-1d5b-46b6-a283-30c614b010a4', 'TP.CP.Pancasila.01.03', 'Menyelesaikan persamaan linear satu variabel', 'Menyelesaikan persamaan linear satu variabel', 25.00, 'b1fde57a-9e0e-41ee-b6d2-51b092be4074', '98267294-eb49-438b-9a9b-9aabd24bb98d', '2025-04-10 21:25:47', '2025-04-10 21:25:47', NULL);

-- ----------------------------
-- Table structure for user_activities
-- ----------------------------
DROP TABLE IF EXISTS `user_activities`;
CREATE TABLE `user_activities`  (
  `id` char(36) CHARACTER SET latin1 COLLATE latin1_general_ci NOT NULL,
  `user_id` char(36) CHARACTER SET latin1 COLLATE latin1_general_ci NOT NULL,
  `action` varchar(100) CHARACTER SET latin1 COLLATE latin1_general_ci NOT NULL,
  `ip_address` varchar(45) CHARACTER SET latin1 COLLATE latin1_general_ci NOT NULL,
  `user_agent` varchar(255) CHARACTER SET latin1 COLLATE latin1_general_ci NOT NULL,
  `duration` int NOT NULL COMMENT 'Dalam detik',
  `sekolah_id` char(36) CHARACTER SET latin1 COLLATE latin1_general_ci NULL DEFAULT NULL COMMENT 'Null untuk super_admin',
  `created_at` timestamp NULL DEFAULT current_timestamp,
  `updated_at` timestamp NULL DEFAULT current_timestamp ON UPDATE CURRENT_TIMESTAMP,
  PRIMARY KEY (`id`) USING BTREE,
  INDEX `user_id`(`user_id` ASC) USING BTREE,
  INDEX `sekolah_id`(`sekolah_id` ASC) USING BTREE,
  CONSTRAINT `user_activities_ibfk_1` FOREIGN KEY (`user_id`) REFERENCES `users` (`id`) ON DELETE CASCADE ON UPDATE RESTRICT,
  CONSTRAINT `user_activities_ibfk_2` FOREIGN KEY (`sekolah_id`) REFERENCES `sekolah` (`id`) ON DELETE CASCADE ON UPDATE RESTRICT
) ENGINE = InnoDB CHARACTER SET = latin1 COLLATE = latin1_general_ci ROW_FORMAT = DYNAMIC;

-- ----------------------------
-- Records of user_activities
-- ----------------------------
INSERT INTO `user_activities` VALUES ('00dd0ac4-d24c-4951-9b59-5cb0108e9ff7', 'd6328a88-0b0a-4d46-b9c0-9e4cd97f376d', 'daily_usage', '162.158.163.137', 'PostmanRuntime/7.43.3', 840, 'b29ce424-fc2d-4450-862a-fe403b1ade1f', '2025-04-17 14:52:35', '2025-04-17 17:05:28');
INSERT INTO `user_activities` VALUES ('01563a41-8386-4ed6-bd10-3fb49af09efd', '26cd0a68-ab90-4397-8c0c-af35496a13ca', 'login', '108.162.226.214', 'Dart/3.7 (dart:io)', 0, '98267294-eb49-438b-9a9b-9aabd24bb98d', '2025-04-08 06:12:17', '2025-04-08 06:12:17');
INSERT INTO `user_activities` VALUES ('01b4dba3-d362-4ed4-997a-ee26355b5883', '2239d434-7761-4aad-bb5b-e3e321ccdec4', 'logout', '172.69.166.115', 'Dart/3.7 (dart:io)', 200, '98267294-eb49-438b-9a9b-9aabd24bb98d', '2025-04-22 17:15:00', '2025-04-22 17:15:00');
INSERT INTO `user_activities` VALUES ('02bf7821-263c-4646-9a31-958d98964247', '2239d434-7761-4aad-bb5b-e3e321ccdec4', 'login', '162.158.108.58', 'PostmanRuntime/7.43.3', 0, '98267294-eb49-438b-9a9b-9aabd24bb98d', '2025-04-15 09:28:24', '2025-04-15 09:28:24');
INSERT INTO `user_activities` VALUES ('03232567-9824-4684-acb5-d2a5a151a670', '2239d434-7761-4aad-bb5b-e3e321ccdec4', 'login', '104.23.175.44', 'Dart/3.7 (dart:io)', 0, '98267294-eb49-438b-9a9b-9aabd24bb98d', '2025-04-05 20:36:13', '2025-04-05 20:36:13');
INSERT INTO `user_activities` VALUES ('0364e7cd-4aa6-443e-8593-0a22a929f5ae', '26cd0a68-ab90-4397-8c0c-af35496a13ca', 'login', '162.158.108.17', 'Dart/3.7 (dart:io)', 0, '98267294-eb49-438b-9a9b-9aabd24bb98d', '2025-04-10 12:21:57', '2025-04-10 12:21:57');
INSERT INTO `user_activities` VALUES ('0400816e-4253-4f56-85d1-aa5da4e33822', '26cd0a68-ab90-4397-8c0c-af35496a13ca', 'login', '162.158.88.6', 'Dart/3.7 (dart:io)', 0, '98267294-eb49-438b-9a9b-9aabd24bb98d', '2025-04-10 18:44:37', '2025-04-10 18:44:37');
INSERT INTO `user_activities` VALUES ('0416322c-0a3e-4d85-84bd-127e364c2ac4', '2239d434-7761-4aad-bb5b-e3e321ccdec4', 'logout', '172.68.164.55', 'Dart/3.7 (dart:io)', 22, '98267294-eb49-438b-9a9b-9aabd24bb98d', '2025-04-22 17:23:09', '2025-04-22 17:23:09');
INSERT INTO `user_activities` VALUES ('0483081a-ca31-44df-9b0d-25475cc4f3af', '2239d434-7761-4aad-bb5b-e3e321ccdec4', 'login', '172.68.164.150', 'Dart/3.7 (dart:io)', 0, '98267294-eb49-438b-9a9b-9aabd24bb98d', '2025-03-26 21:14:15', '2025-03-26 21:14:15');
INSERT INTO `user_activities` VALUES ('04d75e45-793b-4c66-b176-acb882e517a8', '2239d434-7761-4aad-bb5b-e3e321ccdec4', 'login', '172.70.92.223', 'Dart/3.7 (dart:io)', 0, '98267294-eb49-438b-9a9b-9aabd24bb98d', '2025-03-28 05:09:12', '2025-03-28 05:09:12');
INSERT INTO `user_activities` VALUES ('04e53aa5-5ef3-4d0a-bf22-7b54d15c9d27', '2239d434-7761-4aad-bb5b-e3e321ccdec4', 'login', '162.158.162.11', 'Dart/3.7 (dart:io)', 0, '98267294-eb49-438b-9a9b-9aabd24bb98d', '2025-04-20 18:53:29', '2025-04-20 18:53:29');
INSERT INTO `user_activities` VALUES ('050a1807-d51a-442e-86b7-67e17b4555f1', '26cd0a68-ab90-4397-8c0c-af35496a13ca', 'login', '162.158.88.78', 'Dart/3.7 (dart:io)', 0, '98267294-eb49-438b-9a9b-9aabd24bb98d', '2025-04-21 09:37:19', '2025-04-21 09:37:19');
INSERT INTO `user_activities` VALUES ('07b15d72-218e-46e8-b405-a85021d264bd', '2239d434-7761-4aad-bb5b-e3e321ccdec4', 'login', '172.68.164.143', 'Dart/3.7 (dart:io)', 0, '98267294-eb49-438b-9a9b-9aabd24bb98d', '2025-04-04 20:22:59', '2025-04-04 20:22:59');
INSERT INTO `user_activities` VALUES ('07e4827c-6ad1-4b43-9038-2e9a882fcf37', '869fc00e-f8dc-4ecf-94c8-e1c7b923fd1a', 'login', '172.69.176.12', 'Dart/3.7 (dart:io)', 0, 'b29ce424-fc2d-4450-862a-fe403b1ade1f', '2025-04-10 21:41:42', '2025-04-10 21:41:42');
INSERT INTO `user_activities` VALUES ('08234f80-9136-4f56-ab69-6a6bbc15a3ad', '2239d434-7761-4aad-bb5b-e3e321ccdec4', 'login', '172.70.143.221', 'Dart/3.7 (dart:io)', 0, '98267294-eb49-438b-9a9b-9aabd24bb98d', '2025-04-22 17:10:40', '2025-04-22 17:10:40');
INSERT INTO `user_activities` VALUES ('0823b982-f535-41b1-b129-e98c78830011', '26cd0a68-ab90-4397-8c0c-af35496a13ca', 'login', '162.158.108.49', 'PostmanRuntime/7.43.3', 0, '98267294-eb49-438b-9a9b-9aabd24bb98d', '2025-04-23 20:11:52', '2025-04-23 20:11:52');
INSERT INTO `user_activities` VALUES ('085cb3eb-7aa3-42f5-8834-3c85e9814355', '26cd0a68-ab90-4397-8c0c-af35496a13ca', 'login', '172.70.142.62', 'Dart/3.7 (dart:io)', 0, '98267294-eb49-438b-9a9b-9aabd24bb98d', '2025-04-19 20:51:44', '2025-04-19 20:51:44');
INSERT INTO `user_activities` VALUES ('08e4e250-da58-455f-8e7c-a0f128caacd9', '2239d434-7761-4aad-bb5b-e3e321ccdec4', 'login', '162.158.189.17', 'PostmanRuntime/7.43.2', 0, '98267294-eb49-438b-9a9b-9aabd24bb98d', '2025-03-26 21:04:39', '2025-03-26 21:04:39');
INSERT INTO `user_activities` VALUES ('09275857-6198-41de-a353-c091ba3cba35', '2239d434-7761-4aad-bb5b-e3e321ccdec4', 'login', '108.162.226.130', 'Dart/3.7 (dart:io)', 0, '98267294-eb49-438b-9a9b-9aabd24bb98d', '2025-03-28 16:58:37', '2025-03-28 16:58:37');
INSERT INTO `user_activities` VALUES ('0a050416-971b-42b2-bdac-40e47b7904e6', '26cd0a68-ab90-4397-8c0c-af35496a13ca', 'login', '162.158.108.59', 'Dart/3.7 (dart:io)', 0, '98267294-eb49-438b-9a9b-9aabd24bb98d', '2025-04-20 13:20:31', '2025-04-20 13:20:31');
INSERT INTO `user_activities` VALUES ('0b3b7cfe-c6c7-4cc9-b629-ef882a2bbb93', '26cd0a68-ab90-4397-8c0c-af35496a13ca', 'login', '108.162.227.85', 'Dart/3.7 (dart:io)', 0, '98267294-eb49-438b-9a9b-9aabd24bb98d', '2025-04-20 11:07:33', '2025-04-20 11:07:33');
INSERT INTO `user_activities` VALUES ('0b3c8dd5-ea81-424e-afd7-a13e26e04236', '2239d434-7761-4aad-bb5b-e3e321ccdec4', 'login', '162.158.88.6', 'Dart/3.7 (dart:io)', 0, '98267294-eb49-438b-9a9b-9aabd24bb98d', '2025-03-26 21:03:31', '2025-03-26 21:03:31');
INSERT INTO `user_activities` VALUES ('0c5e119f-9459-462f-b0c0-99533464aae0', '2239d434-7761-4aad-bb5b-e3e321ccdec4', 'daily_usage', '104.23.175.241', 'Dart/3.7 (dart:io)', 10140, '98267294-eb49-438b-9a9b-9aabd24bb98d', '2025-04-05 10:38:13', '2025-04-05 22:36:24');
INSERT INTO `user_activities` VALUES ('0c66b3b0-668b-498c-a130-648a55db36a4', '2239d434-7761-4aad-bb5b-e3e321ccdec4', 'login', '172.70.208.12', 'Dart/3.7 (dart:io)', 0, '98267294-eb49-438b-9a9b-9aabd24bb98d', '2025-03-26 18:03:49', '2025-03-26 18:03:49');
INSERT INTO `user_activities` VALUES ('0c9e8875-3dbe-4826-9832-0f9cea9aa295', '2239d434-7761-4aad-bb5b-e3e321ccdec4', 'login', '162.158.162.217', 'Dart/3.7 (dart:io)', 0, '98267294-eb49-438b-9a9b-9aabd24bb98d', '2025-04-05 10:56:26', '2025-04-05 10:56:26');
INSERT INTO `user_activities` VALUES ('0e72ca04-b62d-44d8-9967-03fcad0853e5', '2239d434-7761-4aad-bb5b-e3e321ccdec4', 'login', '172.70.42.100', 'PostmanRuntime/7.43.3', 0, '98267294-eb49-438b-9a9b-9aabd24bb98d', '2025-04-19 17:30:24', '2025-04-19 17:30:24');
INSERT INTO `user_activities` VALUES ('10043c31-5de4-4d40-9291-c15b696788e4', '26cd0a68-ab90-4397-8c0c-af35496a13ca', 'login', '172.71.81.151', 'Dart/3.7 (dart:io)', 0, '98267294-eb49-438b-9a9b-9aabd24bb98d', '2025-04-14 15:09:10', '2025-04-14 15:09:10');
INSERT INTO `user_activities` VALUES ('1044c488-df91-4e7f-8fc4-02e3969e7e16', '26cd0a68-ab90-4397-8c0c-af35496a13ca', 'login', '172.69.176.168', 'Dart/3.7 (dart:io)', 0, '98267294-eb49-438b-9a9b-9aabd24bb98d', '2025-04-08 07:14:06', '2025-04-08 07:14:06');
INSERT INTO `user_activities` VALUES ('10e6bc4d-2437-4244-ba92-69d60262eba1', '2239d434-7761-4aad-bb5b-e3e321ccdec4', 'login', '172.70.208.12', 'Dart/3.7 (dart:io)', 0, '98267294-eb49-438b-9a9b-9aabd24bb98d', '2025-04-19 17:03:12', '2025-04-19 17:03:12');
INSERT INTO `user_activities` VALUES ('10f7cf3f-37b0-42a7-be64-8f6bfc0a91ea', '2239d434-7761-4aad-bb5b-e3e321ccdec4', 'login', '108.162.226.214', 'Dart/3.7 (dart:io)', 0, '98267294-eb49-438b-9a9b-9aabd24bb98d', '2025-04-02 06:12:02', '2025-04-02 06:12:02');
INSERT INTO `user_activities` VALUES ('115e15e7-cfe2-48f1-a237-bc151b8ee801', '26cd0a68-ab90-4397-8c0c-af35496a13ca', 'login', '172.71.81.15', 'Dart/3.7 (dart:io)', 0, '98267294-eb49-438b-9a9b-9aabd24bb98d', '2025-04-14 18:45:15', '2025-04-14 18:45:15');
INSERT INTO `user_activities` VALUES ('1236f757-5f59-4ed4-8967-cf58274e7dce', '2239d434-7761-4aad-bb5b-e3e321ccdec4', 'login', '162.158.108.16', 'Dart/3.7 (dart:io)', 0, '98267294-eb49-438b-9a9b-9aabd24bb98d', '2025-03-28 13:39:56', '2025-03-28 13:39:56');
INSERT INTO `user_activities` VALUES ('1275b5b7-0833-4b19-9d1d-5ec7d5f35b14', '26cd0a68-ab90-4397-8c0c-af35496a13ca', 'login', '108.162.227.99', 'Dart/3.7 (dart:io)', 0, '98267294-eb49-438b-9a9b-9aabd24bb98d', '2025-04-14 14:51:19', '2025-04-14 14:51:19');
INSERT INTO `user_activities` VALUES ('13cf812c-8e42-4e7f-9e49-fa42ad5b3ab4', '26cd0a68-ab90-4397-8c0c-af35496a13ca', 'login', '162.158.162.178', 'Dart/3.7 (dart:io)', 0, '98267294-eb49-438b-9a9b-9aabd24bb98d', '2025-04-20 15:29:07', '2025-04-20 15:29:07');
INSERT INTO `user_activities` VALUES ('13e6eadd-eb59-41b4-b04e-dbdcfd77cb2f', '2239d434-7761-4aad-bb5b-e3e321ccdec4', 'login', '108.162.226.131', 'Dart/3.7 (dart:io)', 0, '98267294-eb49-438b-9a9b-9aabd24bb98d', '2025-03-27 12:37:31', '2025-03-27 12:37:31');
INSERT INTO `user_activities` VALUES ('14e85aeb-090d-413a-8e1b-0f75de4d2f00', '2239d434-7761-4aad-bb5b-e3e321ccdec4', 'login', '172.69.176.58', 'Dart/3.7 (dart:io)', 0, '98267294-eb49-438b-9a9b-9aabd24bb98d', '2025-04-20 18:47:32', '2025-04-20 18:47:32');
INSERT INTO `user_activities` VALUES ('14ff3b15-9aa4-49f3-8cf1-ac51802d22b9', '2239d434-7761-4aad-bb5b-e3e321ccdec4', 'login', '104.23.175.54', 'Dart/3.7 (dart:io)', 0, '98267294-eb49-438b-9a9b-9aabd24bb98d', '2025-03-30 19:23:39', '2025-03-30 19:23:39');
INSERT INTO `user_activities` VALUES ('1518661b-a461-4eab-9f70-c6dc4d702b07', '26cd0a68-ab90-4397-8c0c-af35496a13ca', 'login', '172.68.164.63', 'PostmanRuntime/7.43.3', 0, '98267294-eb49-438b-9a9b-9aabd24bb98d', '2025-04-21 05:29:32', '2025-04-21 05:29:32');
INSERT INTO `user_activities` VALUES ('155eaf1f-28a5-49c5-9eee-8093dd5493ff', '26cd0a68-ab90-4397-8c0c-af35496a13ca', 'login', '162.158.106.223', 'Dart/3.7 (dart:io)', 0, '98267294-eb49-438b-9a9b-9aabd24bb98d', '2025-04-10 12:39:21', '2025-04-10 12:39:21');
INSERT INTO `user_activities` VALUES ('1566927d-ccc5-4cd6-9abb-4fb75eba129a', '2239d434-7761-4aad-bb5b-e3e321ccdec4', 'login', '108.162.226.173', 'Dart/3.7 (dart:io)', 0, '98267294-eb49-438b-9a9b-9aabd24bb98d', '2025-03-26 22:50:48', '2025-03-26 22:50:48');
INSERT INTO `user_activities` VALUES ('15a0c384-d939-46d2-b13d-f914cf1dc4c0', '26cd0a68-ab90-4397-8c0c-af35496a13ca', 'daily_usage', '172.70.208.12', 'Dart/3.7 (dart:io)', 4860, '98267294-eb49-438b-9a9b-9aabd24bb98d', '2025-04-18 12:19:49', '2025-04-19 01:36:40');
INSERT INTO `user_activities` VALUES ('15ed2429-b186-4271-9288-ad24b69bbcc3', '2239d434-7761-4aad-bb5b-e3e321ccdec4', 'login', '172.70.189.133', 'Dart/3.7 (dart:io)', 0, '98267294-eb49-438b-9a9b-9aabd24bb98d', '2025-03-28 05:59:24', '2025-03-28 05:59:24');
INSERT INTO `user_activities` VALUES ('1694fc5b-628d-4bf1-9095-816d8a68e228', '2239d434-7761-4aad-bb5b-e3e321ccdec4', 'login', '172.70.208.138', 'Dart/3.7 (dart:io)', 0, '98267294-eb49-438b-9a9b-9aabd24bb98d', '2025-04-22 17:23:16', '2025-04-22 17:23:16');
INSERT INTO `user_activities` VALUES ('1713a9c4-8b33-4b9f-9629-46fc637ac045', '26cd0a68-ab90-4397-8c0c-af35496a13ca', 'login', '162.158.88.100', 'Dart/3.7 (dart:io)', 0, '98267294-eb49-438b-9a9b-9aabd24bb98d', '2025-04-07 18:44:27', '2025-04-07 18:44:27');
INSERT INTO `user_activities` VALUES ('1774762b-9e49-4157-b24b-331515f42d55', '26cd0a68-ab90-4397-8c0c-af35496a13ca', 'login', '172.70.92.140', 'Dart/3.7 (dart:io)', 0, '98267294-eb49-438b-9a9b-9aabd24bb98d', '2025-04-07 18:59:05', '2025-04-07 18:59:05');
INSERT INTO `user_activities` VALUES ('1806e5ce-6fc2-4943-8602-301946cef7f4', '2239d434-7761-4aad-bb5b-e3e321ccdec4', 'login', '172.68.164.156', 'Dart/3.7 (dart:io)', 0, '98267294-eb49-438b-9a9b-9aabd24bb98d', '2025-04-05 10:40:08', '2025-04-05 10:40:08');
INSERT INTO `user_activities` VALUES ('1812b42d-4c4b-467b-a7fa-4c67296b0a76', '2239d434-7761-4aad-bb5b-e3e321ccdec4', 'login', '172.68.164.20', 'PostmanRuntime/7.43.0', 0, '98267294-eb49-438b-9a9b-9aabd24bb98d', '2025-03-28 12:58:37', '2025-03-28 12:58:37');
INSERT INTO `user_activities` VALUES ('198f056d-94ee-4e62-84a3-d3dd62b6f18c', '2239d434-7761-4aad-bb5b-e3e321ccdec4', 'login', '172.71.81.210', 'Dart/3.7 (dart:io)', 0, '98267294-eb49-438b-9a9b-9aabd24bb98d', '2025-03-26 21:10:33', '2025-03-26 21:10:33');
INSERT INTO `user_activities` VALUES ('19cc93a3-6bc8-4c84-bda4-c314faac13c3', '26cd0a68-ab90-4397-8c0c-af35496a13ca', 'login', '162.158.189.139', 'Dart/3.7 (dart:io)', 0, '98267294-eb49-438b-9a9b-9aabd24bb98d', '2025-04-19 11:52:08', '2025-04-19 11:52:08');
INSERT INTO `user_activities` VALUES ('1a6e74d0-2235-411e-9ec4-49f4f826eaeb', '2239d434-7761-4aad-bb5b-e3e321ccdec4', 'login', '172.70.147.2', 'Dart/3.7 (dart:io)', 0, '98267294-eb49-438b-9a9b-9aabd24bb98d', '2025-04-23 19:47:29', '2025-04-23 19:47:29');
INSERT INTO `user_activities` VALUES ('1ab3f041-62c6-43e2-9840-fd6f67b4fdee', '26cd0a68-ab90-4397-8c0c-af35496a13ca', 'login', '162.158.163.134', 'PostmanRuntime/7.43.3', 0, '98267294-eb49-438b-9a9b-9aabd24bb98d', '2025-04-20 15:56:11', '2025-04-20 15:56:11');
INSERT INTO `user_activities` VALUES ('1abe13a2-ffa3-4354-ac78-93efb55e03ea', '26cd0a68-ab90-4397-8c0c-af35496a13ca', 'login', '162.158.108.92', 'Dart/3.7 (dart:io)', 0, '98267294-eb49-438b-9a9b-9aabd24bb98d', '2025-04-19 16:59:50', '2025-04-19 16:59:50');
INSERT INTO `user_activities` VALUES ('1ae3f54d-c718-4701-8225-517170276887', '26cd0a68-ab90-4397-8c0c-af35496a13ca', 'login', '108.162.226.2', 'Dart/3.7 (dart:io)', 0, '98267294-eb49-438b-9a9b-9aabd24bb98d', '2025-04-08 05:56:39', '2025-04-08 05:56:39');
INSERT INTO `user_activities` VALUES ('1b41abeb-54b6-4f62-b543-d7a6a2cdea8d', '2239d434-7761-4aad-bb5b-e3e321ccdec4', 'daily_usage', '108.162.227.39', 'Dart/3.7 (dart:io)', 4020, '98267294-eb49-438b-9a9b-9aabd24bb98d', '2025-04-04 16:06:24', '2025-04-05 06:57:09');
INSERT INTO `user_activities` VALUES ('1b8e7c3a-c698-47fa-bcf6-68ff4482dbf7', '2239d434-7761-4aad-bb5b-e3e321ccdec4', 'login', '172.68.164.121', 'PostmanRuntime/7.43.2', 0, '98267294-eb49-438b-9a9b-9aabd24bb98d', '2025-03-26 01:15:11', '2025-03-26 01:15:11');
INSERT INTO `user_activities` VALUES ('1cf6a1e3-ae0f-494a-b339-6cb782d52fd0', '26cd0a68-ab90-4397-8c0c-af35496a13ca', 'login', '162.158.108.16', 'Dart/3.7 (dart:io)', 0, '98267294-eb49-438b-9a9b-9aabd24bb98d', '2025-04-10 20:47:14', '2025-04-10 20:47:14');
INSERT INTO `user_activities` VALUES ('1e0fd5a3-19e0-4e14-bad8-881c69fd242f', '2239d434-7761-4aad-bb5b-e3e321ccdec4', 'login', '172.68.164.91', 'Dart/3.7 (dart:io)', 0, '98267294-eb49-438b-9a9b-9aabd24bb98d', '2025-03-28 05:39:19', '2025-03-28 05:39:19');
INSERT INTO `user_activities` VALUES ('1eec22b4-f9ac-47e5-8371-273af895257e', '2239d434-7761-4aad-bb5b-e3e321ccdec4', 'login', '172.70.208.139', 'Dart/3.7 (dart:io)', 0, '98267294-eb49-438b-9a9b-9aabd24bb98d', '2025-03-28 10:20:27', '2025-03-28 10:20:27');
INSERT INTO `user_activities` VALUES ('1fce708b-8e50-4f30-8265-252b26b5e277', '26cd0a68-ab90-4397-8c0c-af35496a13ca', 'login', '162.158.29.135', 'Dart/3.7 (dart:io)', 0, '98267294-eb49-438b-9a9b-9aabd24bb98d', '2025-04-10 02:23:32', '2025-04-10 02:23:32');
INSERT INTO `user_activities` VALUES ('20cc7ef9-801a-4b6b-8502-d9a04f866678', 'd6328a88-0b0a-4d46-b9c0-9e4cd97f376d', 'login', '172.68.164.83', 'Dart/3.7 (dart:io)', 0, 'b29ce424-fc2d-4450-862a-fe403b1ade1f', '2025-04-19 17:12:58', '2025-04-19 17:12:58');
INSERT INTO `user_activities` VALUES ('20f512b9-d6d8-46db-9350-107b334c22cc', '26cd0a68-ab90-4397-8c0c-af35496a13ca', 'login', '172.70.189.48', 'Dart/3.7 (dart:io)', 0, '98267294-eb49-438b-9a9b-9aabd24bb98d', '2025-04-07 20:17:16', '2025-04-07 20:17:16');
INSERT INTO `user_activities` VALUES ('21259238-f50c-4ae8-af1d-da74ce58c5a7', '26cd0a68-ab90-4397-8c0c-af35496a13ca', 'delete_pertemuan_bulanan', '162.158.163.222', 'Dart/3.7 (dart:io)', 0, '98267294-eb49-438b-9a9b-9aabd24bb98d', '2025-04-20 15:29:24', '2025-04-20 15:29:24');
INSERT INTO `user_activities` VALUES ('2156d3d3-64b6-4781-893c-db216193f78e', '2239d434-7761-4aad-bb5b-e3e321ccdec4', 'login', '172.70.189.100', 'PostmanRuntime/7.43.2', 0, '98267294-eb49-438b-9a9b-9aabd24bb98d', '2025-03-26 22:31:22', '2025-03-26 22:31:22');
INSERT INTO `user_activities` VALUES ('215c6c12-4d09-4dd3-9e6c-4ccf630bb122', '26cd0a68-ab90-4397-8c0c-af35496a13ca', 'daily_usage', '172.71.82.47', 'Dart/3.7 (dart:io)', 660, '98267294-eb49-438b-9a9b-9aabd24bb98d', '2025-04-23 13:16:03', '2025-04-23 21:02:16');
INSERT INTO `user_activities` VALUES ('218f7e09-11a4-4c9a-baec-d8460567614b', '2239d434-7761-4aad-bb5b-e3e321ccdec4', 'login', '172.70.189.178', 'Dart/3.7 (dart:io)', 0, '98267294-eb49-438b-9a9b-9aabd24bb98d', '2025-04-22 17:11:40', '2025-04-22 17:11:40');
INSERT INTO `user_activities` VALUES ('220d78c6-5b5b-4d6e-9f25-6a734d69d892', '2239d434-7761-4aad-bb5b-e3e321ccdec4', 'login', '172.70.208.116', 'Dart/3.7 (dart:io)', 0, '98267294-eb49-438b-9a9b-9aabd24bb98d', '2025-03-30 21:47:35', '2025-03-30 21:47:35');
INSERT INTO `user_activities` VALUES ('22fec8ca-3836-4a80-9ca3-7a013a733835', '2239d434-7761-4aad-bb5b-e3e321ccdec4', 'login', '172.70.143.214', 'Dart/3.7 (dart:io)', 0, '98267294-eb49-438b-9a9b-9aabd24bb98d', '2025-04-10 22:04:43', '2025-04-10 22:04:43');
INSERT INTO `user_activities` VALUES ('234d3580-c5e4-47b8-ad7c-3d7d90b4e751', '2239d434-7761-4aad-bb5b-e3e321ccdec4', 'login', '172.70.92.187', 'Dart/3.7 (dart:io)', 0, '98267294-eb49-438b-9a9b-9aabd24bb98d', '2025-03-28 10:52:55', '2025-03-28 10:52:55');
INSERT INTO `user_activities` VALUES ('24daf9a0-05e0-4e9e-a33d-3a722fb85ba1', '2239d434-7761-4aad-bb5b-e3e321ccdec4', 'login', '172.70.208.13', 'Dart/3.7 (dart:io)', 0, '98267294-eb49-438b-9a9b-9aabd24bb98d', '2025-03-26 22:44:01', '2025-03-26 22:44:01');
INSERT INTO `user_activities` VALUES ('2527916b-7399-4bf5-a68c-32a5ab5be543', '2239d434-7761-4aad-bb5b-e3e321ccdec4', 'login', '172.70.143.135', 'Dart/3.7 (dart:io)', 0, '98267294-eb49-438b-9a9b-9aabd24bb98d', '2025-03-26 21:13:18', '2025-03-26 21:13:18');
INSERT INTO `user_activities` VALUES ('2535c2eb-3c5d-40eb-b08f-4cd8ac63d694', '2239d434-7761-4aad-bb5b-e3e321ccdec4', 'login', '162.158.108.131', 'Dart/3.7 (dart:io)', 0, '98267294-eb49-438b-9a9b-9aabd24bb98d', '2025-04-05 20:37:27', '2025-04-05 20:37:27');
INSERT INTO `user_activities` VALUES ('254daf3e-46cd-450e-92a2-9195d968f6d9', '2239d434-7761-4aad-bb5b-e3e321ccdec4', 'login', '172.70.188.110', 'Dart/3.7 (dart:io)', 0, '98267294-eb49-438b-9a9b-9aabd24bb98d', '2025-04-20 18:59:41', '2025-04-20 18:59:41');
INSERT INTO `user_activities` VALUES ('2594b67d-4c8c-4510-a179-6e03d66ad22b', '2239d434-7761-4aad-bb5b-e3e321ccdec4', 'login', '172.71.124.81', 'Dart/3.7 (dart:io)', 0, '98267294-eb49-438b-9a9b-9aabd24bb98d', '2025-04-04 16:54:38', '2025-04-04 16:54:38');
INSERT INTO `user_activities` VALUES ('266316da-7ddf-41ff-94e0-e8cb013bfbf5', '2239d434-7761-4aad-bb5b-e3e321ccdec4', 'login', '104.23.175.253', 'Dart/3.7 (dart:io)', 0, '98267294-eb49-438b-9a9b-9aabd24bb98d', '2025-04-06 21:17:46', '2025-04-06 21:17:46');
INSERT INTO `user_activities` VALUES ('2676e826-2657-4e05-b4b3-c6a48a9c8230', '26cd0a68-ab90-4397-8c0c-af35496a13ca', 'daily_usage', '172.70.208.116', 'Dart/3.7 (dart:io)', 4980, '98267294-eb49-438b-9a9b-9aabd24bb98d', '2025-04-21 09:37:20', '2025-04-21 18:36:12');
INSERT INTO `user_activities` VALUES ('26bbaf05-e8df-4ec8-92bd-88f14124492e', '26cd0a68-ab90-4397-8c0c-af35496a13ca', 'daily_usage', '172.70.208.138', 'Dart/3.7 (dart:io)', 720, '98267294-eb49-438b-9a9b-9aabd24bb98d', '2025-04-11 07:01:41', '2025-04-11 08:05:59');
INSERT INTO `user_activities` VALUES ('286e2b47-f666-4a58-93f5-58baa0565459', '2239d434-7761-4aad-bb5b-e3e321ccdec4', 'login', '162.158.106.59', 'Dart/3.7 (dart:io)', 0, '98267294-eb49-438b-9a9b-9aabd24bb98d', '2025-03-28 13:27:41', '2025-03-28 13:27:41');
INSERT INTO `user_activities` VALUES ('289d4403-8fc8-46b8-8ea8-c72b577dbee0', '26cd0a68-ab90-4397-8c0c-af35496a13ca', 'login', '162.158.88.29', 'Dart/3.7 (dart:io)', 0, '98267294-eb49-438b-9a9b-9aabd24bb98d', '2025-04-07 18:46:07', '2025-04-07 18:46:07');
INSERT INTO `user_activities` VALUES ('28d9a4fe-bfe1-4b74-9e90-3a05aa2462ab', '2239d434-7761-4aad-bb5b-e3e321ccdec4', 'daily_usage', '104.23.175.224', 'Dart/3.7 (dart:io)', 1140, '98267294-eb49-438b-9a9b-9aabd24bb98d', '2025-04-01 21:43:55', '2025-04-02 06:23:32');
INSERT INTO `user_activities` VALUES ('29679e2e-c87f-4d83-b237-b37519a2bbf4', '2239d434-7761-4aad-bb5b-e3e321ccdec4', 'login', '162.158.107.56', 'Dart/3.7 (dart:io)', 0, '98267294-eb49-438b-9a9b-9aabd24bb98d', '2025-03-27 08:54:51', '2025-03-27 08:54:51');
INSERT INTO `user_activities` VALUES ('296d4ef1-5d59-4240-ae93-f2e0b0d1f7b3', '2239d434-7761-4aad-bb5b-e3e321ccdec4', 'daily_usage', '162.158.170.86', 'Dart/3.7 (dart:io)', 600, '98267294-eb49-438b-9a9b-9aabd24bb98d', '2025-04-17 08:36:34', '2025-04-17 17:04:30');
INSERT INTO `user_activities` VALUES ('29985ba3-3778-4d95-b6bf-85aed6b6827f', '2239d434-7761-4aad-bb5b-e3e321ccdec4', 'login', '172.71.152.6', 'Dart/3.7 (dart:io)', 0, '98267294-eb49-438b-9a9b-9aabd24bb98d', '2025-04-22 18:07:52', '2025-04-22 18:07:52');
INSERT INTO `user_activities` VALUES ('29db8c6e-1286-457c-801e-0c250dd420ec', 'dba9b8f1-d12c-4429-8863-d4ee80fd9f34', 'daily_usage', '172.70.189.61', 'PostmanRuntime/7.43.3', 120, 'e8546a78-7a5a-47fc-86b9-f2b233a89e8b', '2025-04-04 16:42:34', '2025-04-04 16:43:12');
INSERT INTO `user_activities` VALUES ('2a022b4a-2c46-4195-80fc-919e19040a2b', '26cd0a68-ab90-4397-8c0c-af35496a13ca', 'login', '104.23.175.124', 'Dart/3.7 (dart:io)', 0, '98267294-eb49-438b-9a9b-9aabd24bb98d', '2025-04-19 12:13:02', '2025-04-19 12:13:02');
INSERT INTO `user_activities` VALUES ('2a9e857b-e049-49ad-9a4e-1e796110fa38', '2239d434-7761-4aad-bb5b-e3e321ccdec4', 'login', '162.158.108.23', 'Dart/3.7 (dart:io)', 0, '98267294-eb49-438b-9a9b-9aabd24bb98d', '2025-04-23 09:57:14', '2025-04-23 09:57:14');
INSERT INTO `user_activities` VALUES ('2ae4f813-79f6-425d-8e73-b2b6f3b48e5e', '26cd0a68-ab90-4397-8c0c-af35496a13ca', 'login', '172.70.188.8', 'Dart/3.7 (dart:io)', 0, '98267294-eb49-438b-9a9b-9aabd24bb98d', '2025-04-07 19:03:13', '2025-04-07 19:03:13');
INSERT INTO `user_activities` VALUES ('2b78d2e6-e9bc-4aca-bc39-2e1731356cc1', 'dba9b8f1-d12c-4429-8863-d4ee80fd9f34', 'login', '162.158.106.153', 'PostmanRuntime/7.43.2', 0, 'e8546a78-7a5a-47fc-86b9-f2b233a89e8b', '2025-03-26 17:16:29', '2025-03-26 17:16:29');
INSERT INTO `user_activities` VALUES ('2ba93be3-23e8-4ce6-a0ee-8e2dad8e0c8c', '26cd0a68-ab90-4397-8c0c-af35496a13ca', 'login', '172.71.124.158', 'Dart/3.7 (dart:io)', 0, '98267294-eb49-438b-9a9b-9aabd24bb98d', '2025-04-10 14:05:20', '2025-04-10 14:05:20');
INSERT INTO `user_activities` VALUES ('2c4f0397-05c1-4c0b-b514-f4d5167cf983', '2239d434-7761-4aad-bb5b-e3e321ccdec4', 'logout', '172.70.208.12', 'Dart/3.7 (dart:io)', 6866, '98267294-eb49-438b-9a9b-9aabd24bb98d', '2025-04-23 11:51:40', '2025-04-23 11:51:40');
INSERT INTO `user_activities` VALUES ('2cd1cb57-2082-420e-8302-a6f2483f5df2', '26cd0a68-ab90-4397-8c0c-af35496a13ca', 'login', '172.71.124.105', 'Dart/3.7 (dart:io)', 0, '98267294-eb49-438b-9a9b-9aabd24bb98d', '2025-04-07 20:11:24', '2025-04-07 20:11:24');
INSERT INTO `user_activities` VALUES ('2d084808-8b40-4e00-9ee5-2eb484511bfb', '2239d434-7761-4aad-bb5b-e3e321ccdec4', 'daily_usage', '172.68.164.96', 'Dart/3.7 (dart:io)', 8100, '98267294-eb49-438b-9a9b-9aabd24bb98d', '2025-03-28 07:54:20', '2025-03-28 17:38:43');
INSERT INTO `user_activities` VALUES ('2d9f6d57-481c-42db-ba08-2e301992d52e', '26cd0a68-ab90-4397-8c0c-af35496a13ca', 'login', '108.162.227.66', 'Dart/3.7 (dart:io)', 0, '98267294-eb49-438b-9a9b-9aabd24bb98d', '2025-04-08 09:21:09', '2025-04-08 09:21:09');
INSERT INTO `user_activities` VALUES ('2da76f1e-1df1-493d-924e-ea583ccdd3da', 'd6328a88-0b0a-4d46-b9c0-9e4cd97f376d', 'daily_usage', '104.23.175.27', 'Dart/3.7 (dart:io)', 960, 'b29ce424-fc2d-4450-862a-fe403b1ade1f', '2025-04-19 17:12:59', '2025-04-19 21:14:36');
INSERT INTO `user_activities` VALUES ('2e16d535-5f72-4c7a-bafe-0235b7547b73', '2239d434-7761-4aad-bb5b-e3e321ccdec4', 'login', '104.23.175.199', 'Dart/3.7 (dart:io)', 0, '98267294-eb49-438b-9a9b-9aabd24bb98d', '2025-04-21 10:45:10', '2025-04-21 10:45:10');
INSERT INTO `user_activities` VALUES ('2f153723-03b3-4aee-80d2-6369bb9f51a9', '2239d434-7761-4aad-bb5b-e3e321ccdec4', 'login', '172.70.143.6', 'Dart/3.7 (dart:io)', 0, '98267294-eb49-438b-9a9b-9aabd24bb98d', '2025-03-27 10:00:00', '2025-03-27 10:00:00');
INSERT INTO `user_activities` VALUES ('2f2803cf-c7e2-4121-b0b3-bd4a7269246a', '26cd0a68-ab90-4397-8c0c-af35496a13ca', 'daily_usage', '108.162.227.39', 'Dart/3.7 (dart:io)', 8040, '98267294-eb49-438b-9a9b-9aabd24bb98d', '2025-04-09 10:19:23', '2025-04-10 02:23:43');
INSERT INTO `user_activities` VALUES ('2f639b42-ea50-461b-b325-c17f60f0cd53', '26cd0a68-ab90-4397-8c0c-af35496a13ca', 'login', '172.71.124.139', 'Dart/3.7 (dart:io)', 0, '98267294-eb49-438b-9a9b-9aabd24bb98d', '2025-04-19 19:23:14', '2025-04-19 19:23:14');
INSERT INTO `user_activities` VALUES ('2fbcb6ce-ec6f-44c7-b20f-7e960ae803c6', '2239d434-7761-4aad-bb5b-e3e321ccdec4', 'login', '172.70.208.161', 'Dart/3.7 (dart:io)', 0, '98267294-eb49-438b-9a9b-9aabd24bb98d', '2025-03-27 08:46:32', '2025-03-27 08:46:32');
INSERT INTO `user_activities` VALUES ('2ff73300-d6f5-4a9a-a0a0-508f29e08daf', '26cd0a68-ab90-4397-8c0c-af35496a13ca', 'login', '172.71.152.31', 'Dart/3.7 (dart:io)', 0, '98267294-eb49-438b-9a9b-9aabd24bb98d', '2025-04-20 13:37:33', '2025-04-20 13:37:33');
INSERT INTO `user_activities` VALUES ('3143cc71-e579-410f-b32b-b39634ac58c1', '26cd0a68-ab90-4397-8c0c-af35496a13ca', 'login', '172.70.143.236', 'Dart/3.7 (dart:io)', 0, '98267294-eb49-438b-9a9b-9aabd24bb98d', '2025-04-07 20:10:40', '2025-04-07 20:10:40');
INSERT INTO `user_activities` VALUES ('323ab6c0-3e63-4c7d-be95-01a462f5a96f', '26cd0a68-ab90-4397-8c0c-af35496a13ca', 'login', '172.69.176.52', 'Dart/3.7 (dart:io)', 0, '98267294-eb49-438b-9a9b-9aabd24bb98d', '2025-04-20 18:40:07', '2025-04-20 18:40:07');
INSERT INTO `user_activities` VALUES ('329128d9-83e6-4875-9b0c-5aab7d947ccd', '26cd0a68-ab90-4397-8c0c-af35496a13ca', 'login', '172.68.164.61', 'Dart/3.7 (dart:io)', 0, '98267294-eb49-438b-9a9b-9aabd24bb98d', '2025-04-10 21:19:06', '2025-04-10 21:19:06');
INSERT INTO `user_activities` VALUES ('3295e888-e64c-4409-9165-4e6c7caa2a5d', '26cd0a68-ab90-4397-8c0c-af35496a13ca', 'daily_usage', '172.71.124.138', 'PostmanRuntime/7.43.2', 2100, '98267294-eb49-438b-9a9b-9aabd24bb98d', '2025-03-27 17:56:16', '2025-03-28 01:06:25');
INSERT INTO `user_activities` VALUES ('3299e62c-aa74-4915-baeb-cc6a84ecb271', '26cd0a68-ab90-4397-8c0c-af35496a13ca', 'login', '172.68.242.62', 'Dart/3.7 (dart:io)', 0, '98267294-eb49-438b-9a9b-9aabd24bb98d', '2025-04-08 06:55:01', '2025-04-08 06:55:01');
INSERT INTO `user_activities` VALUES ('34123fbf-f363-4255-986e-2029e09e4833', '2239d434-7761-4aad-bb5b-e3e321ccdec4', 'logout', '172.68.164.55', 'Dart/3.7 (dart:io)', 176, '98267294-eb49-438b-9a9b-9aabd24bb98d', '2025-04-22 17:22:37', '2025-04-22 17:22:37');
INSERT INTO `user_activities` VALUES ('3455737a-67a2-4e0c-bdf8-bdbcd7215f23', '2239d434-7761-4aad-bb5b-e3e321ccdec4', 'login', '172.68.164.20', 'Dart/3.7 (dart:io)', 0, '98267294-eb49-438b-9a9b-9aabd24bb98d', '2025-04-05 18:00:15', '2025-04-05 18:00:15');
INSERT INTO `user_activities` VALUES ('34a1dffd-adcd-4abb-8b71-d7997c69b10a', '26cd0a68-ab90-4397-8c0c-af35496a13ca', 'login', '172.68.164.67', 'Dart/3.7 (dart:io)', 0, '98267294-eb49-438b-9a9b-9aabd24bb98d', '2025-04-07 18:21:18', '2025-04-07 18:21:18');
INSERT INTO `user_activities` VALUES ('34cce153-7d90-40e9-88f7-c78610012808', '869fc00e-f8dc-4ecf-94c8-e1c7b923fd1a', 'daily_usage', '172.70.142.4', 'Dart/3.7 (dart:io)', 3900, 'b29ce424-fc2d-4450-862a-fe403b1ade1f', '2025-04-10 21:40:09', '2025-04-10 21:55:18');
INSERT INTO `user_activities` VALUES ('35cfe91a-187d-484d-9495-fffeeedce5d1', '2239d434-7761-4aad-bb5b-e3e321ccdec4', 'login', '104.23.175.241', 'Dart/3.7 (dart:io)', 0, '98267294-eb49-438b-9a9b-9aabd24bb98d', '2025-04-05 20:42:07', '2025-04-05 20:42:07');
INSERT INTO `user_activities` VALUES ('35e20e49-5e43-44ee-b77e-d46d6a0192cf', '2239d434-7761-4aad-bb5b-e3e321ccdec4', 'login', '172.70.92.242', 'Dart/3.7 (dart:io)', 0, '98267294-eb49-438b-9a9b-9aabd24bb98d', '2025-04-08 09:57:42', '2025-04-08 09:57:42');
INSERT INTO `user_activities` VALUES ('366c3878-4d9e-42f8-92aa-4fa3fa7d62af', '2239d434-7761-4aad-bb5b-e3e321ccdec4', 'login', '172.69.176.23', 'Dart/3.7 (dart:io)', 0, '98267294-eb49-438b-9a9b-9aabd24bb98d', '2025-03-28 11:09:09', '2025-03-28 11:09:09');
INSERT INTO `user_activities` VALUES ('3797fb7f-d94a-41c6-88e6-a8bb4ef11b4e', '2239d434-7761-4aad-bb5b-e3e321ccdec4', 'login', '162.158.162.121', 'Dart/3.7 (dart:io)', 0, '98267294-eb49-438b-9a9b-9aabd24bb98d', '2025-03-28 12:36:58', '2025-03-28 12:36:58');
INSERT INTO `user_activities` VALUES ('38290d71-3f9e-453c-a096-1cbbbf76087e', '2239d434-7761-4aad-bb5b-e3e321ccdec4', 'login', '172.70.208.138', 'Dart/3.7 (dart:io)', 0, '98267294-eb49-438b-9a9b-9aabd24bb98d', '2025-04-19 21:13:22', '2025-04-19 21:13:22');
INSERT INTO `user_activities` VALUES ('3898b16b-b7a3-4356-99d6-097ed58436d9', '2239d434-7761-4aad-bb5b-e3e321ccdec4', 'login', '172.69.166.19', 'Dart/3.7 (dart:io)', 0, '98267294-eb49-438b-9a9b-9aabd24bb98d', '2025-03-30 21:39:45', '2025-03-30 21:39:45');
INSERT INTO `user_activities` VALUES ('389fd250-fdc4-4989-a438-97ac8a252927', '2239d434-7761-4aad-bb5b-e3e321ccdec4', 'login', '172.68.164.29', 'Dart/3.7 (dart:io)', 0, '98267294-eb49-438b-9a9b-9aabd24bb98d', '2025-03-26 21:15:09', '2025-03-26 21:15:09');
INSERT INTO `user_activities` VALUES ('38f2a25a-e629-454a-9418-40fdb18b773e', '2239d434-7761-4aad-bb5b-e3e321ccdec4', 'login', '172.70.92.249', 'Dart/3.7 (dart:io)', 0, '98267294-eb49-438b-9a9b-9aabd24bb98d', '2025-03-26 18:04:05', '2025-03-26 18:04:05');
INSERT INTO `user_activities` VALUES ('3aaf5fe0-faa2-4a33-8f36-854a0e4cb8db', '2239d434-7761-4aad-bb5b-e3e321ccdec4', 'logout', '172.69.176.7', 'Dart/3.7 (dart:io)', 206, '98267294-eb49-438b-9a9b-9aabd24bb98d', '2025-04-22 17:19:30', '2025-04-22 17:19:30');
INSERT INTO `user_activities` VALUES ('3b7e4f60-1c0b-42c4-8616-2ba1bc1ae7f7', '2239d434-7761-4aad-bb5b-e3e321ccdec4', 'daily_usage', '172.70.208.161', 'Dart/3.7 (dart:io)', 2760, '98267294-eb49-438b-9a9b-9aabd24bb98d', '2025-04-23 09:12:45', '2025-04-23 20:10:17');
INSERT INTO `user_activities` VALUES ('3c863a7b-6bf0-48df-9230-467570b09123', '869fc00e-f8dc-4ecf-94c8-e1c7b923fd1a', 'daily_usage', '172.70.142.26', 'PostmanRuntime/7.43.3', 2460, 'b29ce424-fc2d-4450-862a-fe403b1ade1f', '2025-04-20 14:11:21', '2025-04-20 15:54:26');
INSERT INTO `user_activities` VALUES ('3d3e88b4-9246-47ed-8f2f-0405c18d427b', '2239d434-7761-4aad-bb5b-e3e321ccdec4', 'login', '162.158.88.86', 'Dart/3.7 (dart:io)', 0, '98267294-eb49-438b-9a9b-9aabd24bb98d', '2025-03-27 10:04:55', '2025-03-27 10:04:55');
INSERT INTO `user_activities` VALUES ('3df393ce-95d2-4358-85e9-c1c5bc456b59', '2239d434-7761-4aad-bb5b-e3e321ccdec4', 'login', '162.158.163.88', 'Dart/3.7 (dart:io)', 0, '98267294-eb49-438b-9a9b-9aabd24bb98d', '2025-04-23 20:09:00', '2025-04-23 20:09:00');
INSERT INTO `user_activities` VALUES ('3e057ea7-7ecd-4aca-8029-f8598dd3094d', '26cd0a68-ab90-4397-8c0c-af35496a13ca', 'daily_usage', '108.162.227.116', 'Dart/3.7 (dart:io)', 22200, '98267294-eb49-438b-9a9b-9aabd24bb98d', '2025-04-20 11:07:33', '2025-04-21 05:29:44');
INSERT INTO `user_activities` VALUES ('3eaeb462-37e0-4045-a04f-d548b0c43d17', '2239d434-7761-4aad-bb5b-e3e321ccdec4', 'login', '172.71.152.56', 'Dart/3.7 (dart:io)', 0, '98267294-eb49-438b-9a9b-9aabd24bb98d', '2025-03-26 22:49:42', '2025-03-26 22:49:42');
INSERT INTO `user_activities` VALUES ('3eb902a5-c404-45fa-9a65-a862d65c535f', '26cd0a68-ab90-4397-8c0c-af35496a13ca', 'login', '162.158.107.3', 'Dart/3.7 (dart:io)', 0, '98267294-eb49-438b-9a9b-9aabd24bb98d', '2025-04-14 13:07:00', '2025-04-14 13:07:00');
INSERT INTO `user_activities` VALUES ('3efe411b-5a1a-4198-8282-07fbeaf23e0e', 'dba9b8f1-d12c-4429-8863-d4ee80fd9f34', 'daily_usage', '162.158.108.158', 'PostmanRuntime/7.43.3', 60, 'e8546a78-7a5a-47fc-86b9-f2b233a89e8b', '2025-04-17 17:05:29', '2025-04-17 17:05:29');
INSERT INTO `user_activities` VALUES ('3f414419-9dd2-4754-8bfd-2cb866574cdd', '2239d434-7761-4aad-bb5b-e3e321ccdec4', 'login', '172.70.208.13', 'Dart/3.7 (dart:io)', 0, '98267294-eb49-438b-9a9b-9aabd24bb98d', '2025-03-26 23:03:54', '2025-03-26 23:03:54');
INSERT INTO `user_activities` VALUES ('40057068-d978-4d37-a9dd-d1668a0ebf66', '26cd0a68-ab90-4397-8c0c-af35496a13ca', 'login', '162.158.162.81', 'Dart/3.7 (dart:io)', 0, '98267294-eb49-438b-9a9b-9aabd24bb98d', '2025-04-14 20:17:44', '2025-04-14 20:17:44');
INSERT INTO `user_activities` VALUES ('4112e527-ab47-4931-90c5-d1918cc5f471', '26cd0a68-ab90-4397-8c0c-af35496a13ca', 'login', '172.70.143.92', 'Dart/3.7 (dart:io)', 0, '98267294-eb49-438b-9a9b-9aabd24bb98d', '2025-04-07 18:24:58', '2025-04-07 18:24:58');
INSERT INTO `user_activities` VALUES ('418f3776-7b30-492d-a2ce-95dbbe8d620a', '2239d434-7761-4aad-bb5b-e3e321ccdec4', 'login', '172.69.176.134', 'Dart/3.7 (dart:io)', 0, '98267294-eb49-438b-9a9b-9aabd24bb98d', '2025-03-26 21:09:37', '2025-03-26 21:09:37');
INSERT INTO `user_activities` VALUES ('41b194b9-0aad-40da-8724-e1569f5b0761', '2239d434-7761-4aad-bb5b-e3e321ccdec4', 'login', '162.158.162.170', 'Dart/3.7 (dart:io)', 0, '98267294-eb49-438b-9a9b-9aabd24bb98d', '2025-03-27 10:57:04', '2025-03-27 10:57:04');
INSERT INTO `user_activities` VALUES ('41d84181-73fc-453f-86d6-0f99d56bdf5a', '2239d434-7761-4aad-bb5b-e3e321ccdec4', 'login', '172.69.176.149', 'Dart/3.7 (dart:io)', 0, '98267294-eb49-438b-9a9b-9aabd24bb98d', '2025-03-26 23:01:10', '2025-03-26 23:01:10');
INSERT INTO `user_activities` VALUES ('41ff1cd1-9703-429f-953c-6cb3149e4060', '26cd0a68-ab90-4397-8c0c-af35496a13ca', 'login', '172.68.242.98', 'Dart/3.7 (dart:io)', 0, '98267294-eb49-438b-9a9b-9aabd24bb98d', '2025-04-11 08:03:17', '2025-04-11 08:03:17');
INSERT INTO `user_activities` VALUES ('4235cef7-c078-4ae9-ad4e-f3e8399991a6', '2239d434-7761-4aad-bb5b-e3e321ccdec4', 'login', '162.158.171.31', 'Dart/3.7 (dart:io)', 0, '98267294-eb49-438b-9a9b-9aabd24bb98d', '2025-03-28 17:08:12', '2025-03-28 17:08:12');
INSERT INTO `user_activities` VALUES ('432192c9-c9f8-426c-ac2c-58b575a06f70', '2239d434-7761-4aad-bb5b-e3e321ccdec4', 'login', '104.23.175.152', 'Dart/3.7 (dart:io)', 0, '98267294-eb49-438b-9a9b-9aabd24bb98d', '2025-04-22 17:16:04', '2025-04-22 17:16:04');
INSERT INTO `user_activities` VALUES ('4355c2f3-fcd4-469b-a742-774d4003d8a6', '2239d434-7761-4aad-bb5b-e3e321ccdec4', 'login', '162.158.107.2', 'Dart/3.7 (dart:io)', 0, '98267294-eb49-438b-9a9b-9aabd24bb98d', '2025-03-28 13:32:47', '2025-03-28 13:32:47');
INSERT INTO `user_activities` VALUES ('435f18ba-6d4d-4e05-95fa-409b1f173441', '26cd0a68-ab90-4397-8c0c-af35496a13ca', 'daily_usage', '172.71.124.145', 'Dart/3.7 (dart:io)', 33120, '98267294-eb49-438b-9a9b-9aabd24bb98d', '2025-04-19 11:22:30', '2025-04-19 23:52:37');
INSERT INTO `user_activities` VALUES ('43e315ad-43fa-46e9-9908-76565978f2a7', '2239d434-7761-4aad-bb5b-e3e321ccdec4', 'login', '172.68.242.122', 'Dart/3.7 (dart:io)', 0, '98267294-eb49-438b-9a9b-9aabd24bb98d', '2025-04-08 07:45:52', '2025-04-08 07:45:52');
INSERT INTO `user_activities` VALUES ('44be1ca2-0821-493a-954e-ef430aeebc4a', '26cd0a68-ab90-4397-8c0c-af35496a13ca', 'login', '172.70.188.9', 'Dart/3.7 (dart:io)', 0, '98267294-eb49-438b-9a9b-9aabd24bb98d', '2025-04-07 18:20:57', '2025-04-07 18:20:57');
INSERT INTO `user_activities` VALUES ('457f1570-62a1-4dc9-a4bd-ee916a61ed64', '2239d434-7761-4aad-bb5b-e3e321ccdec4', 'login', '172.69.166.18', 'Dart/3.7 (dart:io)', 0, '98267294-eb49-438b-9a9b-9aabd24bb98d', '2025-04-03 09:24:56', '2025-04-03 09:24:56');
INSERT INTO `user_activities` VALUES ('4600ca83-c0cc-4d59-998c-2658e91e475b', '869fc00e-f8dc-4ecf-94c8-e1c7b923fd1a', 'daily_usage', '162.158.170.194', 'Dart/3.7 (dart:io)', 1320, 'b29ce424-fc2d-4450-862a-fe403b1ade1f', '2025-04-12 01:19:21', '2025-04-12 02:31:18');
INSERT INTO `user_activities` VALUES ('46cb4b1c-e6e4-4a43-a5df-d18d55ff3af1', '26cd0a68-ab90-4397-8c0c-af35496a13ca', 'login', '172.69.176.13', 'Dart/3.7 (dart:io)', 0, '98267294-eb49-438b-9a9b-9aabd24bb98d', '2025-04-07 18:24:16', '2025-04-07 18:24:16');
INSERT INTO `user_activities` VALUES ('4719f371-0dee-4a82-8e5f-4cd3730167fc', '2239d434-7761-4aad-bb5b-e3e321ccdec4', 'login', '162.158.108.22', 'Dart/3.7 (dart:io)', 0, '98267294-eb49-438b-9a9b-9aabd24bb98d', '2025-04-07 18:23:43', '2025-04-07 18:23:43');
INSERT INTO `user_activities` VALUES ('477820c6-9074-48b0-bf8c-d4e86787b0b2', '2239d434-7761-4aad-bb5b-e3e321ccdec4', 'login', '162.158.108.8', 'Dart/3.7 (dart:io)', 0, '98267294-eb49-438b-9a9b-9aabd24bb98d', '2025-04-08 05:54:39', '2025-04-08 05:54:39');
INSERT INTO `user_activities` VALUES ('478cbe08-a97c-4457-89f0-63ee87dd45e1', '2239d434-7761-4aad-bb5b-e3e321ccdec4', 'login', '108.162.226.26', 'PostmanRuntime/7.43.3', 0, '98267294-eb49-438b-9a9b-9aabd24bb98d', '2025-04-10 20:25:55', '2025-04-10 20:25:55');
INSERT INTO `user_activities` VALUES ('47f8dda2-da2d-4256-a25d-0762cc77813e', '26cd0a68-ab90-4397-8c0c-af35496a13ca', 'login', '172.69.176.149', 'Dart/3.7 (dart:io)', 0, '98267294-eb49-438b-9a9b-9aabd24bb98d', '2025-04-09 11:20:06', '2025-04-09 11:20:06');
INSERT INTO `user_activities` VALUES ('48c5a944-4007-4a0c-abfd-48a4aa4de942', '2239d434-7761-4aad-bb5b-e3e321ccdec4', 'daily_usage', '108.162.226.91', 'Dart/3.7 (dart:io)', 1800, '98267294-eb49-438b-9a9b-9aabd24bb98d', '2025-03-30 19:18:05', '2025-03-30 21:58:24');
INSERT INTO `user_activities` VALUES ('4943023b-4a3a-4de4-87dd-8a93c7c9ce79', '26cd0a68-ab90-4397-8c0c-af35496a13ca', 'daily_usage', '172.70.208.13', 'PostmanRuntime/7.43.2', 1860, '98267294-eb49-438b-9a9b-9aabd24bb98d', '2025-03-28 13:05:35', '2025-03-28 21:20:45');
INSERT INTO `user_activities` VALUES ('49f4a7ef-5674-4361-a88e-fa5694d95c01', '26cd0a68-ab90-4397-8c0c-af35496a13ca', 'daily_usage', '108.162.227.145', 'Dart/3.7 (dart:io)', 14640, '98267294-eb49-438b-9a9b-9aabd24bb98d', '2025-04-14 10:52:13', '2025-04-14 20:18:40');
INSERT INTO `user_activities` VALUES ('4a998fce-e4e8-41a6-a95f-cd26758aaeff', '2239d434-7761-4aad-bb5b-e3e321ccdec4', 'login', '172.70.147.3', 'Dart/3.7 (dart:io)', 0, '98267294-eb49-438b-9a9b-9aabd24bb98d', '2025-03-31 20:34:59', '2025-03-31 20:34:59');
INSERT INTO `user_activities` VALUES ('4bc7d3f9-36fc-4fb3-8b8b-88eee3397733', '26cd0a68-ab90-4397-8c0c-af35496a13ca', 'login', '172.71.81.250', 'Dart/3.7 (dart:io)', 0, '98267294-eb49-438b-9a9b-9aabd24bb98d', '2025-04-10 21:04:45', '2025-04-10 21:04:45');
INSERT INTO `user_activities` VALUES ('4be63244-c0e8-45bb-a93b-ffdfa501172b', '2239d434-7761-4aad-bb5b-e3e321ccdec4', 'logout', '172.70.143.125', 'Dart/3.7 (dart:io)', 53, '98267294-eb49-438b-9a9b-9aabd24bb98d', '2025-04-22 17:11:33', '2025-04-22 17:11:33');
INSERT INTO `user_activities` VALUES ('4c2c6a54-2926-4e5d-bcf9-611b452a58e4', '1f36c732-e5b1-47bf-bc21-6108eeb5b374', 'logout', '104.23.175.80', 'Dart/3.7 (dart:io)', 139, '98267294-eb49-438b-9a9b-9aabd24bb98d', '2025-04-20 18:58:38', '2025-04-20 18:58:38');
INSERT INTO `user_activities` VALUES ('4c904096-f812-4d85-b8df-e950feaa843f', '2239d434-7761-4aad-bb5b-e3e321ccdec4', 'daily_usage', '172.69.176.149', 'Dart/3.7 (dart:io)', 1680, '98267294-eb49-438b-9a9b-9aabd24bb98d', '2025-04-22 16:50:49', '2025-04-22 18:07:53');
INSERT INTO `user_activities` VALUES ('4d4495bc-f4bc-4139-8746-7b5a7ea5be3e', '2239d434-7761-4aad-bb5b-e3e321ccdec4', 'login', '162.158.170.70', 'Dart/3.7 (dart:io)', 0, '98267294-eb49-438b-9a9b-9aabd24bb98d', '2025-04-08 05:54:03', '2025-04-08 05:54:03');
INSERT INTO `user_activities` VALUES ('4e0eb4ab-9f24-43f8-9f3a-6839bf2a6c59', '1f36c732-e5b1-47bf-bc21-6108eeb5b374', 'login', '172.70.208.12', 'Dart/3.7 (dart:io)', 0, '98267294-eb49-438b-9a9b-9aabd24bb98d', '2025-04-10 13:19:13', '2025-04-10 13:19:13');
INSERT INTO `user_activities` VALUES ('4e5974d5-dc43-42f5-84f8-01133b8f5873', '26cd0a68-ab90-4397-8c0c-af35496a13ca', 'login', '162.158.88.110', 'Dart/3.7 (dart:io)', 0, '98267294-eb49-438b-9a9b-9aabd24bb98d', '2025-04-19 12:08:00', '2025-04-19 12:08:00');
INSERT INTO `user_activities` VALUES ('4f7203b7-9e9f-4b44-9713-c5a7f85dfdeb', '26cd0a68-ab90-4397-8c0c-af35496a13ca', 'login', '162.158.106.98', 'Dart/3.7 (dart:io)', 0, '98267294-eb49-438b-9a9b-9aabd24bb98d', '2025-04-19 23:40:04', '2025-04-19 23:40:04');
INSERT INTO `user_activities` VALUES ('5054e338-bc7c-405e-87ff-374e36e4050b', '2239d434-7761-4aad-bb5b-e3e321ccdec4', 'logout', '172.71.124.4', 'Dart/3.7 (dart:io)', 5, '98267294-eb49-438b-9a9b-9aabd24bb98d', '2025-04-23 19:47:59', '2025-04-23 19:47:59');
INSERT INTO `user_activities` VALUES ('505a0b10-cb2b-43a1-bae8-8ccb920fc3d7', '26cd0a68-ab90-4397-8c0c-af35496a13ca', 'login', '162.158.108.152', 'Dart/3.7 (dart:io)', 0, '98267294-eb49-438b-9a9b-9aabd24bb98d', '2025-04-07 18:55:53', '2025-04-07 18:55:53');
INSERT INTO `user_activities` VALUES ('515838d4-871f-4ac4-bda2-e4c25b13b2b7', '26cd0a68-ab90-4397-8c0c-af35496a13ca', 'login', '172.68.164.91', 'Dart/3.7 (dart:io)', 0, '98267294-eb49-438b-9a9b-9aabd24bb98d', '2025-04-09 17:28:49', '2025-04-09 17:28:49');
INSERT INTO `user_activities` VALUES ('52316ae8-9793-4987-ba8c-b3d9a45a5ce6', '26cd0a68-ab90-4397-8c0c-af35496a13ca', 'login', '172.68.164.62', 'Dart/3.7 (dart:io)', 0, '98267294-eb49-438b-9a9b-9aabd24bb98d', '2025-04-18 17:45:08', '2025-04-18 17:45:08');
INSERT INTO `user_activities` VALUES ('538a045c-6063-4b1e-b9fd-786f609c0f56', '2239d434-7761-4aad-bb5b-e3e321ccdec4', 'daily_usage', '172.71.124.233', 'Dart/3.7 (dart:io)', 6480, '98267294-eb49-438b-9a9b-9aabd24bb98d', '2025-04-06 12:38:55', '2025-04-07 01:10:12');
INSERT INTO `user_activities` VALUES ('540579d4-c761-42bf-b655-c7d20b9808df', '26cd0a68-ab90-4397-8c0c-af35496a13ca', 'login', '172.70.142.150', 'Dart/3.7 (dart:io)', 0, '98267294-eb49-438b-9a9b-9aabd24bb98d', '2025-04-14 14:24:08', '2025-04-14 14:24:08');
INSERT INTO `user_activities` VALUES ('5407382d-5576-4556-9b69-c3fd1c748632', '26cd0a68-ab90-4397-8c0c-af35496a13ca', 'daily_usage', '162.158.107.3', 'Dart/3.7 (dart:io)', 3420, '98267294-eb49-438b-9a9b-9aabd24bb98d', '2025-04-16 08:02:11', '2025-04-16 19:46:27');
INSERT INTO `user_activities` VALUES ('54538fbc-e6fa-4527-adf9-b54ba4b380a9', '2239d434-7761-4aad-bb5b-e3e321ccdec4', 'daily_usage', '162.158.189.35', 'PostmanRuntime/7.43.2', 3780, '98267294-eb49-438b-9a9b-9aabd24bb98d', '2025-03-26 12:22:49', '2025-03-26 23:20:14');
INSERT INTO `user_activities` VALUES ('55689988-40db-4212-ab65-0960f16c4608', '2239d434-7761-4aad-bb5b-e3e321ccdec4', 'login', '172.71.124.200', 'Dart/3.7 (dart:io)', 0, '98267294-eb49-438b-9a9b-9aabd24bb98d', '2025-03-26 21:54:38', '2025-03-26 21:54:38');
INSERT INTO `user_activities` VALUES ('567f86e3-af9c-4e82-b9ae-c8ac9eab1f10', '2239d434-7761-4aad-bb5b-e3e321ccdec4', 'logout', '162.158.88.12', 'Dart/3.7 (dart:io)', 46, '98267294-eb49-438b-9a9b-9aabd24bb98d', '2025-04-22 17:15:55', '2025-04-22 17:15:55');
INSERT INTO `user_activities` VALUES ('56d8c4a4-3e2d-4ff9-8bbb-f9107493ca85', '2239d434-7761-4aad-bb5b-e3e321ccdec4', 'login', '162.158.88.132', 'Dart/3.7 (dart:io)', 0, '98267294-eb49-438b-9a9b-9aabd24bb98d', '2025-04-07 01:10:11', '2025-04-07 01:10:11');
INSERT INTO `user_activities` VALUES ('589f6e8c-d9c9-4372-bff2-5217fafb4164', 'd6328a88-0b0a-4d46-b9c0-9e4cd97f376d', 'daily_usage', '172.71.124.143', 'Dart/3.7 (dart:io)', 960, 'b29ce424-fc2d-4450-862a-fe403b1ade1f', '2025-04-10 21:39:19', '2025-04-10 21:41:35');
INSERT INTO `user_activities` VALUES ('590ac0e8-b9c3-4c7d-89d1-f45bbf271393', '2239d434-7761-4aad-bb5b-e3e321ccdec4', 'login', '172.71.81.244', 'PostmanRuntime/7.43.2', 0, '98267294-eb49-438b-9a9b-9aabd24bb98d', '2025-03-26 17:20:00', '2025-03-26 17:20:00');
INSERT INTO `user_activities` VALUES ('5982f580-183e-4a11-aaf3-3e8091e03a75', '2239d434-7761-4aad-bb5b-e3e321ccdec4', 'login', '172.71.124.200', 'Dart/3.7 (dart:io)', 0, '98267294-eb49-438b-9a9b-9aabd24bb98d', '2025-03-26 23:15:18', '2025-03-26 23:15:18');
INSERT INTO `user_activities` VALUES ('59b94fc5-914b-4652-9e94-89be56675bb4', '2239d434-7761-4aad-bb5b-e3e321ccdec4', 'login', '172.71.82.124', 'Dart/3.7 (dart:io)', 0, '98267294-eb49-438b-9a9b-9aabd24bb98d', '2025-04-23 13:01:14', '2025-04-23 13:01:14');
INSERT INTO `user_activities` VALUES ('5a20a194-61ff-46fe-aa54-435580485858', '26cd0a68-ab90-4397-8c0c-af35496a13ca', 'login', '104.23.175.170', 'Dart/3.7 (dart:io)', 0, '98267294-eb49-438b-9a9b-9aabd24bb98d', '2025-04-10 21:29:23', '2025-04-10 21:29:23');
INSERT INTO `user_activities` VALUES ('5bb39a09-2d74-4f14-a2d3-b798f6f6a0b7', '2239d434-7761-4aad-bb5b-e3e321ccdec4', 'login', '172.68.164.105', 'Dart/3.7 (dart:io)', 0, '98267294-eb49-438b-9a9b-9aabd24bb98d', '2025-04-10 23:08:11', '2025-04-10 23:08:11');
INSERT INTO `user_activities` VALUES ('5bb40b10-e879-4598-b63d-dec1a3e5965d', '2239d434-7761-4aad-bb5b-e3e321ccdec4', 'logout', '172.70.188.108', 'Dart/3.7 (dart:io)', 11, '98267294-eb49-438b-9a9b-9aabd24bb98d', '2025-04-23 19:47:40', '2025-04-23 19:47:40');
INSERT INTO `user_activities` VALUES ('5c23ea35-00e2-4d61-86b6-e1528a2d8f98', '2239d434-7761-4aad-bb5b-e3e321ccdec4', 'login', '108.162.226.72', 'Dart/3.7 (dart:io)', 0, '98267294-eb49-438b-9a9b-9aabd24bb98d', '2025-03-27 10:35:56', '2025-03-27 10:35:56');
INSERT INTO `user_activities` VALUES ('5c666289-d4df-4b20-a615-932f948e3557', '26cd0a68-ab90-4397-8c0c-af35496a13ca', 'login', '172.69.166.56', 'Dart/3.7 (dart:io)', 0, '98267294-eb49-438b-9a9b-9aabd24bb98d', '2025-04-19 17:46:20', '2025-04-19 17:46:20');
INSERT INTO `user_activities` VALUES ('5cec290f-b505-47cc-b9ba-0d71b33c175a', '2239d434-7761-4aad-bb5b-e3e321ccdec4', 'login', '172.69.165.4', 'Dart/3.7 (dart:io)', 0, '98267294-eb49-438b-9a9b-9aabd24bb98d', '2025-04-07 18:43:43', '2025-04-07 18:43:43');
INSERT INTO `user_activities` VALUES ('5d1fa502-e835-4342-9966-3146585f9d20', '2239d434-7761-4aad-bb5b-e3e321ccdec4', 'daily_usage', '172.70.92.141', 'Dart/3.7 (dart:io)', 6900, '98267294-eb49-438b-9a9b-9aabd24bb98d', '2025-04-07 17:14:42', '2025-04-08 05:56:27');
INSERT INTO `user_activities` VALUES ('5d7e31cc-b1ee-4e59-a153-6a3e50bf9692', '2239d434-7761-4aad-bb5b-e3e321ccdec4', 'logout', '162.158.108.62', 'Dart/3.7 (dart:io)', 1178, '98267294-eb49-438b-9a9b-9aabd24bb98d', '2025-04-22 17:10:26', '2025-04-22 17:10:26');
INSERT INTO `user_activities` VALUES ('5da8aeb9-2778-4010-8b61-83c1bf0c9a12', '2239d434-7761-4aad-bb5b-e3e321ccdec4', 'login', '104.23.175.20', 'Dart/3.7 (dart:io)', 0, '98267294-eb49-438b-9a9b-9aabd24bb98d', '2025-03-28 04:19:11', '2025-03-28 04:19:11');
INSERT INTO `user_activities` VALUES ('5df54708-faf3-46a1-9cc4-d93b5594ba57', '2239d434-7761-4aad-bb5b-e3e321ccdec4', 'login', '172.69.166.34', 'Dart/3.7 (dart:io)', 0, '98267294-eb49-438b-9a9b-9aabd24bb98d', '2025-04-10 14:01:18', '2025-04-10 14:01:18');
INSERT INTO `user_activities` VALUES ('5ea1c319-372a-427f-80d4-50215c4076fa', '2239d434-7761-4aad-bb5b-e3e321ccdec4', 'login', '108.162.226.91', 'Dart/3.7 (dart:io)', 0, '98267294-eb49-438b-9a9b-9aabd24bb98d', '2025-03-26 21:14:41', '2025-03-26 21:14:41');
INSERT INTO `user_activities` VALUES ('5fcd73ae-3268-4754-96ae-7b6228fac77e', '2239d434-7761-4aad-bb5b-e3e321ccdec4', 'login', '108.162.226.103', 'Dart/3.7 (dart:io)', 0, '98267294-eb49-438b-9a9b-9aabd24bb98d', '2025-03-26 23:05:47', '2025-03-26 23:05:47');
INSERT INTO `user_activities` VALUES ('5fcd7732-e798-4679-ad40-b6aaaab289a5', '26cd0a68-ab90-4397-8c0c-af35496a13ca', 'login', '172.70.188.79', 'Dart/3.7 (dart:io)', 0, '98267294-eb49-438b-9a9b-9aabd24bb98d', '2025-04-09 13:14:30', '2025-04-09 13:14:30');
INSERT INTO `user_activities` VALUES ('6083f722-776f-4ece-8c57-419b041f3bd1', '1f36c732-e5b1-47bf-bc21-6108eeb5b374', 'daily_usage', '172.70.208.12', 'Dart/3.7 (dart:io)', 360, '98267294-eb49-438b-9a9b-9aabd24bb98d', '2025-04-10 13:19:14', '2025-04-10 18:47:20');
INSERT INTO `user_activities` VALUES ('609e0f00-b178-4e71-84b2-0b7ce894f88f', '26cd0a68-ab90-4397-8c0c-af35496a13ca', 'login', '162.158.107.49', 'Dart/3.7 (dart:io)', 0, '98267294-eb49-438b-9a9b-9aabd24bb98d', '2025-04-08 06:18:29', '2025-04-08 06:18:29');
INSERT INTO `user_activities` VALUES ('60ad0510-bc57-49b4-b196-26f07f5491a9', '2239d434-7761-4aad-bb5b-e3e321ccdec4', 'daily_usage', '104.23.175.81', 'Dart/3.7 (dart:io)', 2220, '98267294-eb49-438b-9a9b-9aabd24bb98d', '2025-04-20 18:47:32', '2025-04-20 19:06:48');
INSERT INTO `user_activities` VALUES ('60c9c273-d2a4-48a0-a1bb-3bc56ccb9cfb', '26cd0a68-ab90-4397-8c0c-af35496a13ca', 'login', '162.158.189.52', 'Dart/3.7 (dart:io)', 0, '98267294-eb49-438b-9a9b-9aabd24bb98d', '2025-04-08 07:43:11', '2025-04-08 07:43:11');
INSERT INTO `user_activities` VALUES ('6137f037-b7ef-494f-99a2-9b93a22f7196', 'd6328a88-0b0a-4d46-b9c0-9e4cd97f376d', 'daily_usage', '172.70.93.16', 'Dart/3.7 (dart:io)', 660, 'b29ce424-fc2d-4450-862a-fe403b1ade1f', '2025-04-13 16:04:34', '2025-04-13 16:05:43');
INSERT INTO `user_activities` VALUES ('61cca048-57a2-4c37-80e2-2978af87a98c', '2239d434-7761-4aad-bb5b-e3e321ccdec4', 'login', '172.68.164.3', 'Dart/3.7 (dart:io)', 0, '98267294-eb49-438b-9a9b-9aabd24bb98d', '2025-03-26 23:06:58', '2025-03-26 23:06:58');
INSERT INTO `user_activities` VALUES ('61fc4e28-9a47-4e29-bab4-bdb312d51bb3', '26cd0a68-ab90-4397-8c0c-af35496a13ca', 'login', '162.158.88.13', 'Dart/3.7 (dart:io)', 0, '98267294-eb49-438b-9a9b-9aabd24bb98d', '2025-04-07 18:23:25', '2025-04-07 18:23:25');
INSERT INTO `user_activities` VALUES ('6214e631-7c22-4bad-83b1-eb92898b498d', '2239d434-7761-4aad-bb5b-e3e321ccdec4', 'login', '172.71.124.11', 'Dart/3.7 (dart:io)', 0, '98267294-eb49-438b-9a9b-9aabd24bb98d', '2025-03-26 23:02:25', '2025-03-26 23:02:25');
INSERT INTO `user_activities` VALUES ('6376cab0-20dc-4e2a-98a8-92a704acb412', '2239d434-7761-4aad-bb5b-e3e321ccdec4', 'login', '172.69.166.24', 'Dart/3.7 (dart:io)', 0, '98267294-eb49-438b-9a9b-9aabd24bb98d', '2025-03-26 23:10:05', '2025-03-26 23:10:05');
INSERT INTO `user_activities` VALUES ('63a542ee-5faa-45bd-8863-1c7be24ec183', '2239d434-7761-4aad-bb5b-e3e321ccdec4', 'daily_usage', '104.23.175.213', 'Dart/3.7 (dart:io)', 1620, '98267294-eb49-438b-9a9b-9aabd24bb98d', '2025-04-02 07:05:21', '2025-04-02 09:54:41');
INSERT INTO `user_activities` VALUES ('64044885-6398-4dfc-8024-c6b010fdc79d', '2239d434-7761-4aad-bb5b-e3e321ccdec4', 'login', '108.162.226.3', 'Dart/3.7 (dart:io)', 0, '98267294-eb49-438b-9a9b-9aabd24bb98d', '2025-03-26 21:14:33', '2025-03-26 21:14:33');
INSERT INTO `user_activities` VALUES ('6405da3a-36e1-486a-81da-b58e570660c6', 'dba9b8f1-d12c-4429-8863-d4ee80fd9f34', 'daily_usage', '172.71.124.83', 'PostmanRuntime/7.43.2', 9060, 'e8546a78-7a5a-47fc-86b9-f2b233a89e8b', '2025-03-26 13:45:29', '2025-03-26 23:34:22');
INSERT INTO `user_activities` VALUES ('648570c8-e1d7-446c-ae97-1b129ac4957e', '2239d434-7761-4aad-bb5b-e3e321ccdec4', 'logout', '172.68.242.86', 'Dart/3.7 (dart:io)', 3098, '98267294-eb49-438b-9a9b-9aabd24bb98d', '2025-04-23 14:19:21', '2025-04-23 14:19:21');
INSERT INTO `user_activities` VALUES ('64e54e43-6b68-452d-9408-f899faf70f33', '2239d434-7761-4aad-bb5b-e3e321ccdec4', 'login', '172.69.176.159', 'Dart/3.7 (dart:io)', 0, '98267294-eb49-438b-9a9b-9aabd24bb98d', '2025-04-05 11:54:06', '2025-04-05 11:54:06');
INSERT INTO `user_activities` VALUES ('65726307-701f-42fd-b607-c374418902c6', '869fc00e-f8dc-4ecf-94c8-e1c7b923fd1a', 'login', '172.68.164.91', 'Dart/3.7 (dart:io)', 0, 'b29ce424-fc2d-4450-862a-fe403b1ade1f', '2025-04-10 21:51:37', '2025-04-10 21:51:37');
INSERT INTO `user_activities` VALUES ('66714e26-6641-4af4-9bde-1c39484c4ddb', '26cd0a68-ab90-4397-8c0c-af35496a13ca', 'login', '172.70.142.150', 'Dart/3.7 (dart:io)', 0, '98267294-eb49-438b-9a9b-9aabd24bb98d', '2025-04-10 23:02:24', '2025-04-10 23:02:24');
INSERT INTO `user_activities` VALUES ('66add181-c80d-4109-b848-cf1d746bf0cd', '26cd0a68-ab90-4397-8c0c-af35496a13ca', 'login', '162.158.163.98', 'Dart/3.7 (dart:io)', 0, '98267294-eb49-438b-9a9b-9aabd24bb98d', '2025-04-20 11:51:04', '2025-04-20 11:51:04');
INSERT INTO `user_activities` VALUES ('66d95e9a-a64c-414d-adbd-ba85ccce811b', '2239d434-7761-4aad-bb5b-e3e321ccdec4', 'login', '172.70.188.93', 'Dart/3.7 (dart:io)', 0, '98267294-eb49-438b-9a9b-9aabd24bb98d', '2025-04-22 18:04:10', '2025-04-22 18:04:10');
INSERT INTO `user_activities` VALUES ('66daee89-1306-40d4-9a64-7f70dd867e77', '2239d434-7761-4aad-bb5b-e3e321ccdec4', 'login', '172.70.208.12', 'Dart/3.7 (dart:io)', 0, '98267294-eb49-438b-9a9b-9aabd24bb98d', '2025-04-05 22:36:01', '2025-04-05 22:36:01');
INSERT INTO `user_activities` VALUES ('675ce330-a96f-4c46-8c7a-7f10a5128829', '2239d434-7761-4aad-bb5b-e3e321ccdec4', 'login', '172.70.147.167', 'Dart/3.7 (dart:io)', 0, '98267294-eb49-438b-9a9b-9aabd24bb98d', '2025-03-28 06:13:29', '2025-03-28 06:13:29');
INSERT INTO `user_activities` VALUES ('677e28fe-5c48-4aca-855a-b03ab5bcb6dd', '2239d434-7761-4aad-bb5b-e3e321ccdec4', 'daily_usage', '162.158.107.8', 'PostmanRuntime/7.43.2', 7140, '98267294-eb49-438b-9a9b-9aabd24bb98d', '2025-03-26 05:09:35', '2025-03-26 06:20:31');
INSERT INTO `user_activities` VALUES ('6780bf5f-8a38-45f0-9d98-57928b4b0923', '26cd0a68-ab90-4397-8c0c-af35496a13ca', 'daily_usage', '162.158.88.32', 'Dart/3.7 (dart:io)', 3360, '98267294-eb49-438b-9a9b-9aabd24bb98d', '2025-04-08 07:02:47', '2025-04-08 13:47:16');
INSERT INTO `user_activities` VALUES ('678be56e-2900-4ebb-ba09-52d372bdd552', '2239d434-7761-4aad-bb5b-e3e321ccdec4', 'login', '162.158.106.12', 'Dart/3.7 (dart:io)', 0, '98267294-eb49-438b-9a9b-9aabd24bb98d', '2025-03-27 11:09:01', '2025-03-27 11:09:01');
INSERT INTO `user_activities` VALUES ('683a5784-ae77-41f9-b791-db77534c0589', '26cd0a68-ab90-4397-8c0c-af35496a13ca', 'login', '162.158.189.176', 'Dart/3.7 (dart:io)', 0, '98267294-eb49-438b-9a9b-9aabd24bb98d', '2025-04-07 18:46:49', '2025-04-07 18:46:49');
INSERT INTO `user_activities` VALUES ('685a55bc-14bd-4854-95c3-09969c9be75d', '2239d434-7761-4aad-bb5b-e3e321ccdec4', 'daily_usage', '172.69.166.63', 'Dart/3.7 (dart:io)', 960, '98267294-eb49-438b-9a9b-9aabd24bb98d', '2025-04-19 17:03:12', '2025-04-19 21:15:53');
INSERT INTO `user_activities` VALUES ('68af8814-bf55-4ab4-94a7-4c777916cd07', '2239d434-7761-4aad-bb5b-e3e321ccdec4', 'login', '162.158.190.41', 'Dart/3.7 (dart:io)', 0, '98267294-eb49-438b-9a9b-9aabd24bb98d', '2025-04-02 09:43:31', '2025-04-02 09:43:31');
INSERT INTO `user_activities` VALUES ('68e09e5c-46d8-44ad-b7db-3215b4a937c4', '2239d434-7761-4aad-bb5b-e3e321ccdec4', 'login', '172.70.189.82', 'Dart/3.7 (dart:io)', 0, '98267294-eb49-438b-9a9b-9aabd24bb98d', '2025-04-02 09:51:32', '2025-04-02 09:51:32');
INSERT INTO `user_activities` VALUES ('692517c4-0916-4e66-9b9e-f854e02b3485', '2239d434-7761-4aad-bb5b-e3e321ccdec4', 'login', '172.68.242.22', 'PostmanRuntime/7.43.3', 0, '98267294-eb49-438b-9a9b-9aabd24bb98d', '2025-04-15 09:29:27', '2025-04-15 09:29:27');
INSERT INTO `user_activities` VALUES ('6ae4022c-4cc0-4cae-a28c-c8c515659f7a', '2239d434-7761-4aad-bb5b-e3e321ccdec4', 'login', '172.68.242.42', 'Dart/3.7 (dart:io)', 0, '98267294-eb49-438b-9a9b-9aabd24bb98d', '2025-04-08 13:50:07', '2025-04-08 13:50:07');
INSERT INTO `user_activities` VALUES ('6b1d870b-ce87-4508-a13d-63239e9145c4', '26cd0a68-ab90-4397-8c0c-af35496a13ca', 'login', '104.23.175.227', 'Dart/3.7 (dart:io)', 0, '98267294-eb49-438b-9a9b-9aabd24bb98d', '2025-04-23 13:16:03', '2025-04-23 13:16:03');
INSERT INTO `user_activities` VALUES ('6b32a83e-7cc3-41c8-95fb-43857469d49e', '2239d434-7761-4aad-bb5b-e3e321ccdec4', 'login', '172.69.176.13', 'Dart/3.7 (dart:io)', 0, '98267294-eb49-438b-9a9b-9aabd24bb98d', '2025-04-22 17:22:47', '2025-04-22 17:22:47');
INSERT INTO `user_activities` VALUES ('6bdfd67c-7dd1-4f70-bc35-47c52b32197b', '2239d434-7761-4aad-bb5b-e3e321ccdec4', 'login', '172.70.208.139', 'Dart/3.7 (dart:io)', 0, '98267294-eb49-438b-9a9b-9aabd24bb98d', '2025-04-04 16:13:27', '2025-04-04 16:13:27');
INSERT INTO `user_activities` VALUES ('6bee62c0-23df-4013-a9e7-2a0a91eef66a', '2239d434-7761-4aad-bb5b-e3e321ccdec4', 'login', '172.70.92.141', 'Dart/3.7 (dart:io)', 0, '98267294-eb49-438b-9a9b-9aabd24bb98d', '2025-04-03 21:30:22', '2025-04-03 21:30:22');
INSERT INTO `user_activities` VALUES ('6c06e943-07a9-4331-a244-a1a3fb157bc0', '26cd0a68-ab90-4397-8c0c-af35496a13ca', 'login', '172.70.142.181', 'Dart/3.7 (dart:io)', 0, '98267294-eb49-438b-9a9b-9aabd24bb98d', '2025-04-17 08:39:18', '2025-04-17 08:39:18');
INSERT INTO `user_activities` VALUES ('6c2d9daf-030d-459d-ae55-0dad03ef0f34', '26cd0a68-ab90-4397-8c0c-af35496a13ca', 'login', '162.158.88.146', 'Dart/3.7 (dart:io)', 0, '98267294-eb49-438b-9a9b-9aabd24bb98d', '2025-04-19 18:46:41', '2025-04-19 18:46:41');
INSERT INTO `user_activities` VALUES ('6ce3dd6a-c488-41a2-90da-241622dce02d', '26cd0a68-ab90-4397-8c0c-af35496a13ca', 'login', '162.158.107.69', 'Dart/3.7 (dart:io)', 0, '98267294-eb49-438b-9a9b-9aabd24bb98d', '2025-04-14 15:18:30', '2025-04-14 15:18:30');
INSERT INTO `user_activities` VALUES ('6d13a8ce-6dfd-440a-a3f4-ed4e47becc52', '26cd0a68-ab90-4397-8c0c-af35496a13ca', 'daily_usage', '172.71.82.37', 'PostmanRuntime/7.43.3', 3360, '98267294-eb49-438b-9a9b-9aabd24bb98d', '2025-04-06 14:09:02', '2025-04-06 15:16:14');
INSERT INTO `user_activities` VALUES ('6db1024d-8031-4d2c-88a6-15218e02513a', '26cd0a68-ab90-4397-8c0c-af35496a13ca', 'login', '172.71.81.25', 'Dart/3.7 (dart:io)', 0, '98267294-eb49-438b-9a9b-9aabd24bb98d', '2025-04-18 19:40:30', '2025-04-18 19:40:30');
INSERT INTO `user_activities` VALUES ('6e40f324-2272-4323-9f84-a966f2ddf390', '2239d434-7761-4aad-bb5b-e3e321ccdec4', 'login', '108.162.227.135', 'Dart/3.7 (dart:io)', 0, '98267294-eb49-438b-9a9b-9aabd24bb98d', '2025-04-06 21:36:28', '2025-04-06 21:36:28');
INSERT INTO `user_activities` VALUES ('6e9a91f4-abf8-483e-b82f-1db20793371a', '2239d434-7761-4aad-bb5b-e3e321ccdec4', 'login', '172.71.124.21', 'Dart/3.7 (dart:io)', 0, '98267294-eb49-438b-9a9b-9aabd24bb98d', '2025-03-30 19:38:26', '2025-03-30 19:38:26');
INSERT INTO `user_activities` VALUES ('6fc60367-4c7d-47a8-80ec-2236c1729d5e', '2239d434-7761-4aad-bb5b-e3e321ccdec4', 'login', '172.69.165.29', 'PostmanRuntime/7.43.2', 0, '98267294-eb49-438b-9a9b-9aabd24bb98d', '2025-03-26 13:30:25', '2025-03-26 13:30:25');
INSERT INTO `user_activities` VALUES ('71053dc4-70d1-4564-8c51-87f3ebdbf4f6', '869fc00e-f8dc-4ecf-94c8-e1c7b923fd1a', 'daily_usage', '172.68.164.134', 'Dart/3.7 (dart:io)', 660, 'b29ce424-fc2d-4450-862a-fe403b1ade1f', '2025-04-13 16:03:05', '2025-04-13 16:04:11');
INSERT INTO `user_activities` VALUES ('7115d167-6e51-446f-9970-52232b8d9f77', '26cd0a68-ab90-4397-8c0c-af35496a13ca', 'login', '104.23.175.97', 'Dart/3.7 (dart:io)', 0, '98267294-eb49-438b-9a9b-9aabd24bb98d', '2025-04-16 15:18:19', '2025-04-16 15:18:19');
INSERT INTO `user_activities` VALUES ('712e056d-8da7-40de-a27e-f16f0a0a1b99', '26cd0a68-ab90-4397-8c0c-af35496a13ca', 'login', '172.71.124.144', 'Dart/3.7 (dart:io)', 0, '98267294-eb49-438b-9a9b-9aabd24bb98d', '2025-04-10 18:24:11', '2025-04-10 18:24:11');
INSERT INTO `user_activities` VALUES ('71aeeb77-88bd-4482-939e-a8ebce9ad083', '26cd0a68-ab90-4397-8c0c-af35496a13ca', 'login', '172.71.152.5', 'Dart/3.7 (dart:io)', 0, '98267294-eb49-438b-9a9b-9aabd24bb98d', '2025-04-08 06:09:28', '2025-04-08 06:09:28');
INSERT INTO `user_activities` VALUES ('71af7aa4-586e-485a-a1c0-7c95135b3ad1', '2239d434-7761-4aad-bb5b-e3e321ccdec4', 'login', '172.71.81.173', 'Dart/3.7 (dart:io)', 0, '98267294-eb49-438b-9a9b-9aabd24bb98d', '2025-04-23 19:47:54', '2025-04-23 19:47:54');
INSERT INTO `user_activities` VALUES ('722e9e8c-5041-468b-9165-4a403c1f298c', '26cd0a68-ab90-4397-8c0c-af35496a13ca', 'login', '172.70.143.246', 'Dart/3.7 (dart:io)', 0, '98267294-eb49-438b-9a9b-9aabd24bb98d', '2025-04-10 18:52:48', '2025-04-10 18:52:48');
INSERT INTO `user_activities` VALUES ('72574878-dda0-4d84-8d08-3b015096df6b', '2239d434-7761-4aad-bb5b-e3e321ccdec4', 'daily_usage', '162.158.108.22', 'Dart/3.7 (dart:io)', 1980, '98267294-eb49-438b-9a9b-9aabd24bb98d', '2025-04-21 10:45:10', '2025-04-21 15:50:15');
INSERT INTO `user_activities` VALUES ('72b3df47-1644-490c-a41d-5e55fb163ba1', '2239d434-7761-4aad-bb5b-e3e321ccdec4', 'login', '172.71.124.158', 'Dart/3.7 (dart:io)', 0, '98267294-eb49-438b-9a9b-9aabd24bb98d', '2025-03-26 23:10:47', '2025-03-26 23:10:47');
INSERT INTO `user_activities` VALUES ('72d1e5f9-5d15-43fb-8698-8cb76149fcf8', '2239d434-7761-4aad-bb5b-e3e321ccdec4', 'login', '172.70.92.222', 'Dart/3.7 (dart:io)', 0, '98267294-eb49-438b-9a9b-9aabd24bb98d', '2025-04-04 16:06:24', '2025-04-04 16:06:24');
INSERT INTO `user_activities` VALUES ('74099c5a-6afc-4e96-bdaf-a71770d60a7d', '2239d434-7761-4aad-bb5b-e3e321ccdec4', 'login', '162.158.88.125', 'Dart/3.7 (dart:io)', 0, '98267294-eb49-438b-9a9b-9aabd24bb98d', '2025-03-28 13:10:58', '2025-03-28 13:10:58');
INSERT INTO `user_activities` VALUES ('74a56769-4e21-4424-8ca5-5a206f951de0', '2239d434-7761-4aad-bb5b-e3e321ccdec4', 'daily_usage', '162.158.107.29', 'Dart/3.7 (dart:io)', 420, '98267294-eb49-438b-9a9b-9aabd24bb98d', '2025-04-09 10:15:23', '2025-04-09 21:12:14');
INSERT INTO `user_activities` VALUES ('752eb3e4-f5e5-4c2b-8253-0ae5ec23268a', '2239d434-7761-4aad-bb5b-e3e321ccdec4', 'login', '162.158.88.111', 'Dart/3.7 (dart:io)', 0, '98267294-eb49-438b-9a9b-9aabd24bb98d', '2025-03-27 08:52:49', '2025-03-27 08:52:49');
INSERT INTO `user_activities` VALUES ('75562b73-9a6d-4edf-b8fd-dc83c2a92cd6', '26cd0a68-ab90-4397-8c0c-af35496a13ca', 'login', '172.70.92.152', 'Dart/3.7 (dart:io)', 0, '98267294-eb49-438b-9a9b-9aabd24bb98d', '2025-04-08 06:54:14', '2025-04-08 06:54:14');
INSERT INTO `user_activities` VALUES ('766f1a33-497c-4781-adaa-d74225739e4f', '2239d434-7761-4aad-bb5b-e3e321ccdec4', 'daily_usage', '162.158.107.7', 'Dart/3.7 (dart:io)', 1320, '98267294-eb49-438b-9a9b-9aabd24bb98d', '2025-04-10 13:18:53', '2025-04-10 23:08:58');
INSERT INTO `user_activities` VALUES ('78e7b3ae-46de-4f5c-8bce-dc0d953bba3e', '26cd0a68-ab90-4397-8c0c-af35496a13ca', 'login', '162.158.88.111', 'Dart/3.7 (dart:io)', 0, '98267294-eb49-438b-9a9b-9aabd24bb98d', '2025-04-14 10:52:12', '2025-04-14 10:52:12');
INSERT INTO `user_activities` VALUES ('7aa40b7b-7ee5-4ec5-82f8-35da58b017fb', '26cd0a68-ab90-4397-8c0c-af35496a13ca', 'login', '172.68.164.156', 'Dart/3.7 (dart:io)', 0, '98267294-eb49-438b-9a9b-9aabd24bb98d', '2025-04-19 21:18:05', '2025-04-19 21:18:05');
INSERT INTO `user_activities` VALUES ('7b2422ca-2ad1-47ff-8d71-7639c3540910', '2239d434-7761-4aad-bb5b-e3e321ccdec4', 'login', '172.71.81.228', 'Dart/3.7 (dart:io)', 0, '98267294-eb49-438b-9a9b-9aabd24bb98d', '2025-03-28 06:04:39', '2025-03-28 06:04:39');
INSERT INTO `user_activities` VALUES ('7b8abe5a-27aa-462b-86ee-6bb23abfd4d6', '26cd0a68-ab90-4397-8c0c-af35496a13ca', 'login', '172.70.189.78', 'Dart/3.7 (dart:io)', 0, '98267294-eb49-438b-9a9b-9aabd24bb98d', '2025-04-08 06:29:10', '2025-04-08 06:29:10');
INSERT INTO `user_activities` VALUES ('7bb01672-436b-4e26-ad03-dad976000460', '2239d434-7761-4aad-bb5b-e3e321ccdec4', 'login', '172.71.124.11', 'Dart/3.7 (dart:io)', 0, '98267294-eb49-438b-9a9b-9aabd24bb98d', '2025-04-09 21:12:07', '2025-04-09 21:12:07');
INSERT INTO `user_activities` VALUES ('7c276643-5011-4061-b5e1-b83bf23096b7', '2239d434-7761-4aad-bb5b-e3e321ccdec4', 'login', '162.158.189.139', 'Dart/3.7 (dart:io)', 0, '98267294-eb49-438b-9a9b-9aabd24bb98d', '2025-04-09 10:15:23', '2025-04-09 10:15:23');
INSERT INTO `user_activities` VALUES ('7c942da3-eeda-4cc8-b23e-c26eeccf7208', '2239d434-7761-4aad-bb5b-e3e321ccdec4', 'daily_usage', '162.158.190.103', 'Dart/3.7 (dart:io)', 960, '98267294-eb49-438b-9a9b-9aabd24bb98d', '2025-03-31 20:35:00', '2025-03-31 21:46:29');
INSERT INTO `user_activities` VALUES ('7cd8857a-b8a3-470b-8d19-f3a4ee3a879d', '2239d434-7761-4aad-bb5b-e3e321ccdec4', 'login', '172.70.208.138', 'Dart/3.7 (dart:io)', 0, '98267294-eb49-438b-9a9b-9aabd24bb98d', '2025-04-05 21:38:00', '2025-04-05 21:38:00');
INSERT INTO `user_activities` VALUES ('7ce9e8eb-5888-41ea-a95f-8809cbbc0853', '2239d434-7761-4aad-bb5b-e3e321ccdec4', 'login', '172.71.81.212', 'Dart/3.7 (dart:io)', 0, '98267294-eb49-438b-9a9b-9aabd24bb98d', '2025-03-28 12:51:39', '2025-03-28 12:51:39');
INSERT INTO `user_activities` VALUES ('7d0bc092-3190-4c2a-8d43-17aa28cb16d5', '2239d434-7761-4aad-bb5b-e3e321ccdec4', 'login', '172.68.242.96', 'Dart/3.7 (dart:io)', 0, '98267294-eb49-438b-9a9b-9aabd24bb98d', '2025-03-26 21:54:48', '2025-03-26 21:54:48');
INSERT INTO `user_activities` VALUES ('7d52ce86-5aa1-4959-9ee0-4c3fe1ccda22', '2239d434-7761-4aad-bb5b-e3e321ccdec4', 'login', '104.23.175.185', 'Dart/3.7 (dart:io)', 0, '98267294-eb49-438b-9a9b-9aabd24bb98d', '2025-03-28 13:44:34', '2025-03-28 13:44:34');
INSERT INTO `user_activities` VALUES ('7d8d770d-0df1-44a6-86ae-82f0b1b9faef', '2239d434-7761-4aad-bb5b-e3e321ccdec4', 'login', '172.71.81.151', 'Dart/3.7 (dart:io)', 0, '98267294-eb49-438b-9a9b-9aabd24bb98d', '2025-04-08 09:38:06', '2025-04-08 09:38:06');
INSERT INTO `user_activities` VALUES ('7da103f5-9fe6-436c-819e-4044a49e9da5', '26cd0a68-ab90-4397-8c0c-af35496a13ca', 'login', '162.158.88.111', 'Dart/3.7 (dart:io)', 0, '98267294-eb49-438b-9a9b-9aabd24bb98d', '2025-04-07 18:43:12', '2025-04-07 18:43:12');
INSERT INTO `user_activities` VALUES ('7e13684e-ebfa-45d1-a57d-454589037cff', '2239d434-7761-4aad-bb5b-e3e321ccdec4', 'daily_usage', '172.69.165.76', 'Dart/3.7 (dart:io)', 5700, '98267294-eb49-438b-9a9b-9aabd24bb98d', '2025-04-08 07:41:46', '2025-04-08 21:16:20');
INSERT INTO `user_activities` VALUES ('7e2509d2-b5d0-4e0f-ad53-2c99ae3e23e2', '26cd0a68-ab90-4397-8c0c-af35496a13ca', 'login', '172.71.82.36', 'Dart/3.7 (dart:io)', 0, '98267294-eb49-438b-9a9b-9aabd24bb98d', '2025-04-07 18:56:35', '2025-04-07 18:56:35');
INSERT INTO `user_activities` VALUES ('7e3ee1ee-1289-495a-970c-a426a728b1e1', '2239d434-7761-4aad-bb5b-e3e321ccdec4', 'login', '172.70.208.161', 'Dart/3.7 (dart:io)', 0, '98267294-eb49-438b-9a9b-9aabd24bb98d', '2025-03-26 21:09:50', '2025-03-26 21:09:50');
INSERT INTO `user_activities` VALUES ('80942b03-13ec-400b-9c53-d1e338f2b439', '26cd0a68-ab90-4397-8c0c-af35496a13ca', 'login', '104.23.175.184', 'Dart/3.7 (dart:io)', 0, '98267294-eb49-438b-9a9b-9aabd24bb98d', '2025-04-09 10:35:08', '2025-04-09 10:35:08');
INSERT INTO `user_activities` VALUES ('80d748e8-4680-4487-a2fa-7bdc6ba27f3e', '2239d434-7761-4aad-bb5b-e3e321ccdec4', 'login', '108.162.226.130', 'Dart/3.7 (dart:io)', 0, '98267294-eb49-438b-9a9b-9aabd24bb98d', '2025-04-06 22:24:44', '2025-04-06 22:24:44');
INSERT INTO `user_activities` VALUES ('81afa212-5137-4b04-998c-ba9ef90d17b4', '869fc00e-f8dc-4ecf-94c8-e1c7b923fd1a', 'delete_pertemuan_bulanan', '172.69.176.48', 'PostmanRuntime/7.43.3', 0, 'b29ce424-fc2d-4450-862a-fe403b1ade1f', '2025-04-20 15:22:59', '2025-04-20 15:22:59');
INSERT INTO `user_activities` VALUES ('828bcf09-7949-476c-9df2-a3cefd73a961', '2239d434-7761-4aad-bb5b-e3e321ccdec4', 'login', '162.158.108.168', 'Dart/3.7 (dart:io)', 0, '98267294-eb49-438b-9a9b-9aabd24bb98d', '2025-03-27 10:05:18', '2025-03-27 10:05:18');
INSERT INTO `user_activities` VALUES ('8295a8d5-4fed-4b0a-ab89-43bb1efdcbe6', '2239d434-7761-4aad-bb5b-e3e321ccdec4', 'login', '162.158.108.152', 'Dart/3.7 (dart:io)', 0, '98267294-eb49-438b-9a9b-9aabd24bb98d', '2025-03-26 22:53:06', '2025-03-26 22:53:06');
INSERT INTO `user_activities` VALUES ('831c67a2-e000-4c86-bdab-de83291bb968', '2239d434-7761-4aad-bb5b-e3e321ccdec4', 'login', '172.69.176.23', 'Dart/3.7 (dart:io)', 0, '98267294-eb49-438b-9a9b-9aabd24bb98d', '2025-04-14 09:31:02', '2025-04-14 09:31:02');
INSERT INTO `user_activities` VALUES ('832b81ad-cb95-4072-962d-aaaf2f1f92c9', '2239d434-7761-4aad-bb5b-e3e321ccdec4', 'login', '162.158.189.16', 'Dart/3.7 (dart:io)', 0, '98267294-eb49-438b-9a9b-9aabd24bb98d', '2025-03-26 21:13:37', '2025-03-26 21:13:37');
INSERT INTO `user_activities` VALUES ('8371eb9d-06ea-443d-bda5-b264060176cf', '2239d434-7761-4aad-bb5b-e3e321ccdec4', 'login', '108.162.226.173', 'Dart/3.7 (dart:io)', 0, '98267294-eb49-438b-9a9b-9aabd24bb98d', '2025-03-26 18:02:42', '2025-03-26 18:02:42');
INSERT INTO `user_activities` VALUES ('840f9135-0997-48d3-be14-162c799ca252', '2239d434-7761-4aad-bb5b-e3e321ccdec4', 'login', '172.71.152.5', 'Dart/3.7 (dart:io)', 0, '98267294-eb49-438b-9a9b-9aabd24bb98d', '2025-04-01 21:53:23', '2025-04-01 21:53:23');
INSERT INTO `user_activities` VALUES ('84214de1-779f-436b-b5da-fb99a72e8d2a', '2239d434-7761-4aad-bb5b-e3e321ccdec4', 'login', '162.158.170.218', 'Dart/3.7 (dart:io)', 0, '98267294-eb49-438b-9a9b-9aabd24bb98d', '2025-04-05 10:37:23', '2025-04-05 10:37:23');
INSERT INTO `user_activities` VALUES ('898cb6da-bfaa-4e78-a431-1cbf18a3bb0d', '26cd0a68-ab90-4397-8c0c-af35496a13ca', 'login', '162.158.108.103', 'Dart/3.7 (dart:io)', 0, '98267294-eb49-438b-9a9b-9aabd24bb98d', '2025-04-16 11:43:49', '2025-04-16 11:43:49');
INSERT INTO `user_activities` VALUES ('898ce77f-afe1-495e-be93-588c232ffe4d', '2239d434-7761-4aad-bb5b-e3e321ccdec4', 'login', '104.23.175.252', 'Dart/3.7 (dart:io)', 0, '98267294-eb49-438b-9a9b-9aabd24bb98d', '2025-03-28 13:16:21', '2025-03-28 13:16:21');
INSERT INTO `user_activities` VALUES ('8a3dde37-8faf-47bc-ae15-dc1a514fc111', '26cd0a68-ab90-4397-8c0c-af35496a13ca', 'login', '172.70.208.116', 'Dart/3.7 (dart:io)', 0, '98267294-eb49-438b-9a9b-9aabd24bb98d', '2025-04-16 13:00:41', '2025-04-16 13:00:41');
INSERT INTO `user_activities` VALUES ('8aab041d-4580-4d5f-8457-db04c35c840e', '869fc00e-f8dc-4ecf-94c8-e1c7b923fd1a', 'daily_usage', '172.70.143.91', 'PostmanRuntime/7.43.3', 180, 'b29ce424-fc2d-4450-862a-fe403b1ade1f', '2025-04-17 16:11:17', '2025-04-17 17:05:15');
INSERT INTO `user_activities` VALUES ('8c3dc6f6-d15e-4c5e-84bd-6f7ddeb85114', '2239d434-7761-4aad-bb5b-e3e321ccdec4', 'login', '172.69.166.115', 'Dart/3.7 (dart:io)', 0, '98267294-eb49-438b-9a9b-9aabd24bb98d', '2025-03-26 21:16:18', '2025-03-26 21:16:18');
INSERT INTO `user_activities` VALUES ('8cb67503-3134-4b84-9938-0080f48b2953', '2239d434-7761-4aad-bb5b-e3e321ccdec4', 'login', '172.70.143.109', 'Dart/3.7 (dart:io)', 0, '98267294-eb49-438b-9a9b-9aabd24bb98d', '2025-04-08 08:11:08', '2025-04-08 08:11:08');
INSERT INTO `user_activities` VALUES ('8cf6d229-bfa0-4e90-9fe3-07ec74122330', '26cd0a68-ab90-4397-8c0c-af35496a13ca', 'login', '172.68.164.60', 'Dart/3.7 (dart:io)', 0, '98267294-eb49-438b-9a9b-9aabd24bb98d', '2025-04-14 14:06:02', '2025-04-14 14:06:02');
INSERT INTO `user_activities` VALUES ('8d341cd9-9c5a-4387-97d4-ab5e7783b048', '26cd0a68-ab90-4397-8c0c-af35496a13ca', 'login', '162.158.190.9', 'Dart/3.7 (dart:io)', 0, '98267294-eb49-438b-9a9b-9aabd24bb98d', '2025-04-16 11:45:29', '2025-04-16 11:45:29');
INSERT INTO `user_activities` VALUES ('8d8c07f3-0921-4b0a-b680-bbc179128891', '2239d434-7761-4aad-bb5b-e3e321ccdec4', 'login', '172.71.152.32', 'Dart/3.7 (dart:io)', 0, '98267294-eb49-438b-9a9b-9aabd24bb98d', '2025-04-22 17:19:41', '2025-04-22 17:19:41');
INSERT INTO `user_activities` VALUES ('8e62f462-c548-4c24-a1eb-f8a11a18864f', '26cd0a68-ab90-4397-8c0c-af35496a13ca', 'login', '172.68.164.143', 'Dart/3.7 (dart:io)', 0, '98267294-eb49-438b-9a9b-9aabd24bb98d', '2025-04-17 19:12:23', '2025-04-17 19:12:23');
INSERT INTO `user_activities` VALUES ('8f223b51-aee1-454d-8185-3feb2c63edbc', '2239d434-7761-4aad-bb5b-e3e321ccdec4', 'daily_usage', '162.158.106.164', 'PostmanRuntime/7.43.3', 1080, '98267294-eb49-438b-9a9b-9aabd24bb98d', '2025-04-15 09:28:51', '2025-04-15 09:39:32');
INSERT INTO `user_activities` VALUES ('8f72b597-0e74-4816-ba8f-107eeeee7f9c', '2239d434-7761-4aad-bb5b-e3e321ccdec4', 'login', '172.71.124.143', 'Dart/3.7 (dart:io)', 0, '98267294-eb49-438b-9a9b-9aabd24bb98d', '2025-03-26 21:04:15', '2025-03-26 21:04:15');
INSERT INTO `user_activities` VALUES ('8f75ba3f-0464-4355-844e-022c50ece9cc', '2239d434-7761-4aad-bb5b-e3e321ccdec4', 'login', '162.158.88.116', 'PostmanRuntime/7.43.3', 0, '98267294-eb49-438b-9a9b-9aabd24bb98d', '2025-04-20 18:47:49', '2025-04-20 18:47:49');
INSERT INTO `user_activities` VALUES ('902ea441-3cb3-42e2-bce2-401f65401613', '26cd0a68-ab90-4397-8c0c-af35496a13ca', 'login', '162.158.106.57', 'PostmanRuntime/7.43.3', 0, '98267294-eb49-438b-9a9b-9aabd24bb98d', '2025-04-07 18:25:58', '2025-04-07 18:25:58');
INSERT INTO `user_activities` VALUES ('9091adf3-b794-4f8c-95be-06a75aa360fa', '26cd0a68-ab90-4397-8c0c-af35496a13ca', 'login', '162.158.163.221', 'Dart/3.7 (dart:io)', 0, '98267294-eb49-438b-9a9b-9aabd24bb98d', '2025-04-10 19:32:39', '2025-04-10 19:32:39');
INSERT INTO `user_activities` VALUES ('90bd9ca1-fcae-4b5d-aa59-e6d9774d37ad', '2239d434-7761-4aad-bb5b-e3e321ccdec4', 'login', '172.69.166.18', 'Dart/3.7 (dart:io)', 0, '98267294-eb49-438b-9a9b-9aabd24bb98d', '2025-04-06 18:34:03', '2025-04-06 18:34:03');
INSERT INTO `user_activities` VALUES ('915f1a2e-92e9-436b-a864-d05816703c05', '26cd0a68-ab90-4397-8c0c-af35496a13ca', 'login', '172.71.124.49', 'Dart/3.7 (dart:io)', 0, '98267294-eb49-438b-9a9b-9aabd24bb98d', '2025-04-19 23:08:29', '2025-04-19 23:08:29');
INSERT INTO `user_activities` VALUES ('9189378a-8cc0-4f0d-aa15-6ff12455a13b', '2239d434-7761-4aad-bb5b-e3e321ccdec4', 'login', '162.158.107.3', 'Dart/3.7 (dart:io)', 0, '98267294-eb49-438b-9a9b-9aabd24bb98d', '2025-03-27 12:29:15', '2025-03-27 12:29:15');
INSERT INTO `user_activities` VALUES ('92343e67-1901-44a5-ae9b-26ddeb191fb4', '2239d434-7761-4aad-bb5b-e3e321ccdec4', 'login', '162.158.88.64', 'Dart/3.7 (dart:io)', 0, '98267294-eb49-438b-9a9b-9aabd24bb98d', '2025-03-28 12:59:19', '2025-03-28 12:59:19');
INSERT INTO `user_activities` VALUES ('925dfeb3-0efd-4102-9423-4856469fc373', 'd6328a88-0b0a-4d46-b9c0-9e4cd97f376d', 'login', '104.23.175.37', 'Dart/3.7 (dart:io)', 0, 'b29ce424-fc2d-4450-862a-fe403b1ade1f', '2025-04-10 21:39:19', '2025-04-10 21:39:19');
INSERT INTO `user_activities` VALUES ('9297d690-c4c4-4d3f-a66d-c6ed4b44c12d', '26cd0a68-ab90-4397-8c0c-af35496a13ca', 'login', '162.158.108.44', 'Dart/3.7 (dart:io)', 0, '98267294-eb49-438b-9a9b-9aabd24bb98d', '2025-04-20 13:34:54', '2025-04-20 13:34:54');
INSERT INTO `user_activities` VALUES ('92aa2ba9-6552-4dec-89b2-d2823f60e86c', '26cd0a68-ab90-4397-8c0c-af35496a13ca', 'login', '162.158.108.16', 'Dart/3.7 (dart:io)', 0, '98267294-eb49-438b-9a9b-9aabd24bb98d', '2025-04-19 17:57:56', '2025-04-19 17:57:56');
INSERT INTO `user_activities` VALUES ('93b2b81e-9b8a-4b42-ba3e-68057eedb356', '26cd0a68-ab90-4397-8c0c-af35496a13ca', 'login', '162.158.163.138', 'Dart/3.7 (dart:io)', 0, '98267294-eb49-438b-9a9b-9aabd24bb98d', '2025-04-20 13:47:47', '2025-04-20 13:47:47');
INSERT INTO `user_activities` VALUES ('94188c3a-1b96-47ab-b075-64a1025429c5', '2239d434-7761-4aad-bb5b-e3e321ccdec4', 'login', '172.70.208.12', 'Dart/3.7 (dart:io)', 0, '98267294-eb49-438b-9a9b-9aabd24bb98d', '2025-03-26 21:09:02', '2025-03-26 21:09:02');
INSERT INTO `user_activities` VALUES ('94e6e8c9-8f85-479b-833d-5755019797c5', '2239d434-7761-4aad-bb5b-e3e321ccdec4', 'login', '172.70.188.92', 'Dart/3.7 (dart:io)', 0, '98267294-eb49-438b-9a9b-9aabd24bb98d', '2025-04-23 09:12:45', '2025-04-23 09:12:45');
INSERT INTO `user_activities` VALUES ('95220cf7-0cbb-4f66-a193-6548709cc54f', '26cd0a68-ab90-4397-8c0c-af35496a13ca', 'login', '104.23.175.170', 'Dart/3.7 (dart:io)', 0, '98267294-eb49-438b-9a9b-9aabd24bb98d', '2025-04-10 13:24:34', '2025-04-10 13:24:34');
INSERT INTO `user_activities` VALUES ('961adf66-0063-4a1a-b115-ba593838b910', '2239d434-7761-4aad-bb5b-e3e321ccdec4', 'login', '162.158.88.7', 'Dart/3.7 (dart:io)', 0, '98267294-eb49-438b-9a9b-9aabd24bb98d', '2025-03-27 10:20:03', '2025-03-27 10:20:03');
INSERT INTO `user_activities` VALUES ('962e3d34-a0ba-43c9-9b75-d659ea49e696', '26cd0a68-ab90-4397-8c0c-af35496a13ca', 'login', '172.69.176.8', 'Dart/3.7 (dart:io)', 0, '98267294-eb49-438b-9a9b-9aabd24bb98d', '2025-04-16 19:40:15', '2025-04-16 19:40:15');
INSERT INTO `user_activities` VALUES ('985e6341-3625-44b7-b61b-c9f64274291f', '26cd0a68-ab90-4397-8c0c-af35496a13ca', 'login', '104.23.175.7', 'Dart/3.7 (dart:io)', 0, '98267294-eb49-438b-9a9b-9aabd24bb98d', '2025-04-16 11:35:00', '2025-04-16 11:35:00');
INSERT INTO `user_activities` VALUES ('9880f4ab-cb1d-4156-93ba-9d6dbda0adcc', '869fc00e-f8dc-4ecf-94c8-e1c7b923fd1a', 'daily_usage', '162.158.88.103', 'Dart/3.7 (dart:io)', 1200, 'b29ce424-fc2d-4450-862a-fe403b1ade1f', '2025-04-19 17:13:15', '2025-04-20 02:42:56');
INSERT INTO `user_activities` VALUES ('990e98ec-ea40-4564-b338-df7f855e1445', '26cd0a68-ab90-4397-8c0c-af35496a13ca', 'login', '104.23.175.169', 'Dart/3.7 (dart:io)', 0, '98267294-eb49-438b-9a9b-9aabd24bb98d', '2025-04-21 10:46:01', '2025-04-21 10:46:01');
INSERT INTO `user_activities` VALUES ('9b599b49-7288-4871-9e49-2d600cd90e15', '26cd0a68-ab90-4397-8c0c-af35496a13ca', 'login', '162.158.190.5', 'Dart/3.7 (dart:io)', 0, '98267294-eb49-438b-9a9b-9aabd24bb98d', '2025-04-18 20:13:41', '2025-04-18 20:13:41');
INSERT INTO `user_activities` VALUES ('9b965987-1c55-4889-9338-40296090b63d', '26cd0a68-ab90-4397-8c0c-af35496a13ca', 'login', '162.158.170.52', 'Dart/3.7 (dart:io)', 0, '98267294-eb49-438b-9a9b-9aabd24bb98d', '2025-04-10 23:05:57', '2025-04-10 23:05:57');
INSERT INTO `user_activities` VALUES ('9b978cf3-9e8b-4261-8db7-451b662a0de3', '2239d434-7761-4aad-bb5b-e3e321ccdec4', 'login', '172.70.189.100', 'Dart/3.7 (dart:io)', 0, '98267294-eb49-438b-9a9b-9aabd24bb98d', '2025-03-26 23:18:22', '2025-03-26 23:18:22');
INSERT INTO `user_activities` VALUES ('9bbc09c9-184b-4d01-8ac9-d24724fb252e', '2239d434-7761-4aad-bb5b-e3e321ccdec4', 'login', '172.69.166.63', 'Dart/3.7 (dart:io)', 0, '98267294-eb49-438b-9a9b-9aabd24bb98d', '2025-03-27 08:36:09', '2025-03-27 08:36:09');
INSERT INTO `user_activities` VALUES ('9d7079c8-2178-4e78-abb4-11e9d5059c5b', '26cd0a68-ab90-4397-8c0c-af35496a13ca', 'login', '172.69.165.70', 'Dart/3.7 (dart:io)', 0, '98267294-eb49-438b-9a9b-9aabd24bb98d', '2025-04-19 19:21:05', '2025-04-19 19:21:05');
INSERT INTO `user_activities` VALUES ('9e4235be-fa60-46ef-be34-e393281e880d', '1f36c732-e5b1-47bf-bc21-6108eeb5b374', 'login', '172.70.188.40', 'Dart/3.7 (dart:io)', 0, '98267294-eb49-438b-9a9b-9aabd24bb98d', '2025-04-20 18:54:01', '2025-04-20 18:54:01');
INSERT INTO `user_activities` VALUES ('9eb5d262-a3d2-4fe8-ba44-60c02b70a05b', 'dba9b8f1-d12c-4429-8863-d4ee80fd9f34', 'daily_usage', '162.158.108.6', 'PostmanRuntime/7.43.3', 1080, 'e8546a78-7a5a-47fc-86b9-f2b233a89e8b', '2025-03-30 20:23:40', '2025-03-30 20:57:33');
INSERT INTO `user_activities` VALUES ('9eca1fbe-8e78-4cbb-83b1-274fe559b0ed', '869fc00e-f8dc-4ecf-94c8-e1c7b923fd1a', 'login', '162.158.106.59', 'Dart/3.7 (dart:io)', 0, 'b29ce424-fc2d-4450-862a-fe403b1ade1f', '2025-04-10 21:40:08', '2025-04-10 21:40:08');
INSERT INTO `user_activities` VALUES ('9ecd69f3-98f5-4d36-a755-4e5b80c55f90', 'dba9b8f1-d12c-4429-8863-d4ee80fd9f34', 'daily_usage', '104.23.175.124', 'PostmanRuntime/7.43.2', 1980, 'e8546a78-7a5a-47fc-86b9-f2b233a89e8b', '2025-03-28 13:33:56', '2025-03-28 19:07:32');
INSERT INTO `user_activities` VALUES ('9f7312e5-eae7-4f8f-9dda-ce3ffd01103c', '26cd0a68-ab90-4397-8c0c-af35496a13ca', 'login', '172.71.124.139', 'Dart/3.7 (dart:io)', 0, '98267294-eb49-438b-9a9b-9aabd24bb98d', '2025-04-09 21:20:53', '2025-04-09 21:20:53');
INSERT INTO `user_activities` VALUES ('9fb6da23-057e-4d2b-aac6-420820cc539a', '2239d434-7761-4aad-bb5b-e3e321ccdec4', 'logout', '172.70.208.138', 'Dart/3.7 (dart:io)', 664, '98267294-eb49-438b-9a9b-9aabd24bb98d', '2025-04-22 18:04:00', '2025-04-22 18:04:00');
INSERT INTO `user_activities` VALUES ('a0097f56-5c7e-46e6-8a1c-72faf8cb8edb', '2239d434-7761-4aad-bb5b-e3e321ccdec4', 'login', '172.70.208.161', 'Dart/3.7 (dart:io)', 0, '98267294-eb49-438b-9a9b-9aabd24bb98d', '2025-04-10 13:18:52', '2025-04-10 13:18:52');
INSERT INTO `user_activities` VALUES ('a08fb625-e344-4ce6-b204-a71088ab12cc', '26cd0a68-ab90-4397-8c0c-af35496a13ca', 'login', '162.158.162.253', 'Dart/3.7 (dart:io)', 0, '98267294-eb49-438b-9a9b-9aabd24bb98d', '2025-04-14 13:26:41', '2025-04-14 13:26:41');
INSERT INTO `user_activities` VALUES ('a1289f0a-66f3-4e43-9f5a-74e879f3fd63', '26cd0a68-ab90-4397-8c0c-af35496a13ca', 'login', '172.70.143.237', 'Dart/3.7 (dart:io)', 0, '98267294-eb49-438b-9a9b-9aabd24bb98d', '2025-04-20 18:21:30', '2025-04-20 18:21:30');
INSERT INTO `user_activities` VALUES ('a12bc340-e869-4246-b729-a31ab371ed10', '2239d434-7761-4aad-bb5b-e3e321ccdec4', 'daily_usage', '162.158.163.180', 'Dart/3.7 (dart:io)', 2400, '98267294-eb49-438b-9a9b-9aabd24bb98d', '2025-03-27 08:36:10', '2025-03-28 06:13:32');
INSERT INTO `user_activities` VALUES ('a174d807-08f9-49b9-a450-258300881ef9', '26cd0a68-ab90-4397-8c0c-af35496a13ca', 'login', '172.68.164.28', 'Dart/3.7 (dart:io)', 0, '98267294-eb49-438b-9a9b-9aabd24bb98d', '2025-04-20 16:10:11', '2025-04-20 16:10:11');
INSERT INTO `user_activities` VALUES ('a1b6d835-b523-42ab-a89a-774c2a1f3da6', '2239d434-7761-4aad-bb5b-e3e321ccdec4', 'login', '162.158.190.103', 'Dart/3.7 (dart:io)', 0, '98267294-eb49-438b-9a9b-9aabd24bb98d', '2025-03-26 21:05:04', '2025-03-26 21:05:04');
INSERT INTO `user_activities` VALUES ('a233f88b-c2a5-49c6-a289-fdb391f93727', '2239d434-7761-4aad-bb5b-e3e321ccdec4', 'login', '172.71.81.56', 'Dart/3.7 (dart:io)', 0, '98267294-eb49-438b-9a9b-9aabd24bb98d', '2025-03-26 22:57:03', '2025-03-26 22:57:03');
INSERT INTO `user_activities` VALUES ('a2f7177f-c19b-426c-8189-d3f46031c428', '869fc00e-f8dc-4ecf-94c8-e1c7b923fd1a', 'daily_usage', '172.70.189.76', 'PostmanRuntime/7.43.3', 660, 'b29ce424-fc2d-4450-862a-fe403b1ade1f', '2025-04-23 20:37:39', '2025-04-23 20:50:01');
INSERT INTO `user_activities` VALUES ('a3cd2a02-8f73-41c2-9a80-c1e8b4ff6db6', '26cd0a68-ab90-4397-8c0c-af35496a13ca', 'login', '162.158.108.131', 'Dart/3.7 (dart:io)', 0, '98267294-eb49-438b-9a9b-9aabd24bb98d', '2025-04-17 19:52:54', '2025-04-17 19:52:54');
INSERT INTO `user_activities` VALUES ('a3db3fc1-2f61-439b-87d6-02b87ae3f14d', '2239d434-7761-4aad-bb5b-e3e321ccdec4', 'login', '162.158.163.133', 'Dart/3.7 (dart:io)', 0, '98267294-eb49-438b-9a9b-9aabd24bb98d', '2025-03-28 07:54:19', '2025-03-28 07:54:19');
INSERT INTO `user_activities` VALUES ('a4e349f9-8e63-477f-9e15-e2c09cff6e0e', '26cd0a68-ab90-4397-8c0c-af35496a13ca', 'daily_usage', '104.23.175.254', 'Dart/3.7 (dart:io)', 1920, '98267294-eb49-438b-9a9b-9aabd24bb98d', '2025-04-17 08:39:19', '2025-04-17 19:57:08');
INSERT INTO `user_activities` VALUES ('a5b380a3-b7dc-4618-84be-9b3f50c19949', '26cd0a68-ab90-4397-8c0c-af35496a13ca', 'login', '172.68.164.97', 'Dart/3.7 (dart:io)', 0, '98267294-eb49-438b-9a9b-9aabd24bb98d', '2025-04-19 21:28:49', '2025-04-19 21:28:49');
INSERT INTO `user_activities` VALUES ('a7a1644e-460f-4a20-82e6-4b0bc8b9da55', '26cd0a68-ab90-4397-8c0c-af35496a13ca', 'login', '172.69.176.69', 'Dart/3.7 (dart:io)', 0, '98267294-eb49-438b-9a9b-9aabd24bb98d', '2025-04-09 19:28:32', '2025-04-09 19:28:32');
INSERT INTO `user_activities` VALUES ('a9218ec4-488b-46b6-b807-598de98c23bd', 'd6328a88-0b0a-4d46-b9c0-9e4cd97f376d', 'login', '172.69.176.45', 'Dart/3.7 (dart:io)', 0, 'b29ce424-fc2d-4450-862a-fe403b1ade1f', '2025-04-19 21:12:43', '2025-04-19 21:12:43');
INSERT INTO `user_activities` VALUES ('aa31b0f6-8f49-4619-bf48-2441eeb6b79e', '2239d434-7761-4aad-bb5b-e3e321ccdec4', 'daily_usage', '162.158.107.92', 'Dart/3.7 (dart:io)', 780, '98267294-eb49-438b-9a9b-9aabd24bb98d', '2025-04-03 09:24:56', '2025-04-03 22:26:08');
INSERT INTO `user_activities` VALUES ('ab067408-d21d-4879-ab66-a367af663446', '869fc00e-f8dc-4ecf-94c8-e1c7b923fd1a', 'login', '162.158.162.91', 'Dart/3.7 (dart:io)', 0, 'b29ce424-fc2d-4450-862a-fe403b1ade1f', '2025-04-19 21:16:23', '2025-04-19 21:16:23');
INSERT INTO `user_activities` VALUES ('ab376279-11fd-4b90-88f7-33478ede3284', '26cd0a68-ab90-4397-8c0c-af35496a13ca', 'login', '172.70.93.17', 'Dart/3.7 (dart:io)', 0, '98267294-eb49-438b-9a9b-9aabd24bb98d', '2025-04-14 15:33:35', '2025-04-14 15:33:35');
INSERT INTO `user_activities` VALUES ('ac120ea8-8651-44c4-85e0-833cf62451db', '2239d434-7761-4aad-bb5b-e3e321ccdec4', 'login', '172.71.82.23', 'Dart/3.7 (dart:io)', 0, '98267294-eb49-438b-9a9b-9aabd24bb98d', '2025-03-28 13:28:52', '2025-03-28 13:28:52');
INSERT INTO `user_activities` VALUES ('ad0d42e3-d499-4667-967d-4558decf52b9', '2239d434-7761-4aad-bb5b-e3e321ccdec4', 'login', '162.158.189.139', 'Dart/3.7 (dart:io)', 0, '98267294-eb49-438b-9a9b-9aabd24bb98d', '2025-04-06 12:38:53', '2025-04-06 12:38:53');
INSERT INTO `user_activities` VALUES ('ae63df5e-5816-459b-8376-5b84264da8d9', '26cd0a68-ab90-4397-8c0c-af35496a13ca', 'login', '172.69.176.148', 'Dart/3.7 (dart:io)', 0, '98267294-eb49-438b-9a9b-9aabd24bb98d', '2025-04-14 19:39:14', '2025-04-14 19:39:14');
INSERT INTO `user_activities` VALUES ('aeeaab32-ffcd-44ec-93c2-76945c22b743', '2239d434-7761-4aad-bb5b-e3e321ccdec4', 'login', '172.71.124.112', 'Dart/3.7 (dart:io)', 0, '98267294-eb49-438b-9a9b-9aabd24bb98d', '2025-03-26 23:08:36', '2025-03-26 23:08:36');
INSERT INTO `user_activities` VALUES ('af589315-84d2-4886-b6e4-0e4410e5f37b', '2239d434-7761-4aad-bb5b-e3e321ccdec4', 'login', '162.158.88.33', 'Dart/3.7 (dart:io)', 0, '98267294-eb49-438b-9a9b-9aabd24bb98d', '2025-03-28 16:45:17', '2025-03-28 16:45:17');
INSERT INTO `user_activities` VALUES ('af6d1ba7-204b-4ae3-aacd-e4eaa6ac2529', '26cd0a68-ab90-4397-8c0c-af35496a13ca', 'login', '172.71.124.112', 'Dart/3.7 (dart:io)', 0, '98267294-eb49-438b-9a9b-9aabd24bb98d', '2025-04-08 05:44:10', '2025-04-08 05:44:10');
INSERT INTO `user_activities` VALUES ('afebc261-e6e3-49b6-849b-b9df93a749d4', '2239d434-7761-4aad-bb5b-e3e321ccdec4', 'login', '162.158.162.170', 'Dart/3.7 (dart:io)', 0, '98267294-eb49-438b-9a9b-9aabd24bb98d', '2025-04-08 21:16:19', '2025-04-08 21:16:19');
INSERT INTO `user_activities` VALUES ('b01ac735-340e-48de-9d40-d39d1b0c4ae1', '26cd0a68-ab90-4397-8c0c-af35496a13ca', 'login', '172.69.176.59', 'PostmanRuntime/7.43.3', 0, '98267294-eb49-438b-9a9b-9aabd24bb98d', '2025-04-19 22:44:56', '2025-04-19 22:44:56');
INSERT INTO `user_activities` VALUES ('b064503f-8065-4c00-bc2f-06fdb67ad1ff', '26cd0a68-ab90-4397-8c0c-af35496a13ca', 'login', '172.70.208.117', 'Dart/3.7 (dart:io)', 0, '98267294-eb49-438b-9a9b-9aabd24bb98d', '2025-04-20 11:45:53', '2025-04-20 11:45:53');
INSERT INTO `user_activities` VALUES ('b08a7c01-0fa0-4f97-abe2-e097e7949ff4', '2239d434-7761-4aad-bb5b-e3e321ccdec4', 'login', '172.69.166.24', 'Dart/3.7 (dart:io)', 0, '98267294-eb49-438b-9a9b-9aabd24bb98d', '2025-03-31 21:20:01', '2025-03-31 21:20:01');
INSERT INTO `user_activities` VALUES ('b0a1b0ce-bba6-4c62-b19f-8133904d141b', '26cd0a68-ab90-4397-8c0c-af35496a13ca', 'login', '104.23.175.152', 'Dart/3.7 (dart:io)', 0, '98267294-eb49-438b-9a9b-9aabd24bb98d', '2025-04-08 07:41:12', '2025-04-08 07:41:12');
INSERT INTO `user_activities` VALUES ('b0a5d206-8ef8-468f-bdb4-7ef155f6543f', '2239d434-7761-4aad-bb5b-e3e321ccdec4', 'login', '172.70.143.134', 'Dart/3.7 (dart:io)', 0, '98267294-eb49-438b-9a9b-9aabd24bb98d', '2025-03-28 13:06:45', '2025-03-28 13:06:45');
INSERT INTO `user_activities` VALUES ('b11c1281-9b90-4603-bcf0-e95147561c41', '26cd0a68-ab90-4397-8c0c-af35496a13ca', 'daily_usage', '::1', 'PostmanRuntime/7.43.3', 10380, '98267294-eb49-438b-9a9b-9aabd24bb98d', '2025-04-07 13:45:56', '2025-04-08 06:58:01');
INSERT INTO `user_activities` VALUES ('b30c4277-f651-47b6-b928-2e658ef4ac40', '2239d434-7761-4aad-bb5b-e3e321ccdec4', 'login', '172.70.189.26', 'Dart/3.7 (dart:io)', 0, '98267294-eb49-438b-9a9b-9aabd24bb98d', '2025-04-08 07:41:46', '2025-04-08 07:41:46');
INSERT INTO `user_activities` VALUES ('b396df50-3a8a-4963-9440-21ea9d960c23', '26cd0a68-ab90-4397-8c0c-af35496a13ca', 'login', '172.70.143.34', 'Dart/3.7 (dart:io)', 0, '98267294-eb49-438b-9a9b-9aabd24bb98d', '2025-04-08 06:37:30', '2025-04-08 06:37:30');
INSERT INTO `user_activities` VALUES ('b3b84460-4def-4d3e-a46f-164963022bfc', '2239d434-7761-4aad-bb5b-e3e321ccdec4', 'login', '104.23.175.81', 'Dart/3.7 (dart:io)', 0, '98267294-eb49-438b-9a9b-9aabd24bb98d', '2025-04-06 22:19:00', '2025-04-06 22:19:00');
INSERT INTO `user_activities` VALUES ('b42980e2-4322-44d3-8372-f655cef3ded7', '869fc00e-f8dc-4ecf-94c8-e1c7b923fd1a', 'login', '172.69.165.71', 'Dart/3.7 (dart:io)', 0, 'b29ce424-fc2d-4450-862a-fe403b1ade1f', '2025-04-19 17:13:15', '2025-04-19 17:13:15');
INSERT INTO `user_activities` VALUES ('b4639341-4581-46de-99f8-fc26ad5b8739', '26cd0a68-ab90-4397-8c0c-af35496a13ca', 'login', '108.162.226.88', 'Dart/3.7 (dart:io)', 0, '98267294-eb49-438b-9a9b-9aabd24bb98d', '2025-04-19 20:57:21', '2025-04-19 20:57:21');
INSERT INTO `user_activities` VALUES ('b49bbb56-cc19-4fe5-b1fd-16014e9015b3', '2239d434-7761-4aad-bb5b-e3e321ccdec4', 'login', '172.70.208.12', 'Dart/3.7 (dart:io)', 0, '98267294-eb49-438b-9a9b-9aabd24bb98d', '2025-04-05 11:36:56', '2025-04-05 11:36:56');
INSERT INTO `user_activities` VALUES ('b5959a39-e3fb-496d-8512-aa0b6230bf11', '2239d434-7761-4aad-bb5b-e3e321ccdec4', 'login', '172.70.208.116', 'Dart/3.7 (dart:io)', 0, '98267294-eb49-438b-9a9b-9aabd24bb98d', '2025-03-30 19:18:05', '2025-03-30 19:18:05');
INSERT INTO `user_activities` VALUES ('b62b352d-6524-407c-8832-3fea6f7f96c7', '26cd0a68-ab90-4397-8c0c-af35496a13ca', 'daily_usage', '172.70.208.139', 'Dart/3.7 (dart:io)', 26580, '98267294-eb49-438b-9a9b-9aabd24bb98d', '2025-04-10 12:02:19', '2025-04-11 06:54:59');
INSERT INTO `user_activities` VALUES ('b6390876-d733-45b4-a55c-d98848b044a5', '2239d434-7761-4aad-bb5b-e3e321ccdec4', 'login', '162.158.189.237', 'Dart/3.7 (dart:io)', 0, '98267294-eb49-438b-9a9b-9aabd24bb98d', '2025-03-26 23:19:55', '2025-03-26 23:19:55');
INSERT INTO `user_activities` VALUES ('b7d378ea-4331-4b33-9a75-d952072743da', '2239d434-7761-4aad-bb5b-e3e321ccdec4', 'login', '172.70.147.9', 'Dart/3.7 (dart:io)', 0, '98267294-eb49-438b-9a9b-9aabd24bb98d', '2025-03-27 08:39:26', '2025-03-27 08:39:26');
INSERT INTO `user_activities` VALUES ('b813656c-0f8b-4155-a497-58e56323b9d1', '2239d434-7761-4aad-bb5b-e3e321ccdec4', 'login', '162.158.170.95', 'Dart/3.7 (dart:io)', 0, '98267294-eb49-438b-9a9b-9aabd24bb98d', '2025-03-28 05:07:07', '2025-03-28 05:07:07');
INSERT INTO `user_activities` VALUES ('b9590848-7da2-44cc-8f91-1b365ca8a1e1', '26cd0a68-ab90-4397-8c0c-af35496a13ca', 'login', '172.71.152.31', 'Dart/3.7 (dart:io)', 0, '98267294-eb49-438b-9a9b-9aabd24bb98d', '2025-04-10 12:02:19', '2025-04-10 12:02:19');
INSERT INTO `user_activities` VALUES ('b9847301-0902-43f1-8097-386c30860e6e', '2239d434-7761-4aad-bb5b-e3e321ccdec4', 'login', '172.68.164.46', 'Dart/3.7 (dart:io)', 0, '98267294-eb49-438b-9a9b-9aabd24bb98d', '2025-03-28 17:14:00', '2025-03-28 17:14:00');
INSERT INTO `user_activities` VALUES ('bad7a8b9-26dd-4af4-afeb-b5143e7e05af', '2239d434-7761-4aad-bb5b-e3e321ccdec4', 'daily_usage', '172.71.81.11', 'Dart/3.7 (dart:io)', 660, '98267294-eb49-438b-9a9b-9aabd24bb98d', '2025-04-14 09:31:02', '2025-04-14 09:32:10');
INSERT INTO `user_activities` VALUES ('bb1cd2e2-2ba3-4484-902c-e20781e898e8', '26cd0a68-ab90-4397-8c0c-af35496a13ca', 'login', '162.158.106.177', 'Dart/3.7 (dart:io)', 0, '98267294-eb49-438b-9a9b-9aabd24bb98d', '2025-04-16 08:02:11', '2025-04-16 08:02:11');
INSERT INTO `user_activities` VALUES ('bb3da65f-400b-4cc7-b21e-3d07b14729ca', '2239d434-7761-4aad-bb5b-e3e321ccdec4', 'login', '172.69.165.13', 'Dart/3.7 (dart:io)', 0, '98267294-eb49-438b-9a9b-9aabd24bb98d', '2025-04-02 07:27:54', '2025-04-02 07:27:54');
INSERT INTO `user_activities` VALUES ('bcc54f03-f1b7-465a-b355-2fdd27dd25c4', '26cd0a68-ab90-4397-8c0c-af35496a13ca', 'login', '172.71.124.232', 'Dart/3.7 (dart:io)', 0, '98267294-eb49-438b-9a9b-9aabd24bb98d', '2025-04-10 13:35:36', '2025-04-10 13:35:36');
INSERT INTO `user_activities` VALUES ('bce94b22-998f-4d37-95f2-bf0840d7a14f', '2239d434-7761-4aad-bb5b-e3e321ccdec4', 'login', '162.158.106.26', 'Dart/3.7 (dart:io)', 0, '98267294-eb49-438b-9a9b-9aabd24bb98d', '2025-04-05 06:56:01', '2025-04-05 06:56:01');
INSERT INTO `user_activities` VALUES ('bd5c5699-6ce6-40c3-a988-0fc9a09c86da', '26cd0a68-ab90-4397-8c0c-af35496a13ca', 'daily_usage', '172.70.147.44', 'PostmanRuntime/7.43.3', 540, '98267294-eb49-438b-9a9b-9aabd24bb98d', '2025-03-30 05:11:48', '2025-03-30 05:40:32');
INSERT INTO `user_activities` VALUES ('be0f0930-8018-4f4c-ac7b-0d39f250b035', '2239d434-7761-4aad-bb5b-e3e321ccdec4', 'login', '104.23.175.225', 'Dart/3.7 (dart:io)', 0, '98267294-eb49-438b-9a9b-9aabd24bb98d', '2025-04-07 17:14:42', '2025-04-07 17:14:42');
INSERT INTO `user_activities` VALUES ('be12be7c-ca4b-44ae-830d-29278bf22b90', '26cd0a68-ab90-4397-8c0c-af35496a13ca', 'login', '172.70.188.148', 'Dart/3.7 (dart:io)', 0, '98267294-eb49-438b-9a9b-9aabd24bb98d', '2025-04-10 19:27:49', '2025-04-10 19:27:49');
INSERT INTO `user_activities` VALUES ('be6d334e-eee0-4816-bb16-370365c71900', '26cd0a68-ab90-4397-8c0c-af35496a13ca', 'login', '172.70.92.242', 'Dart/3.7 (dart:io)', 0, '98267294-eb49-438b-9a9b-9aabd24bb98d', '2025-04-16 18:56:41', '2025-04-16 18:56:41');
INSERT INTO `user_activities` VALUES ('bfb95ccd-e31a-4419-9ccd-50f03f0d751c', '26cd0a68-ab90-4397-8c0c-af35496a13ca', 'login', '162.158.190.41', 'Dart/3.7 (dart:io)', 0, '98267294-eb49-438b-9a9b-9aabd24bb98d', '2025-04-09 22:16:24', '2025-04-09 22:16:24');
INSERT INTO `user_activities` VALUES ('c195e584-4f49-4f5a-9981-9c28d2bc4953', '2239d434-7761-4aad-bb5b-e3e321ccdec4', 'login', '172.71.81.61', 'Dart/3.7 (dart:io)', 0, '98267294-eb49-438b-9a9b-9aabd24bb98d', '2025-04-02 09:44:14', '2025-04-02 09:44:14');
INSERT INTO `user_activities` VALUES ('c1c3f7f0-80b7-46cc-aa04-95109973f782', '26cd0a68-ab90-4397-8c0c-af35496a13ca', 'login', '172.70.208.161', 'Dart/3.7 (dart:io)', 0, '98267294-eb49-438b-9a9b-9aabd24bb98d', '2025-04-07 19:03:44', '2025-04-07 19:03:44');
INSERT INTO `user_activities` VALUES ('c252597c-e209-4442-ab47-dd112ca35eb4', '2239d434-7761-4aad-bb5b-e3e321ccdec4', 'login', '172.69.176.87', 'PostmanRuntime/7.43.3', 0, '98267294-eb49-438b-9a9b-9aabd24bb98d', '2025-04-07 01:00:41', '2025-04-07 01:00:41');
INSERT INTO `user_activities` VALUES ('c4191b3d-1e54-475e-8986-8aad9c40cd1c', '2239d434-7761-4aad-bb5b-e3e321ccdec4', 'login', '162.158.108.103', 'Dart/3.7 (dart:io)', 0, '98267294-eb49-438b-9a9b-9aabd24bb98d', '2025-04-21 15:49:45', '2025-04-21 15:49:45');
INSERT INTO `user_activities` VALUES ('c4a32b7b-7822-4f1f-a2e4-21aeb1f369a3', 'dba9b8f1-d12c-4429-8863-d4ee80fd9f34', 'login', '172.71.124.83', 'PostmanRuntime/7.43.2', 0, 'e8546a78-7a5a-47fc-86b9-f2b233a89e8b', '2025-03-26 13:45:07', '2025-03-26 13:45:07');
INSERT INTO `user_activities` VALUES ('c4e86d1d-08fa-43aa-a4a3-0d4077709968', '26cd0a68-ab90-4397-8c0c-af35496a13ca', 'delete_pertemuan_bulanan', '108.162.226.89', 'Dart/3.7 (dart:io)', 0, '98267294-eb49-438b-9a9b-9aabd24bb98d', '2025-04-20 15:29:34', '2025-04-20 15:29:34');
INSERT INTO `user_activities` VALUES ('c5193060-d00a-4458-be72-1e41960a19ed', '26cd0a68-ab90-4397-8c0c-af35496a13ca', 'delete_pertemuan_bulanan', '162.158.107.47', 'Dart/3.7 (dart:io)', 0, '98267294-eb49-438b-9a9b-9aabd24bb98d', '2025-04-20 15:40:43', '2025-04-20 15:40:43');
INSERT INTO `user_activities` VALUES ('c71a8631-9805-4353-807d-315b3bc449a5', '26cd0a68-ab90-4397-8c0c-af35496a13ca', 'login', '162.158.170.52', 'Dart/3.7 (dart:io)', 0, '98267294-eb49-438b-9a9b-9aabd24bb98d', '2025-04-09 10:19:22', '2025-04-09 10:19:22');
INSERT INTO `user_activities` VALUES ('c7d147b7-6457-47d3-b850-3601faa6e1fb', '26cd0a68-ab90-4397-8c0c-af35496a13ca', 'login', '162.158.88.10', 'Dart/3.7 (dart:io)', 0, '98267294-eb49-438b-9a9b-9aabd24bb98d', '2025-04-09 22:11:52', '2025-04-09 22:11:52');
INSERT INTO `user_activities` VALUES ('c8f81b29-c0bd-49ec-81da-58cda1d4287a', '2239d434-7761-4aad-bb5b-e3e321ccdec4', 'login', '172.70.208.161', 'Dart/3.7 (dart:io)', 0, '98267294-eb49-438b-9a9b-9aabd24bb98d', '2025-03-27 12:32:24', '2025-03-27 12:32:24');
INSERT INTO `user_activities` VALUES ('c92b5010-7596-4b80-9bb1-b0262795a8c5', '2239d434-7761-4aad-bb5b-e3e321ccdec4', 'login', '172.70.208.161', 'Dart/3.7 (dart:io)', 0, '98267294-eb49-438b-9a9b-9aabd24bb98d', '2025-04-22 17:52:56', '2025-04-22 17:52:56');
INSERT INTO `user_activities` VALUES ('cab9a80b-1d50-40d1-ae59-a3c0ec9aa0c9', '26cd0a68-ab90-4397-8c0c-af35496a13ca', 'login', '172.70.208.116', 'Dart/3.7 (dart:io)', 0, '98267294-eb49-438b-9a9b-9aabd24bb98d', '2025-04-18 17:58:42', '2025-04-18 17:58:42');
INSERT INTO `user_activities` VALUES ('cadbb205-8e32-438f-ae10-98e61fc79444', '26cd0a68-ab90-4397-8c0c-af35496a13ca', 'login', '172.70.92.243', 'Dart/3.7 (dart:io)', 0, '98267294-eb49-438b-9a9b-9aabd24bb98d', '2025-04-14 15:12:52', '2025-04-14 15:12:52');
INSERT INTO `user_activities` VALUES ('cbd90695-9003-49eb-9ec9-3b498d7ef0c9', '2239d434-7761-4aad-bb5b-e3e321ccdec4', 'login', '172.70.143.246', 'Dart/3.7 (dart:io)', 0, '98267294-eb49-438b-9a9b-9aabd24bb98d', '2025-04-03 21:35:52', '2025-04-03 21:35:52');
INSERT INTO `user_activities` VALUES ('cc70bcd6-c6d3-45b7-91d6-8fdde24fc7a1', '2239d434-7761-4aad-bb5b-e3e321ccdec4', 'login', '172.71.124.104', 'Dart/3.7 (dart:io)', 0, '98267294-eb49-438b-9a9b-9aabd24bb98d', '2025-03-26 21:16:56', '2025-03-26 21:16:56');
INSERT INTO `user_activities` VALUES ('cce8450a-3a45-4074-a0b5-d04976d4fc3b', '2239d434-7761-4aad-bb5b-e3e321ccdec4', 'login', '162.158.88.105', 'Dart/3.7 (dart:io)', 0, '98267294-eb49-438b-9a9b-9aabd24bb98d', '2025-04-07 01:08:27', '2025-04-07 01:08:27');
INSERT INTO `user_activities` VALUES ('cdbe226d-ea9c-4f68-b3fc-17a8f004c648', '26cd0a68-ab90-4397-8c0c-af35496a13ca', 'login', '104.23.175.54', 'Dart/3.7 (dart:io)', 0, '98267294-eb49-438b-9a9b-9aabd24bb98d', '2025-04-09 12:17:17', '2025-04-09 12:17:17');
INSERT INTO `user_activities` VALUES ('ce800258-bc36-4273-a324-0aae9d6044b6', '26cd0a68-ab90-4397-8c0c-af35496a13ca', 'login', '162.158.29.107', 'Dart/3.7 (dart:io)', 0, '98267294-eb49-438b-9a9b-9aabd24bb98d', '2025-04-10 02:21:01', '2025-04-10 02:21:01');
INSERT INTO `user_activities` VALUES ('cec83a95-4b21-4d5d-8179-68e7c6d65a1d', '2239d434-7761-4aad-bb5b-e3e321ccdec4', 'login', '172.70.147.52', 'Dart/3.7 (dart:io)', 0, '98267294-eb49-438b-9a9b-9aabd24bb98d', '2025-04-07 17:47:38', '2025-04-07 17:47:38');
INSERT INTO `user_activities` VALUES ('ceccca3e-a661-4a1e-98fa-2fa406ee1924', '2239d434-7761-4aad-bb5b-e3e321ccdec4', 'login', '172.70.188.109', 'Dart/3.7 (dart:io)', 0, '98267294-eb49-438b-9a9b-9aabd24bb98d', '2025-04-01 21:43:55', '2025-04-01 21:43:55');
INSERT INTO `user_activities` VALUES ('cf22e39a-30c9-435a-952a-4f70ada9b916', '26cd0a68-ab90-4397-8c0c-af35496a13ca', 'login', '172.70.188.78', 'Dart/3.7 (dart:io)', 0, '98267294-eb49-438b-9a9b-9aabd24bb98d', '2025-04-14 13:15:14', '2025-04-14 13:15:14');
INSERT INTO `user_activities` VALUES ('d0682326-e9a6-4198-8c30-023b47dc60da', '26cd0a68-ab90-4397-8c0c-af35496a13ca', 'login', '172.68.164.46', 'Dart/3.7 (dart:io)', 0, '98267294-eb49-438b-9a9b-9aabd24bb98d', '2025-04-08 09:18:57', '2025-04-08 09:18:57');
INSERT INTO `user_activities` VALUES ('d0f0dc35-865b-4d15-971e-54f781589b1b', '1f36c732-e5b1-47bf-bc21-6108eeb5b374', 'daily_usage', '162.158.170.166', 'Dart/3.7 (dart:io)', 120, '98267294-eb49-438b-9a9b-9aabd24bb98d', '2025-04-20 18:54:01', '2025-04-20 18:56:20');
INSERT INTO `user_activities` VALUES ('d1181354-d7b2-41c5-a20d-d49392b376f9', '2239d434-7761-4aad-bb5b-e3e321ccdec4', 'login', '162.158.106.181', 'Dart/3.7 (dart:io)', 0, '98267294-eb49-438b-9a9b-9aabd24bb98d', '2025-03-26 22:44:57', '2025-03-26 22:44:57');
INSERT INTO `user_activities` VALUES ('d137cad8-1925-4de6-8d9f-d71e78ad19c5', '26cd0a68-ab90-4397-8c0c-af35496a13ca', 'login', '172.71.81.15', 'Dart/3.7 (dart:io)', 0, '98267294-eb49-438b-9a9b-9aabd24bb98d', '2025-04-20 17:08:49', '2025-04-20 17:08:49');
INSERT INTO `user_activities` VALUES ('d18c77f3-2083-432b-b911-4e3fe42687fd', '2239d434-7761-4aad-bb5b-e3e321ccdec4', 'login', '172.70.143.250', 'Dart/3.7 (dart:io)', 0, '98267294-eb49-438b-9a9b-9aabd24bb98d', '2025-04-17 08:36:33', '2025-04-17 08:36:33');
INSERT INTO `user_activities` VALUES ('d2bd5766-3063-4e13-8e0d-9f0b5dd16cb9', '26cd0a68-ab90-4397-8c0c-af35496a13ca', 'login', '172.71.124.113', 'Dart/3.7 (dart:io)', 0, '98267294-eb49-438b-9a9b-9aabd24bb98d', '2025-04-20 14:55:42', '2025-04-20 14:55:42');
INSERT INTO `user_activities` VALUES ('d30d22aa-2408-405c-a1de-86ff77835e38', '2239d434-7761-4aad-bb5b-e3e321ccdec4', 'login', '172.69.176.12', 'Dart/3.7 (dart:io)', 0, '98267294-eb49-438b-9a9b-9aabd24bb98d', '2025-04-05 11:43:44', '2025-04-05 11:43:44');
INSERT INTO `user_activities` VALUES ('d3229766-cad0-4c5d-ae64-27783b4bb608', '2239d434-7761-4aad-bb5b-e3e321ccdec4', 'login', '172.69.176.53', 'Dart/3.7 (dart:io)', 0, '98267294-eb49-438b-9a9b-9aabd24bb98d', '2025-04-23 13:27:43', '2025-04-23 13:27:43');
INSERT INTO `user_activities` VALUES ('d3962cf1-d076-49c1-b8f3-baa842b7e965', '2239d434-7761-4aad-bb5b-e3e321ccdec4', 'login', '172.70.142.189', 'Dart/3.7 (dart:io)', 0, '98267294-eb49-438b-9a9b-9aabd24bb98d', '2025-04-05 11:34:42', '2025-04-05 11:34:42');
INSERT INTO `user_activities` VALUES ('d444038b-8648-4ebf-81c5-a0b6c1254b21', '2239d434-7761-4aad-bb5b-e3e321ccdec4', 'login', '104.23.175.240', 'Dart/3.7 (dart:io)', 0, '98267294-eb49-438b-9a9b-9aabd24bb98d', '2025-03-28 10:21:53', '2025-03-28 10:21:53');
INSERT INTO `user_activities` VALUES ('d4814d62-410a-44ae-b9f5-34181e5e1767', 'dba9b8f1-d12c-4429-8863-d4ee80fd9f34', 'daily_usage', '162.158.170.206', 'PostmanRuntime/7.43.2', 120, 'e8546a78-7a5a-47fc-86b9-f2b233a89e8b', '2025-03-27 17:52:10', '2025-03-27 17:54:22');
INSERT INTO `user_activities` VALUES ('d491f7eb-a9ff-458d-b4a5-b4e5f6811c5a', '2239d434-7761-4aad-bb5b-e3e321ccdec4', 'login', '108.162.226.27', 'Dart/3.7 (dart:io)', 0, '98267294-eb49-438b-9a9b-9aabd24bb98d', '2025-04-05 19:57:05', '2025-04-05 19:57:05');
INSERT INTO `user_activities` VALUES ('d5517ad5-3cf3-4676-b577-bc1c08fe1bf8', '26cd0a68-ab90-4397-8c0c-af35496a13ca', 'login', '172.71.82.113', 'Dart/3.7 (dart:io)', 0, '98267294-eb49-438b-9a9b-9aabd24bb98d', '2025-04-07 19:05:14', '2025-04-07 19:05:14');
INSERT INTO `user_activities` VALUES ('d5ad8654-8365-408a-a623-70afa9acc773', '869fc00e-f8dc-4ecf-94c8-e1c7b923fd1a', 'login', '172.68.164.3', 'Dart/3.7 (dart:io)', 0, 'b29ce424-fc2d-4450-862a-fe403b1ade1f', '2025-04-12 01:19:21', '2025-04-12 01:19:21');
INSERT INTO `user_activities` VALUES ('d5bd6988-05bd-40bb-975c-c68ee65ce70e', 'd6328a88-0b0a-4d46-b9c0-9e4cd97f376d', 'daily_usage', '104.23.175.88', 'PostmanRuntime/7.43.3', 120, 'b29ce424-fc2d-4450-862a-fe403b1ade1f', '2025-04-15 09:35:24', '2025-04-15 09:38:12');
INSERT INTO `user_activities` VALUES ('d62c5e48-c14f-49f6-93b8-2c06f6a50033', '2239d434-7761-4aad-bb5b-e3e321ccdec4', 'login', '172.70.142.27', 'Dart/3.7 (dart:io)', 0, '98267294-eb49-438b-9a9b-9aabd24bb98d', '2025-04-04 16:53:03', '2025-04-04 16:53:03');
INSERT INTO `user_activities` VALUES ('d6eb01c7-2c6b-4864-95ad-2fb44b825bd8', '26cd0a68-ab90-4397-8c0c-af35496a13ca', 'login', '172.71.81.11', 'Dart/3.7 (dart:io)', 0, '98267294-eb49-438b-9a9b-9aabd24bb98d', '2025-04-07 18:48:16', '2025-04-07 18:48:16');
INSERT INTO `user_activities` VALUES ('d84feebf-bc92-46db-8b50-8e32e27cb8c8', '2239d434-7761-4aad-bb5b-e3e321ccdec4', 'logout', '172.71.124.228', 'Dart/3.7 (dart:io)', 600, '98267294-eb49-438b-9a9b-9aabd24bb98d', '2025-04-23 20:19:00', '2025-04-23 20:19:00');
INSERT INTO `user_activities` VALUES ('d934a3ab-0c6d-4a33-aaf6-f6c8b0693209', '869fc00e-f8dc-4ecf-94c8-e1c7b923fd1a', 'login', '162.158.88.132', 'Dart/3.7 (dart:io)', 0, 'b29ce424-fc2d-4450-862a-fe403b1ade1f', '2025-04-13 16:03:05', '2025-04-13 16:03:05');
INSERT INTO `user_activities` VALUES ('d94509f2-eac5-4115-aeef-5fbeba85cf86', '2239d434-7761-4aad-bb5b-e3e321ccdec4', 'login', '172.69.166.18', 'Dart/3.7 (dart:io)', 0, '98267294-eb49-438b-9a9b-9aabd24bb98d', '2025-03-27 12:13:17', '2025-03-27 12:13:17');
INSERT INTO `user_activities` VALUES ('d996e9e8-0c8c-477f-a02d-a65a7d8b1657', '2239d434-7761-4aad-bb5b-e3e321ccdec4', 'login', '104.23.175.240', 'Dart/3.7 (dart:io)', 0, '98267294-eb49-438b-9a9b-9aabd24bb98d', '2025-04-08 09:20:36', '2025-04-08 09:20:36');
INSERT INTO `user_activities` VALUES ('d9e085ff-9b23-47be-a174-494743ae4e2b', '2239d434-7761-4aad-bb5b-e3e321ccdec4', 'login', '162.158.108.58', 'Dart/3.7 (dart:io)', 0, '98267294-eb49-438b-9a9b-9aabd24bb98d', '2025-04-08 15:55:46', '2025-04-08 15:55:46');
INSERT INTO `user_activities` VALUES ('da3d4921-f993-4b2d-95d0-eb634eff52b9', '26cd0a68-ab90-4397-8c0c-af35496a13ca', 'login', '162.158.108.137', 'Dart/3.7 (dart:io)', 0, '98267294-eb49-438b-9a9b-9aabd24bb98d', '2025-04-19 17:30:57', '2025-04-19 17:30:57');
INSERT INTO `user_activities` VALUES ('da6fc195-0a42-4545-b638-50d44ceff4c8', '2239d434-7761-4aad-bb5b-e3e321ccdec4', 'login', '162.158.88.133', 'Dart/3.7 (dart:io)', 0, '98267294-eb49-438b-9a9b-9aabd24bb98d', '2025-03-26 23:01:55', '2025-03-26 23:01:55');
INSERT INTO `user_activities` VALUES ('db07391b-95e0-45b5-8e72-85a91ba09c13', '2239d434-7761-4aad-bb5b-e3e321ccdec4', 'login', '172.71.124.20', 'Dart/3.7 (dart:io)', 0, '98267294-eb49-438b-9a9b-9aabd24bb98d', '2025-04-20 18:49:20', '2025-04-20 18:49:20');
INSERT INTO `user_activities` VALUES ('db9c3ca5-9030-43e3-9edc-1e9d06198a45', '26cd0a68-ab90-4397-8c0c-af35496a13ca', 'delete_pertemuan_bulanan', '172.70.142.151', 'Dart/3.7 (dart:io)', 0, '98267294-eb49-438b-9a9b-9aabd24bb98d', '2025-04-20 15:29:18', '2025-04-20 15:29:18');
INSERT INTO `user_activities` VALUES ('dc555d4f-dd5f-4401-9408-8906d031252f', '26cd0a68-ab90-4397-8c0c-af35496a13ca', 'login', '162.158.108.141', 'Dart/3.7 (dart:io)', 0, '98267294-eb49-438b-9a9b-9aabd24bb98d', '2025-04-19 11:58:35', '2025-04-19 11:58:35');
INSERT INTO `user_activities` VALUES ('dcdb1f73-504f-4cce-bc3e-f6ebcea4ce08', '2239d434-7761-4aad-bb5b-e3e321ccdec4', 'login', '162.158.108.153', 'Dart/3.7 (dart:io)', 0, '98267294-eb49-438b-9a9b-9aabd24bb98d', '2025-04-21 15:05:49', '2025-04-21 15:05:49');
INSERT INTO `user_activities` VALUES ('dd24e426-7c8d-4257-a4dc-78d763f37b42', '2239d434-7761-4aad-bb5b-e3e321ccdec4', 'login', '162.158.106.249', 'Dart/3.7 (dart:io)', 0, '98267294-eb49-438b-9a9b-9aabd24bb98d', '2025-03-30 19:19:35', '2025-03-30 19:19:35');
INSERT INTO `user_activities` VALUES ('dd9eb460-9463-40fe-b3d4-88461a4c8fb1', '2239d434-7761-4aad-bb5b-e3e321ccdec4', 'login', '162.158.88.101', 'Dart/3.7 (dart:io)', 0, '98267294-eb49-438b-9a9b-9aabd24bb98d', '2025-03-27 08:37:51', '2025-03-27 08:37:51');
INSERT INTO `user_activities` VALUES ('de5f885c-80e3-4fb4-9a1c-ea8abf2f617c', '26cd0a68-ab90-4397-8c0c-af35496a13ca', 'login', '108.162.227.109', 'Dart/3.7 (dart:io)', 0, '98267294-eb49-438b-9a9b-9aabd24bb98d', '2025-04-08 08:12:27', '2025-04-08 08:12:27');
INSERT INTO `user_activities` VALUES ('debccabe-a2cd-4f3f-8f91-623d4226518a', '2239d434-7761-4aad-bb5b-e3e321ccdec4', 'login', '162.158.88.80', 'Dart/3.7 (dart:io)', 0, '98267294-eb49-438b-9a9b-9aabd24bb98d', '2025-03-28 14:11:46', '2025-03-28 14:11:46');
INSERT INTO `user_activities` VALUES ('decea48f-9b7f-47e4-8c10-38597fda6ad1', '26cd0a68-ab90-4397-8c0c-af35496a13ca', 'login', '172.71.81.62', 'Dart/3.7 (dart:io)', 0, '98267294-eb49-438b-9a9b-9aabd24bb98d', '2025-04-21 18:34:28', '2025-04-21 18:34:28');
INSERT INTO `user_activities` VALUES ('df2b24a1-8605-4820-a988-3962d1b64c6d', '2239d434-7761-4aad-bb5b-e3e321ccdec4', 'login', '172.68.164.60', 'Dart/3.7 (dart:io)', 0, '98267294-eb49-438b-9a9b-9aabd24bb98d', '2025-03-26 22:43:34', '2025-03-26 22:43:34');
INSERT INTO `user_activities` VALUES ('dfd65295-5b5e-4ea7-ab1f-5a53a82e547d', '2239d434-7761-4aad-bb5b-e3e321ccdec4', 'login', '162.158.190.99', 'Dart/3.7 (dart:io)', 0, '98267294-eb49-438b-9a9b-9aabd24bb98d', '2025-04-06 17:01:44', '2025-04-06 17:01:44');
INSERT INTO `user_activities` VALUES ('e02a9f40-d1fa-4184-8ff4-eca2b8018c57', '2239d434-7761-4aad-bb5b-e3e321ccdec4', 'login', '172.71.124.113', 'Dart/3.7 (dart:io)', 0, '98267294-eb49-438b-9a9b-9aabd24bb98d', '2025-03-28 13:39:41', '2025-03-28 13:39:41');
INSERT INTO `user_activities` VALUES ('e0323c3d-449f-4d65-b212-beb9f16bef8e', '26cd0a68-ab90-4397-8c0c-af35496a13ca', 'login', '172.69.176.44', 'Dart/3.7 (dart:io)', 0, '98267294-eb49-438b-9a9b-9aabd24bb98d', '2025-04-19 23:29:38', '2025-04-19 23:29:38');
INSERT INTO `user_activities` VALUES ('e0394dec-3092-4bfa-aa80-8513e34fbded', '26cd0a68-ab90-4397-8c0c-af35496a13ca', 'login', '172.70.143.247', 'Dart/3.7 (dart:io)', 0, '98267294-eb49-438b-9a9b-9aabd24bb98d', '2025-04-19 11:22:30', '2025-04-19 11:22:30');
INSERT INTO `user_activities` VALUES ('e07c6761-dc91-44d6-b172-26391a4e8ba4', '2239d434-7761-4aad-bb5b-e3e321ccdec4', 'login', '172.71.81.163', 'Dart/3.7 (dart:io)', 0, '98267294-eb49-438b-9a9b-9aabd24bb98d', '2025-03-30 19:55:13', '2025-03-30 19:55:13');
INSERT INTO `user_activities` VALUES ('e1a34825-0b16-4b87-8fe4-3785ad994f68', '1f36c732-e5b1-47bf-bc21-6108eeb5b374', 'login', '162.158.108.17', 'Dart/3.7 (dart:io)', 0, '98267294-eb49-438b-9a9b-9aabd24bb98d', '2025-04-20 18:56:19', '2025-04-20 18:56:19');
INSERT INTO `user_activities` VALUES ('e26e7d52-d1c6-4005-8472-75e412ced45f', 'dba9b8f1-d12c-4429-8863-d4ee80fd9f34', 'daily_usage', '::1', 'PostmanRuntime/7.43.3', 540, 'e8546a78-7a5a-47fc-86b9-f2b233a89e8b', '2025-04-07 14:14:47', '2025-04-07 22:05:14');
INSERT INTO `user_activities` VALUES ('e27d9e12-350d-4f8d-8e1c-87ce4b2e5436', '2239d434-7761-4aad-bb5b-e3e321ccdec4', 'login', '162.158.106.57', 'Dart/3.7 (dart:io)', 0, '98267294-eb49-438b-9a9b-9aabd24bb98d', '2025-03-27 12:06:50', '2025-03-27 12:06:50');
INSERT INTO `user_activities` VALUES ('e325cea4-aefe-4f1a-9543-e9acad6eddac', '2239d434-7761-4aad-bb5b-e3e321ccdec4', 'login', '162.158.163.222', 'Dart/3.7 (dart:io)', 0, '98267294-eb49-438b-9a9b-9aabd24bb98d', '2025-03-28 15:49:57', '2025-03-28 15:49:57');
INSERT INTO `user_activities` VALUES ('e3861717-d047-4abe-8189-92e0b479866f', '2239d434-7761-4aad-bb5b-e3e321ccdec4', 'login', '162.158.107.48', 'Dart/3.7 (dart:io)', 0, '98267294-eb49-438b-9a9b-9aabd24bb98d', '2025-04-08 09:11:30', '2025-04-08 09:11:30');
INSERT INTO `user_activities` VALUES ('e4e4f2a0-81ed-4f07-9c06-b766df1367a0', '26cd0a68-ab90-4397-8c0c-af35496a13ca', 'login', '162.158.106.161', 'Dart/3.7 (dart:io)', 0, '98267294-eb49-438b-9a9b-9aabd24bb98d', '2025-04-16 15:22:45', '2025-04-16 15:22:45');
INSERT INTO `user_activities` VALUES ('e5082c4d-5f54-4c26-844e-11d07110de98', '26cd0a68-ab90-4397-8c0c-af35496a13ca', 'login', '172.70.208.117', 'Dart/3.7 (dart:io)', 0, '98267294-eb49-438b-9a9b-9aabd24bb98d', '2025-04-09 22:12:24', '2025-04-09 22:12:24');
INSERT INTO `user_activities` VALUES ('e50c8ba4-654c-485d-b5f9-ddda3e1122ad', '26cd0a68-ab90-4397-8c0c-af35496a13ca', 'login', '172.68.164.13', 'Dart/3.7 (dart:io)', 0, '98267294-eb49-438b-9a9b-9aabd24bb98d', '2025-04-08 12:00:26', '2025-04-08 12:00:26');
INSERT INTO `user_activities` VALUES ('e577f3e8-fd28-47eb-9faa-b40a3d75d9f0', '26cd0a68-ab90-4397-8c0c-af35496a13ca', 'login', '108.162.226.132', 'Dart/3.7 (dart:io)', 0, '98267294-eb49-438b-9a9b-9aabd24bb98d', '2025-04-19 11:42:26', '2025-04-19 11:42:26');
INSERT INTO `user_activities` VALUES ('e57b6f92-eedc-43c0-80fd-1273fec06e26', '26cd0a68-ab90-4397-8c0c-af35496a13ca', 'login', '172.70.208.160', 'Dart/3.7 (dart:io)', 0, '98267294-eb49-438b-9a9b-9aabd24bb98d', '2025-04-19 01:35:36', '2025-04-19 01:35:36');
INSERT INTO `user_activities` VALUES ('e686f5cf-64ef-4a78-964d-e0a5b0db06f4', '2239d434-7761-4aad-bb5b-e3e321ccdec4', 'login', '172.68.164.63', 'PostmanRuntime/7.43.3', 0, '98267294-eb49-438b-9a9b-9aabd24bb98d', '2025-04-21 05:29:22', '2025-04-21 05:29:22');
INSERT INTO `user_activities` VALUES ('e6b5b10f-d382-41c8-a4ed-139d55421a63', '2239d434-7761-4aad-bb5b-e3e321ccdec4', 'logout', '162.158.88.29', 'Dart/3.7 (dart:io)', 34, '98267294-eb49-438b-9a9b-9aabd24bb98d', '2025-04-21 10:45:44', '2025-04-21 10:45:44');
INSERT INTO `user_activities` VALUES ('e6bc7324-680c-4386-a881-dd2af314f153', '2239d434-7761-4aad-bb5b-e3e321ccdec4', 'login', '172.70.208.13', 'Dart/3.7 (dart:io)', 0, '98267294-eb49-438b-9a9b-9aabd24bb98d', '2025-04-05 17:00:16', '2025-04-05 17:00:16');
INSERT INTO `user_activities` VALUES ('e7dfd7b7-0ab4-4f20-a10a-be80540e7fcb', '26cd0a68-ab90-4397-8c0c-af35496a13ca', 'login', '108.162.226.116', 'Dart/3.7 (dart:io)', 0, '98267294-eb49-438b-9a9b-9aabd24bb98d', '2025-04-17 15:36:06', '2025-04-17 15:36:06');
INSERT INTO `user_activities` VALUES ('e82cf4d2-ef97-45c8-8695-7dffbf8c5e1c', '26cd0a68-ab90-4397-8c0c-af35496a13ca', 'login', '108.162.226.73', 'Dart/3.7 (dart:io)', 0, '98267294-eb49-438b-9a9b-9aabd24bb98d', '2025-04-07 19:01:01', '2025-04-07 19:01:01');
INSERT INTO `user_activities` VALUES ('e83f606c-2260-47f9-a79a-0bd88cbadddf', '26cd0a68-ab90-4397-8c0c-af35496a13ca', 'login', '162.158.88.100', 'Dart/3.7 (dart:io)', 0, '98267294-eb49-438b-9a9b-9aabd24bb98d', '2025-04-08 13:45:00', '2025-04-08 13:45:00');
INSERT INTO `user_activities` VALUES ('e97df875-7152-42a3-9c00-983344f7aca1', '26cd0a68-ab90-4397-8c0c-af35496a13ca', 'login', '172.71.124.138', 'PostmanRuntime/7.43.2', 0, '98267294-eb49-438b-9a9b-9aabd24bb98d', '2025-03-27 17:55:58', '2025-03-27 17:55:58');
INSERT INTO `user_activities` VALUES ('e9bc6ff9-7f07-4f74-bbd8-0b65fe5e4260', '26cd0a68-ab90-4397-8c0c-af35496a13ca', 'login', '162.158.106.170', 'Dart/3.7 (dart:io)', 0, '98267294-eb49-438b-9a9b-9aabd24bb98d', '2025-04-17 17:14:52', '2025-04-17 17:14:52');
INSERT INTO `user_activities` VALUES ('eaa8313a-5633-41a4-9273-90e792f8b6d8', '26cd0a68-ab90-4397-8c0c-af35496a13ca', 'login', '162.158.162.91', 'Dart/3.7 (dart:io)', 0, '98267294-eb49-438b-9a9b-9aabd24bb98d', '2025-04-11 06:52:52', '2025-04-11 06:52:52');
INSERT INTO `user_activities` VALUES ('ecf24eab-f057-4c4b-87c1-21a924df92cc', '2239d434-7761-4aad-bb5b-e3e321ccdec4', 'login', '162.158.108.8', 'Dart/3.7 (dart:io)', 0, '98267294-eb49-438b-9a9b-9aabd24bb98d', '2025-04-22 17:15:09', '2025-04-22 17:15:09');
INSERT INTO `user_activities` VALUES ('ecfc3187-6a3d-4b39-b363-be4503c92ed3', '2239d434-7761-4aad-bb5b-e3e321ccdec4', 'login', '172.70.143.165', 'Dart/3.7 (dart:io)', 0, '98267294-eb49-438b-9a9b-9aabd24bb98d', '2025-03-26 23:09:32', '2025-03-26 23:09:32');
INSERT INTO `user_activities` VALUES ('ed7a623e-0505-4c4c-bea2-f0c56fa64cfe', '2239d434-7761-4aad-bb5b-e3e321ccdec4', 'login', '162.158.88.102', 'Dart/3.7 (dart:io)', 0, '98267294-eb49-438b-9a9b-9aabd24bb98d', '2025-03-30 19:39:27', '2025-03-30 19:39:27');
INSERT INTO `user_activities` VALUES ('ef0584cb-c2e5-4e82-a4ab-d6aa3873a4f2', '2239d434-7761-4aad-bb5b-e3e321ccdec4', 'login', '172.71.124.138', 'PostmanRuntime/7.43.2', 0, '98267294-eb49-438b-9a9b-9aabd24bb98d', '2025-03-27 17:54:36', '2025-03-27 17:54:36');
INSERT INTO `user_activities` VALUES ('f0b17139-92d8-4201-b5e3-722c25ecb1f8', '2239d434-7761-4aad-bb5b-e3e321ccdec4', 'login', '172.71.82.113', 'Dart/3.7 (dart:io)', 0, '98267294-eb49-438b-9a9b-9aabd24bb98d', '2025-04-21 15:09:59', '2025-04-21 15:09:59');
INSERT INTO `user_activities` VALUES ('f16b06a3-c48b-4f66-a21d-8c6d511a79ff', '2239d434-7761-4aad-bb5b-e3e321ccdec4', 'login', '108.162.227.131', 'Dart/3.7 (dart:io)', 0, '98267294-eb49-438b-9a9b-9aabd24bb98d', '2025-04-20 18:50:08', '2025-04-20 18:50:08');
INSERT INTO `user_activities` VALUES ('f1ac8499-869a-456e-bfbd-8cc6fd42a908', '26cd0a68-ab90-4397-8c0c-af35496a13ca', 'login', '162.158.88.20', 'Dart/3.7 (dart:io)', 0, '98267294-eb49-438b-9a9b-9aabd24bb98d', '2025-04-19 20:42:43', '2025-04-19 20:42:43');
INSERT INTO `user_activities` VALUES ('f1c85304-a174-436a-9f46-02fb82b78501', '26cd0a68-ab90-4397-8c0c-af35496a13ca', 'login', '162.158.189.176', 'Dart/3.7 (dart:io)', 0, '98267294-eb49-438b-9a9b-9aabd24bb98d', '2025-04-19 17:11:34', '2025-04-19 17:11:34');
INSERT INTO `user_activities` VALUES ('f1f5084d-d000-4dfd-aa5b-394117e16246', '2239d434-7761-4aad-bb5b-e3e321ccdec4', 'login', '172.69.176.87', 'Dart/3.7 (dart:io)', 0, '98267294-eb49-438b-9a9b-9aabd24bb98d', '2025-03-28 16:41:12', '2025-03-28 16:41:12');
INSERT INTO `user_activities` VALUES ('f23a8511-1b8b-43f0-aac9-82654b860e0c', '26cd0a68-ab90-4397-8c0c-af35496a13ca', 'login', '172.70.143.237', 'Dart/3.7 (dart:io)', 0, '98267294-eb49-438b-9a9b-9aabd24bb98d', '2025-04-14 13:11:53', '2025-04-14 13:11:53');
INSERT INTO `user_activities` VALUES ('f28452eb-b0cd-4483-a0c1-4b19a9128c5b', '2239d434-7761-4aad-bb5b-e3e321ccdec4', 'login', '172.70.208.116', 'Dart/3.7 (dart:io)', 0, '98267294-eb49-438b-9a9b-9aabd24bb98d', '2025-03-28 08:38:13', '2025-03-28 08:38:13');
INSERT INTO `user_activities` VALUES ('f4b35f16-465d-4ffd-80c5-2e14e2d54973', '2239d434-7761-4aad-bb5b-e3e321ccdec4', 'login', '172.69.166.34', 'Dart/3.7 (dart:io)', 0, '98267294-eb49-438b-9a9b-9aabd24bb98d', '2025-03-28 10:21:29', '2025-03-28 10:21:29');
INSERT INTO `user_activities` VALUES ('f4b4aeb5-1c30-491c-b7f9-daf73fad6b39', 'd6328a88-0b0a-4d46-b9c0-9e4cd97f376d', 'login', '172.71.82.36', 'Dart/3.7 (dart:io)', 0, 'b29ce424-fc2d-4450-862a-fe403b1ade1f', '2025-04-13 16:04:32', '2025-04-13 16:04:32');
INSERT INTO `user_activities` VALUES ('f5421c07-f316-42b0-b33c-225abe80a367', '26cd0a68-ab90-4397-8c0c-af35496a13ca', 'login', '104.23.175.241', 'Dart/3.7 (dart:io)', 0, '98267294-eb49-438b-9a9b-9aabd24bb98d', '2025-04-10 13:43:31', '2025-04-10 13:43:31');
INSERT INTO `user_activities` VALUES ('f62f4b4f-44b0-4beb-a29c-7e34476a4444', '26cd0a68-ab90-4397-8c0c-af35496a13ca', 'login', '172.69.176.143', 'Dart/3.7 (dart:io)', 0, '98267294-eb49-438b-9a9b-9aabd24bb98d', '2025-04-18 12:32:29', '2025-04-18 12:32:29');
INSERT INTO `user_activities` VALUES ('f68efdf8-e62a-4ea3-a9d2-0a62da1a8915', '2239d434-7761-4aad-bb5b-e3e321ccdec4', 'login', '162.158.88.83', 'Dart/3.7 (dart:io)', 0, '98267294-eb49-438b-9a9b-9aabd24bb98d', '2025-04-04 19:23:13', '2025-04-04 19:23:13');
INSERT INTO `user_activities` VALUES ('f93f82ef-2e94-425f-9651-5179ce155146', '2239d434-7761-4aad-bb5b-e3e321ccdec4', 'login', '172.71.124.228', 'Dart/3.7 (dart:io)', 0, '98267294-eb49-438b-9a9b-9aabd24bb98d', '2025-04-07 17:49:52', '2025-04-07 17:49:52');
INSERT INTO `user_activities` VALUES ('f9cb6a94-6e0b-443e-b670-35c266f32034', '26cd0a68-ab90-4397-8c0c-af35496a13ca', 'login', '162.158.88.101', 'Dart/3.7 (dart:io)', 0, '98267294-eb49-438b-9a9b-9aabd24bb98d', '2025-04-18 12:19:47', '2025-04-18 12:19:47');
INSERT INTO `user_activities` VALUES ('fb2cfb3f-e8db-4a11-a479-0634a11a5834', '2239d434-7761-4aad-bb5b-e3e321ccdec4', 'login', '162.158.88.79', 'Dart/3.7 (dart:io)', 0, '98267294-eb49-438b-9a9b-9aabd24bb98d', '2025-04-05 10:38:13', '2025-04-05 10:38:13');
INSERT INTO `user_activities` VALUES ('fb56b691-3856-41bd-90b2-aa2fce195d4e', '2239d434-7761-4aad-bb5b-e3e321ccdec4', 'login', '172.70.142.26', 'Dart/3.7 (dart:io)', 0, '98267294-eb49-438b-9a9b-9aabd24bb98d', '2025-04-22 16:50:48', '2025-04-22 16:50:48');
INSERT INTO `user_activities` VALUES ('fbe6ed0e-51af-4b57-a390-6f0386ce5fe8', '2239d434-7761-4aad-bb5b-e3e321ccdec4', 'login', '172.70.143.134', 'Dart/3.7 (dart:io)', 0, '98267294-eb49-438b-9a9b-9aabd24bb98d', '2025-04-08 12:04:36', '2025-04-08 12:04:36');
INSERT INTO `user_activities` VALUES ('fc754511-e032-4156-ba7c-b7ecc32bc049', 'd6328a88-0b0a-4d46-b9c0-9e4cd97f376d', 'login', '172.70.142.62', 'Dart/3.7 (dart:io)', 0, 'b29ce424-fc2d-4450-862a-fe403b1ade1f', '2025-04-10 21:40:32', '2025-04-10 21:40:32');
INSERT INTO `user_activities` VALUES ('fe14b1ab-11e0-445a-ba53-753df3da6c62', '2239d434-7761-4aad-bb5b-e3e321ccdec4', 'login', '172.69.166.115', 'Dart/3.7 (dart:io)', 0, '98267294-eb49-438b-9a9b-9aabd24bb98d', '2025-03-26 21:03:19', '2025-03-26 21:03:19');

-- ----------------------------
-- Table structure for user_sessions
-- ----------------------------
DROP TABLE IF EXISTS `user_sessions`;
CREATE TABLE `user_sessions`  (
  `id` char(36) CHARACTER SET latin1 COLLATE latin1_general_ci NOT NULL,
  `user_id` char(36) CHARACTER SET latin1 COLLATE latin1_general_ci NOT NULL,
  `login_time` timestamp NOT NULL DEFAULT current_timestamp,
  `last_activity` timestamp NOT NULL DEFAULT current_timestamp,
  `duration` int NOT NULL COMMENT 'Dalam detik',
  `status` enum('active','expired') CHARACTER SET latin1 COLLATE latin1_general_ci NOT NULL DEFAULT 'active',
  `ip_address` varchar(45) CHARACTER SET latin1 COLLATE latin1_general_ci NOT NULL,
  `user_agent` varchar(255) CHARACTER SET latin1 COLLATE latin1_general_ci NOT NULL,
  `sekolah_id` char(36) CHARACTER SET latin1 COLLATE latin1_general_ci NULL DEFAULT NULL COMMENT 'Null untuk super_admin',
  `created_at` timestamp NULL DEFAULT current_timestamp,
  `updated_at` timestamp NULL DEFAULT current_timestamp ON UPDATE CURRENT_TIMESTAMP,
  PRIMARY KEY (`id`) USING BTREE,
  INDEX `user_id`(`user_id` ASC) USING BTREE,
  INDEX `sekolah_id`(`sekolah_id` ASC) USING BTREE,
  CONSTRAINT `user_sessions_ibfk_1` FOREIGN KEY (`user_id`) REFERENCES `users` (`id`) ON DELETE CASCADE ON UPDATE RESTRICT,
  CONSTRAINT `user_sessions_ibfk_2` FOREIGN KEY (`sekolah_id`) REFERENCES `sekolah` (`id`) ON DELETE CASCADE ON UPDATE RESTRICT
) ENGINE = InnoDB CHARACTER SET = latin1 COLLATE = latin1_general_ci ROW_FORMAT = DYNAMIC;

-- ----------------------------
-- Records of user_sessions
-- ----------------------------
INSERT INTO `user_sessions` VALUES ('0007608e-c8d0-451c-a00f-fdfdc826e667', '26cd0a68-ab90-4397-8c0c-af35496a13ca', '2025-04-14 15:12:52', '2025-04-14 15:18:30', 338, 'expired', '172.70.92.243', 'Dart/3.7 (dart:io)', '98267294-eb49-438b-9a9b-9aabd24bb98d', '2025-04-14 15:12:52', '2025-04-14 15:18:30');
INSERT INTO `user_sessions` VALUES ('002d7df1-6e29-4e0a-a313-5fc6ae8c492a', '26cd0a68-ab90-4397-8c0c-af35496a13ca', '2025-04-19 12:08:00', '2025-04-19 12:13:02', 302, 'expired', '162.158.88.110', 'Dart/3.7 (dart:io)', '98267294-eb49-438b-9a9b-9aabd24bb98d', '2025-04-19 12:08:00', '2025-04-19 12:13:02');
INSERT INTO `user_sessions` VALUES ('019251b7-5b6f-4173-8e9a-2d5e4ff6ec21', '26cd0a68-ab90-4397-8c0c-af35496a13ca', '2025-04-07 20:11:24', '2025-04-07 20:17:16', 352, 'expired', '172.71.124.105', 'Dart/3.7 (dart:io)', '98267294-eb49-438b-9a9b-9aabd24bb98d', '2025-04-07 20:11:24', '2025-04-07 20:17:16');
INSERT INTO `user_sessions` VALUES ('02903a6c-da4f-4ad2-b0c4-dc0b0cded735', '26cd0a68-ab90-4397-8c0c-af35496a13ca', '2025-04-23 13:16:03', '2025-04-23 20:11:52', 24949, 'expired', '104.23.175.227', 'Dart/3.7 (dart:io)', '98267294-eb49-438b-9a9b-9aabd24bb98d', '2025-04-23 13:16:03', '2025-04-23 20:11:52');
INSERT INTO `user_sessions` VALUES ('02f67cf8-2c8c-494d-babf-339f05330482', '2239d434-7761-4aad-bb5b-e3e321ccdec4', '2025-04-23 13:27:43', '2025-04-23 14:19:21', 3098, 'expired', '172.69.176.53', 'Dart/3.7 (dart:io)', '98267294-eb49-438b-9a9b-9aabd24bb98d', '2025-04-23 13:27:43', '2025-04-23 14:19:21');
INSERT INTO `user_sessions` VALUES ('0381b760-193f-41c5-ba8d-8e9f50e03ed0', '2239d434-7761-4aad-bb5b-e3e321ccdec4', '2025-03-27 12:32:24', '2025-03-27 12:37:31', 307, 'expired', '172.70.208.161', 'Dart/3.7 (dart:io)', '98267294-eb49-438b-9a9b-9aabd24bb98d', '2025-03-27 12:32:24', '2025-03-27 12:37:31');
INSERT INTO `user_sessions` VALUES ('03caff46-f70e-4658-97cd-09cd365a8f6e', '26cd0a68-ab90-4397-8c0c-af35496a13ca', '2025-04-20 13:34:54', '2025-04-20 13:37:33', 159, 'expired', '162.158.108.44', 'Dart/3.7 (dart:io)', '98267294-eb49-438b-9a9b-9aabd24bb98d', '2025-04-20 13:34:54', '2025-04-20 13:37:33');
INSERT INTO `user_sessions` VALUES ('040a3793-3e4d-49d4-90e0-918ac22bc7bd', '2239d434-7761-4aad-bb5b-e3e321ccdec4', '2025-03-28 12:36:58', '2025-03-28 12:51:39', 881, 'expired', '162.158.162.121', 'Dart/3.7 (dart:io)', '98267294-eb49-438b-9a9b-9aabd24bb98d', '2025-03-28 12:36:58', '2025-03-28 12:51:39');
INSERT INTO `user_sessions` VALUES ('046c4a98-ba7e-4f73-8753-3001860cca2b', '2239d434-7761-4aad-bb5b-e3e321ccdec4', '2025-04-21 15:09:59', '2025-04-21 15:49:45', 2386, 'expired', '172.71.82.113', 'Dart/3.7 (dart:io)', '98267294-eb49-438b-9a9b-9aabd24bb98d', '2025-04-21 15:09:59', '2025-04-21 15:49:45');
INSERT INTO `user_sessions` VALUES ('04d9a54f-5510-41d5-957e-afa185cca50d', '26cd0a68-ab90-4397-8c0c-af35496a13ca', '2025-04-10 21:19:06', '2025-04-10 21:29:23', 617, 'expired', '172.68.164.61', 'Dart/3.7 (dart:io)', '98267294-eb49-438b-9a9b-9aabd24bb98d', '2025-04-10 21:19:06', '2025-04-10 21:29:23');
INSERT INTO `user_sessions` VALUES ('05872d90-feb5-4301-ad75-263843b5e933', '26cd0a68-ab90-4397-8c0c-af35496a13ca', '2025-04-07 18:55:53', '2025-04-07 18:56:35', 42, 'expired', '162.158.108.152', 'Dart/3.7 (dart:io)', '98267294-eb49-438b-9a9b-9aabd24bb98d', '2025-04-07 18:55:53', '2025-04-07 18:56:35');
INSERT INTO `user_sessions` VALUES ('06928d8d-d6f2-41f1-b453-6de317555f73', '26cd0a68-ab90-4397-8c0c-af35496a13ca', '2025-04-19 17:57:56', '2025-04-19 18:46:41', 2925, 'expired', '162.158.108.16', 'Dart/3.7 (dart:io)', '98267294-eb49-438b-9a9b-9aabd24bb98d', '2025-04-19 17:57:56', '2025-04-19 18:46:41');
INSERT INTO `user_sessions` VALUES ('079e6dc7-ca38-4b3a-a19f-9e461f310416', '2239d434-7761-4aad-bb5b-e3e321ccdec4', '2025-03-28 05:07:07', '2025-03-28 05:09:12', 125, 'expired', '162.158.170.95', 'Dart/3.7 (dart:io)', '98267294-eb49-438b-9a9b-9aabd24bb98d', '2025-03-28 05:07:07', '2025-03-28 05:09:12');
INSERT INTO `user_sessions` VALUES ('07e8b903-3723-415c-aa75-ac3dcf1fd344', '2239d434-7761-4aad-bb5b-e3e321ccdec4', '2025-04-21 15:05:49', '2025-04-21 15:09:59', 250, 'expired', '162.158.108.153', 'Dart/3.7 (dart:io)', '98267294-eb49-438b-9a9b-9aabd24bb98d', '2025-04-21 15:05:49', '2025-04-21 15:09:59');
INSERT INTO `user_sessions` VALUES ('08e063d5-06dc-4427-b32f-513861b6d019', '26cd0a68-ab90-4397-8c0c-af35496a13ca', '2025-04-08 07:41:12', '2025-04-08 07:43:11', 119, 'expired', '104.23.175.152', 'Dart/3.7 (dart:io)', '98267294-eb49-438b-9a9b-9aabd24bb98d', '2025-04-08 07:41:12', '2025-04-08 07:43:11');
INSERT INTO `user_sessions` VALUES ('090b3808-af54-4ec4-ac5a-9d20671c26b1', '26cd0a68-ab90-4397-8c0c-af35496a13ca', '2025-04-19 17:11:34', '2025-04-19 17:30:57', 1163, 'expired', '162.158.189.176', 'Dart/3.7 (dart:io)', '98267294-eb49-438b-9a9b-9aabd24bb98d', '2025-04-19 17:11:34', '2025-04-19 17:30:57');
INSERT INTO `user_sessions` VALUES ('0a5f170c-17e4-4cf2-990f-6962f3a45171', '26cd0a68-ab90-4397-8c0c-af35496a13ca', '2025-04-17 17:14:52', '2025-04-17 19:12:23', 7051, 'expired', '162.158.106.170', 'Dart/3.7 (dart:io)', '98267294-eb49-438b-9a9b-9aabd24bb98d', '2025-04-17 17:14:52', '2025-04-17 19:12:23');
INSERT INTO `user_sessions` VALUES ('0b6d0379-13f1-4afc-8c6e-8df62416399b', '2239d434-7761-4aad-bb5b-e3e321ccdec4', '2025-03-28 08:38:13', '2025-03-28 10:20:27', 6134, 'expired', '172.70.208.116', 'Dart/3.7 (dart:io)', '98267294-eb49-438b-9a9b-9aabd24bb98d', '2025-03-28 08:38:13', '2025-03-28 10:20:27');
INSERT INTO `user_sessions` VALUES ('0c3bf322-c6d2-4101-adfe-90d3805b70c8', '26cd0a68-ab90-4397-8c0c-af35496a13ca', '2025-04-19 16:59:50', '2025-04-19 17:11:34', 704, 'expired', '162.158.108.92', 'Dart/3.7 (dart:io)', '98267294-eb49-438b-9a9b-9aabd24bb98d', '2025-04-19 16:59:50', '2025-04-19 17:11:34');
INSERT INTO `user_sessions` VALUES ('0d817f43-7bc4-477f-999e-d43ac9bd6344', '26cd0a68-ab90-4397-8c0c-af35496a13ca', '2025-04-14 14:51:19', '2025-04-14 15:09:10', 1071, 'expired', '108.162.227.99', 'Dart/3.7 (dart:io)', '98267294-eb49-438b-9a9b-9aabd24bb98d', '2025-04-14 14:51:19', '2025-04-14 15:09:10');
INSERT INTO `user_sessions` VALUES ('0e1f11a8-2158-4e04-bb3f-62cc75d7ce4c', '26cd0a68-ab90-4397-8c0c-af35496a13ca', '2025-04-08 06:18:29', '2025-04-08 06:29:10', 641, 'expired', '162.158.107.49', 'Dart/3.7 (dart:io)', '98267294-eb49-438b-9a9b-9aabd24bb98d', '2025-04-08 06:18:29', '2025-04-08 06:29:10');
INSERT INTO `user_sessions` VALUES ('0e6290e7-07bb-4112-b67d-e266106aa483', '26cd0a68-ab90-4397-8c0c-af35496a13ca', '2025-04-07 18:46:49', '2025-04-07 18:48:16', 87, 'expired', '162.158.189.176', 'Dart/3.7 (dart:io)', '98267294-eb49-438b-9a9b-9aabd24bb98d', '2025-04-07 18:46:49', '2025-04-07 18:48:16');
INSERT INTO `user_sessions` VALUES ('11036d56-6225-4b5a-ac91-3010c940dc56', '2239d434-7761-4aad-bb5b-e3e321ccdec4', '2025-03-26 13:30:25', '2025-03-26 17:20:00', 13775, 'expired', '172.69.165.29', 'PostmanRuntime/7.43.2', '98267294-eb49-438b-9a9b-9aabd24bb98d', '2025-03-26 13:30:25', '2025-03-26 17:20:00');
INSERT INTO `user_sessions` VALUES ('113821db-bb56-4b79-819f-1b826e5e08f2', '2239d434-7761-4aad-bb5b-e3e321ccdec4', '2025-03-28 07:54:19', '2025-03-28 08:38:13', 2634, 'expired', '162.158.163.133', 'Dart/3.7 (dart:io)', '98267294-eb49-438b-9a9b-9aabd24bb98d', '2025-03-28 07:54:19', '2025-03-28 08:38:13');
INSERT INTO `user_sessions` VALUES ('113baa3e-22fe-4d59-b562-00e63f5f03dc', '2239d434-7761-4aad-bb5b-e3e321ccdec4', '2025-04-08 09:11:30', '2025-04-08 09:20:36', 546, 'expired', '162.158.107.48', 'Dart/3.7 (dart:io)', '98267294-eb49-438b-9a9b-9aabd24bb98d', '2025-04-08 09:11:30', '2025-04-08 09:20:36');
INSERT INTO `user_sessions` VALUES ('116f359f-20e3-4812-9980-37cde9a490ec', '2239d434-7761-4aad-bb5b-e3e321ccdec4', '2025-04-06 18:34:03', '2025-04-06 21:17:46', 9823, 'expired', '172.69.166.18', 'Dart/3.7 (dart:io)', '98267294-eb49-438b-9a9b-9aabd24bb98d', '2025-04-06 18:34:03', '2025-04-06 21:17:46');
INSERT INTO `user_sessions` VALUES ('12914fbc-653e-40c2-88ac-497fde248eec', '2239d434-7761-4aad-bb5b-e3e321ccdec4', '2025-04-07 17:47:38', '2025-04-07 17:49:52', 134, 'expired', '172.70.147.52', 'Dart/3.7 (dart:io)', '98267294-eb49-438b-9a9b-9aabd24bb98d', '2025-04-07 17:47:38', '2025-04-07 17:49:52');
INSERT INTO `user_sessions` VALUES ('13fa1674-07f5-4a5d-a4d7-85e5c1a3012b', '869fc00e-f8dc-4ecf-94c8-e1c7b923fd1a', '2025-04-10 21:41:42', '2025-04-10 21:51:37', 595, 'expired', '172.69.176.12', 'Dart/3.7 (dart:io)', 'b29ce424-fc2d-4450-862a-fe403b1ade1f', '2025-04-10 21:41:42', '2025-04-10 21:51:37');
INSERT INTO `user_sessions` VALUES ('13fb7f0e-8118-4c4b-a7ef-0889dd7f0d12', '26cd0a68-ab90-4397-8c0c-af35496a13ca', '2025-04-08 12:00:26', '2025-04-08 13:45:00', 6274, 'expired', '172.68.164.13', 'Dart/3.7 (dart:io)', '98267294-eb49-438b-9a9b-9aabd24bb98d', '2025-04-08 12:00:26', '2025-04-08 13:45:00');
INSERT INTO `user_sessions` VALUES ('1407a51d-365a-491e-af43-072a06d11f47', '2239d434-7761-4aad-bb5b-e3e321ccdec4', '2025-03-27 08:37:51', '2025-03-27 08:39:26', 95, 'expired', '162.158.88.101', 'Dart/3.7 (dart:io)', '98267294-eb49-438b-9a9b-9aabd24bb98d', '2025-03-27 08:37:51', '2025-03-27 08:39:26');
INSERT INTO `user_sessions` VALUES ('158913d6-fed1-4cda-b67e-7cea81b902c8', '26cd0a68-ab90-4397-8c0c-af35496a13ca', '2025-04-09 10:35:08', '2025-04-09 11:20:06', 2698, 'expired', '104.23.175.184', 'Dart/3.7 (dart:io)', '98267294-eb49-438b-9a9b-9aabd24bb98d', '2025-04-09 10:35:08', '2025-04-09 11:20:06');
INSERT INTO `user_sessions` VALUES ('17279af7-5481-4b37-b171-22732cfff7d7', '26cd0a68-ab90-4397-8c0c-af35496a13ca', '2025-04-10 23:02:24', '2025-04-10 23:05:57', 213, 'expired', '172.70.142.150', 'Dart/3.7 (dart:io)', '98267294-eb49-438b-9a9b-9aabd24bb98d', '2025-04-10 23:02:24', '2025-04-10 23:05:57');
INSERT INTO `user_sessions` VALUES ('173f1d82-458b-4c57-9d56-a1096a2d45b6', '2239d434-7761-4aad-bb5b-e3e321ccdec4', '2025-04-08 09:20:36', '2025-04-08 09:38:06', 1050, 'expired', '104.23.175.240', 'Dart/3.7 (dart:io)', '98267294-eb49-438b-9a9b-9aabd24bb98d', '2025-04-08 09:20:36', '2025-04-08 09:38:06');
INSERT INTO `user_sessions` VALUES ('17a81d9a-3ed0-4ae6-a797-3dffdacfc71d', '2239d434-7761-4aad-bb5b-e3e321ccdec4', '2025-03-26 21:14:15', '2025-03-26 21:14:33', 18, 'expired', '172.68.164.150', 'Dart/3.7 (dart:io)', '98267294-eb49-438b-9a9b-9aabd24bb98d', '2025-03-26 21:14:15', '2025-03-26 21:14:33');
INSERT INTO `user_sessions` VALUES ('17e06338-a711-4ff9-8525-364b84c9d734', '2239d434-7761-4aad-bb5b-e3e321ccdec4', '2025-03-28 13:39:41', '2025-03-28 13:39:56', 15, 'expired', '172.71.124.113', 'Dart/3.7 (dart:io)', '98267294-eb49-438b-9a9b-9aabd24bb98d', '2025-03-28 13:39:41', '2025-03-28 13:39:56');
INSERT INTO `user_sessions` VALUES ('1832142e-1ce9-460a-932a-b10dae31aa76', '2239d434-7761-4aad-bb5b-e3e321ccdec4', '2025-03-28 17:14:00', '2025-03-30 19:18:05', 180245, 'expired', '172.68.164.46', 'Dart/3.7 (dart:io)', '98267294-eb49-438b-9a9b-9aabd24bb98d', '2025-03-28 17:14:00', '2025-03-30 19:18:05');
INSERT INTO `user_sessions` VALUES ('1957b6d7-f40f-4f1f-9a32-8d7cdb30f28b', '2239d434-7761-4aad-bb5b-e3e321ccdec4', '2025-03-26 22:57:03', '2025-03-26 23:01:10', 247, 'expired', '172.71.81.56', 'Dart/3.7 (dart:io)', '98267294-eb49-438b-9a9b-9aabd24bb98d', '2025-03-26 22:57:03', '2025-03-26 23:01:10');
INSERT INTO `user_sessions` VALUES ('19970dc1-68f5-4285-8100-d7a90875593c', '26cd0a68-ab90-4397-8c0c-af35496a13ca', '2025-04-18 17:45:08', '2025-04-18 17:58:42', 814, 'expired', '172.68.164.62', 'Dart/3.7 (dart:io)', '98267294-eb49-438b-9a9b-9aabd24bb98d', '2025-04-18 17:45:08', '2025-04-18 17:58:42');
INSERT INTO `user_sessions` VALUES ('1a820925-c610-4c42-8e0c-1c60c75db92d', '26cd0a68-ab90-4397-8c0c-af35496a13ca', '2025-04-10 19:27:49', '2025-04-10 19:32:39', 290, 'expired', '172.70.188.148', 'Dart/3.7 (dart:io)', '98267294-eb49-438b-9a9b-9aabd24bb98d', '2025-04-10 19:27:49', '2025-04-10 19:32:39');
INSERT INTO `user_sessions` VALUES ('1aafd0b4-6335-4afd-a0fe-d9529a3451f0', '26cd0a68-ab90-4397-8c0c-af35496a13ca', '2025-04-07 18:56:35', '2025-04-07 18:59:05', 150, 'expired', '172.71.82.36', 'Dart/3.7 (dart:io)', '98267294-eb49-438b-9a9b-9aabd24bb98d', '2025-04-07 18:56:35', '2025-04-07 18:59:05');
INSERT INTO `user_sessions` VALUES ('1ae4865a-b5d7-4a2a-b97f-8ed29025e5d5', '2239d434-7761-4aad-bb5b-e3e321ccdec4', '2025-04-07 17:49:52', '2025-04-07 18:23:43', 2031, 'expired', '172.71.124.228', 'Dart/3.7 (dart:io)', '98267294-eb49-438b-9a9b-9aabd24bb98d', '2025-04-07 17:49:52', '2025-04-07 18:23:43');
INSERT INTO `user_sessions` VALUES ('1b5b54c7-3d28-43de-a62d-989ba640ff75', '2239d434-7761-4aad-bb5b-e3e321ccdec4', '2025-04-09 21:12:07', '2025-04-10 13:18:52', 58005, 'expired', '172.71.124.11', 'Dart/3.7 (dart:io)', '98267294-eb49-438b-9a9b-9aabd24bb98d', '2025-04-09 21:12:07', '2025-04-10 13:18:52');
INSERT INTO `user_sessions` VALUES ('1b65a253-f236-4850-ac7a-33840b5c8343', '26cd0a68-ab90-4397-8c0c-af35496a13ca', '2025-04-14 15:33:35', '2025-04-14 18:45:15', 11500, 'expired', '172.70.93.17', 'Dart/3.7 (dart:io)', '98267294-eb49-438b-9a9b-9aabd24bb98d', '2025-04-14 15:33:35', '2025-04-14 18:45:15');
INSERT INTO `user_sessions` VALUES ('1bf430ba-4d7c-411a-b8e3-5b9a85eb45b0', '2239d434-7761-4aad-bb5b-e3e321ccdec4', '2025-03-26 23:02:25', '2025-03-26 23:03:54', 89, 'expired', '172.71.124.11', 'Dart/3.7 (dart:io)', '98267294-eb49-438b-9a9b-9aabd24bb98d', '2025-03-26 23:02:25', '2025-03-26 23:03:54');
INSERT INTO `user_sessions` VALUES ('1c61912a-848c-47b1-bd82-5167e916d75f', '2239d434-7761-4aad-bb5b-e3e321ccdec4', '2025-04-08 09:57:42', '2025-04-08 12:04:36', 7614, 'expired', '172.70.92.242', 'Dart/3.7 (dart:io)', '98267294-eb49-438b-9a9b-9aabd24bb98d', '2025-04-08 09:57:42', '2025-04-08 12:04:36');
INSERT INTO `user_sessions` VALUES ('1c9f7505-c5d5-4462-8d96-531d97e2871c', '2239d434-7761-4aad-bb5b-e3e321ccdec4', '2025-03-28 06:04:39', '2025-03-28 06:13:29', 530, 'expired', '172.71.81.228', 'Dart/3.7 (dart:io)', '98267294-eb49-438b-9a9b-9aabd24bb98d', '2025-03-28 06:04:39', '2025-03-28 06:13:29');
INSERT INTO `user_sessions` VALUES ('1ca31f26-7c19-4f14-b0dd-c025b97303c4', '26cd0a68-ab90-4397-8c0c-af35496a13ca', '2025-04-14 10:52:12', '2025-04-14 13:07:00', 8088, 'expired', '162.158.88.111', 'Dart/3.7 (dart:io)', '98267294-eb49-438b-9a9b-9aabd24bb98d', '2025-04-14 10:52:12', '2025-04-14 13:07:00');
INSERT INTO `user_sessions` VALUES ('1e781d0f-3b70-425c-af70-4f5bf073285b', '2239d434-7761-4aad-bb5b-e3e321ccdec4', '2025-04-04 19:23:13', '2025-04-04 20:22:59', 3586, 'expired', '162.158.88.83', 'Dart/3.7 (dart:io)', '98267294-eb49-438b-9a9b-9aabd24bb98d', '2025-04-04 19:23:13', '2025-04-04 20:22:59');
INSERT INTO `user_sessions` VALUES ('1e8bc622-d559-403d-8daf-e3ade937dfd5', '2239d434-7761-4aad-bb5b-e3e321ccdec4', '2025-04-06 12:38:53', '2025-04-06 17:01:44', 15771, 'expired', '162.158.189.139', 'Dart/3.7 (dart:io)', '98267294-eb49-438b-9a9b-9aabd24bb98d', '2025-04-06 12:38:53', '2025-04-06 17:01:44');
INSERT INTO `user_sessions` VALUES ('20942e56-b0d2-4e6a-955d-afe3f98dd08c', '2239d434-7761-4aad-bb5b-e3e321ccdec4', '2025-03-26 22:44:01', '2025-03-26 22:44:57', 56, 'expired', '172.70.208.13', 'Dart/3.7 (dart:io)', '98267294-eb49-438b-9a9b-9aabd24bb98d', '2025-03-26 22:44:01', '2025-03-26 22:44:57');
INSERT INTO `user_sessions` VALUES ('20b7f030-5f6a-4086-a1ad-4b5eddf1a25e', '26cd0a68-ab90-4397-8c0c-af35496a13ca', '2025-04-19 20:51:44', '2025-04-19 20:57:21', 337, 'expired', '172.70.142.62', 'Dart/3.7 (dart:io)', '98267294-eb49-438b-9a9b-9aabd24bb98d', '2025-04-19 20:51:44', '2025-04-19 20:57:21');
INSERT INTO `user_sessions` VALUES ('20d46284-a027-4a4d-ac6e-f120f7806a7f', '2239d434-7761-4aad-bb5b-e3e321ccdec4', '2025-03-26 21:14:41', '2025-03-26 21:15:09', 28, 'expired', '108.162.226.91', 'Dart/3.7 (dart:io)', '98267294-eb49-438b-9a9b-9aabd24bb98d', '2025-03-26 21:14:41', '2025-03-26 21:15:09');
INSERT INTO `user_sessions` VALUES ('20e41c1b-395f-4928-84b8-8445e7698ca0', '26cd0a68-ab90-4397-8c0c-af35496a13ca', '2025-04-16 11:45:29', '2025-04-16 13:00:41', 4512, 'expired', '162.158.190.9', 'Dart/3.7 (dart:io)', '98267294-eb49-438b-9a9b-9aabd24bb98d', '2025-04-16 11:45:29', '2025-04-16 13:00:41');
INSERT INTO `user_sessions` VALUES ('21a02731-db15-4bb5-bbad-0d5fc8bb5e9e', '26cd0a68-ab90-4397-8c0c-af35496a13ca', '2025-04-19 19:23:14', '2025-04-19 20:42:43', 4769, 'expired', '172.71.124.139', 'Dart/3.7 (dart:io)', '98267294-eb49-438b-9a9b-9aabd24bb98d', '2025-04-19 19:23:14', '2025-04-19 20:42:43');
INSERT INTO `user_sessions` VALUES ('2254e840-0b80-46c7-8087-6bfc0a5a0e45', '26cd0a68-ab90-4397-8c0c-af35496a13ca', '2025-04-07 18:46:07', '2025-04-07 18:46:49', 42, 'expired', '162.158.88.29', 'Dart/3.7 (dart:io)', '98267294-eb49-438b-9a9b-9aabd24bb98d', '2025-04-07 18:46:07', '2025-04-07 18:46:49');
INSERT INTO `user_sessions` VALUES ('22686aed-036c-48d0-8405-490c7c70b088', '26cd0a68-ab90-4397-8c0c-af35496a13ca', '2025-04-20 11:07:33', '2025-04-20 11:45:53', 2300, 'expired', '108.162.227.85', 'Dart/3.7 (dart:io)', '98267294-eb49-438b-9a9b-9aabd24bb98d', '2025-04-20 11:07:33', '2025-04-20 11:45:53');
INSERT INTO `user_sessions` VALUES ('232c68e9-356e-4f06-b016-33d31f8a4806', '26cd0a68-ab90-4397-8c0c-af35496a13ca', '2025-04-20 13:37:33', '2025-04-20 13:47:47', 614, 'expired', '172.71.152.31', 'Dart/3.7 (dart:io)', '98267294-eb49-438b-9a9b-9aabd24bb98d', '2025-04-20 13:37:33', '2025-04-20 13:47:47');
INSERT INTO `user_sessions` VALUES ('23b2d424-caff-4ce3-9f90-d17a19c12cd2', '26cd0a68-ab90-4397-8c0c-af35496a13ca', '2025-04-09 11:20:06', '2025-04-09 12:17:17', 3431, 'expired', '172.69.176.149', 'Dart/3.7 (dart:io)', '98267294-eb49-438b-9a9b-9aabd24bb98d', '2025-04-09 11:20:06', '2025-04-09 12:17:17');
INSERT INTO `user_sessions` VALUES ('23bbee2f-d00e-49c7-9363-cd0c7f98c890', '2239d434-7761-4aad-bb5b-e3e321ccdec4', '2025-03-27 10:35:56', '2025-03-27 10:57:04', 1268, 'expired', '108.162.226.72', 'Dart/3.7 (dart:io)', '98267294-eb49-438b-9a9b-9aabd24bb98d', '2025-03-27 10:35:56', '2025-03-27 10:57:04');
INSERT INTO `user_sessions` VALUES ('2505e6eb-805a-467b-90a7-59a908e0e8fa', 'dba9b8f1-d12c-4429-8863-d4ee80fd9f34', '2025-03-26 17:16:29', '2025-04-17 17:05:29', 1900140, 'active', '162.158.106.153', 'PostmanRuntime/7.43.2', 'e8546a78-7a5a-47fc-86b9-f2b233a89e8b', '2025-03-26 17:16:29', '2025-04-17 17:05:29');
INSERT INTO `user_sessions` VALUES ('2567ffce-741b-4733-a9ac-52702dca3b5b', '26cd0a68-ab90-4397-8c0c-af35496a13ca', '2025-04-09 22:11:52', '2025-04-09 22:12:24', 32, 'expired', '162.158.88.10', 'Dart/3.7 (dart:io)', '98267294-eb49-438b-9a9b-9aabd24bb98d', '2025-04-09 22:11:52', '2025-04-09 22:12:24');
INSERT INTO `user_sessions` VALUES ('257884b0-9327-4683-bf35-8251f73a1f5e', '2239d434-7761-4aad-bb5b-e3e321ccdec4', '2025-03-26 22:49:42', '2025-03-26 22:50:48', 66, 'expired', '172.71.152.56', 'Dart/3.7 (dart:io)', '98267294-eb49-438b-9a9b-9aabd24bb98d', '2025-03-26 22:49:42', '2025-03-26 22:50:48');
INSERT INTO `user_sessions` VALUES ('265a238d-c656-4983-89e2-2d62fb5e559b', '26cd0a68-ab90-4397-8c0c-af35496a13ca', '2025-04-07 18:24:58', '2025-04-07 18:25:58', 60, 'expired', '172.70.143.92', 'Dart/3.7 (dart:io)', '98267294-eb49-438b-9a9b-9aabd24bb98d', '2025-04-07 18:24:59', '2025-04-07 18:25:58');
INSERT INTO `user_sessions` VALUES ('26a907a3-e0a9-4dc8-9912-509a6668aa66', '2239d434-7761-4aad-bb5b-e3e321ccdec4', '2025-04-03 21:35:52', '2025-04-04 16:06:24', 66632, 'expired', '172.70.143.246', 'Dart/3.7 (dart:io)', '98267294-eb49-438b-9a9b-9aabd24bb98d', '2025-04-03 21:35:52', '2025-04-04 16:06:24');
INSERT INTO `user_sessions` VALUES ('26c9a5cd-d2b8-468f-b785-10818e1d5264', '2239d434-7761-4aad-bb5b-e3e321ccdec4', '2025-04-08 09:38:06', '2025-04-08 09:57:42', 1176, 'expired', '172.71.81.151', 'Dart/3.7 (dart:io)', '98267294-eb49-438b-9a9b-9aabd24bb98d', '2025-04-08 09:38:06', '2025-04-08 09:57:42');
INSERT INTO `user_sessions` VALUES ('26f7cf80-3392-44ed-be99-f84dd29c7ea2', '2239d434-7761-4aad-bb5b-e3e321ccdec4', '2025-03-26 23:06:58', '2025-03-26 23:08:36', 98, 'expired', '172.68.164.3', 'Dart/3.7 (dart:io)', '98267294-eb49-438b-9a9b-9aabd24bb98d', '2025-03-26 23:06:58', '2025-03-26 23:08:36');
INSERT INTO `user_sessions` VALUES ('277cf121-f05a-4e08-98c0-359c6aa9129a', '2239d434-7761-4aad-bb5b-e3e321ccdec4', '2025-03-26 21:15:09', '2025-03-26 21:16:18', 69, 'expired', '172.68.164.29', 'Dart/3.7 (dart:io)', '98267294-eb49-438b-9a9b-9aabd24bb98d', '2025-03-26 21:15:09', '2025-03-26 21:16:18');
INSERT INTO `user_sessions` VALUES ('28a7f0e8-9584-4cf2-9fac-c7b7e472da40', '26cd0a68-ab90-4397-8c0c-af35496a13ca', '2025-04-19 12:13:02', '2025-04-19 16:59:50', 17208, 'expired', '104.23.175.124', 'Dart/3.7 (dart:io)', '98267294-eb49-438b-9a9b-9aabd24bb98d', '2025-04-19 12:13:02', '2025-04-19 16:59:50');
INSERT INTO `user_sessions` VALUES ('28e25093-c2f4-432c-8c07-a27d65988396', '26cd0a68-ab90-4397-8c0c-af35496a13ca', '2025-04-16 18:56:41', '2025-04-16 19:40:15', 2614, 'expired', '172.70.92.242', 'Dart/3.7 (dart:io)', '98267294-eb49-438b-9a9b-9aabd24bb98d', '2025-04-16 18:56:41', '2025-04-16 19:40:15');
INSERT INTO `user_sessions` VALUES ('293f6707-9a50-4291-9bd6-c559b7df34ac', '2239d434-7761-4aad-bb5b-e3e321ccdec4', '2025-03-26 21:54:38', '2025-03-26 21:54:48', 10, 'expired', '172.71.124.200', 'Dart/3.7 (dart:io)', '98267294-eb49-438b-9a9b-9aabd24bb98d', '2025-03-26 21:54:38', '2025-03-26 21:54:48');
INSERT INTO `user_sessions` VALUES ('294f14ee-dd59-421b-8219-a4d633354c39', '26cd0a68-ab90-4397-8c0c-af35496a13ca', '2025-04-08 05:44:10', '2025-04-08 05:56:39', 749, 'expired', '172.71.124.112', 'Dart/3.7 (dart:io)', '98267294-eb49-438b-9a9b-9aabd24bb98d', '2025-04-08 05:44:10', '2025-04-08 05:56:39');
INSERT INTO `user_sessions` VALUES ('29bd0dd4-ac44-4a4d-ac0f-c458bb296cd3', '2239d434-7761-4aad-bb5b-e3e321ccdec4', '2025-04-05 21:38:00', '2025-04-05 22:36:01', 3481, 'expired', '172.70.208.138', 'Dart/3.7 (dart:io)', '98267294-eb49-438b-9a9b-9aabd24bb98d', '2025-04-05 21:38:00', '2025-04-05 22:36:01');
INSERT INTO `user_sessions` VALUES ('2afcff9a-f4f8-48a6-bbcc-438acb06e3e9', '26cd0a68-ab90-4397-8c0c-af35496a13ca', '2025-04-20 13:20:31', '2025-04-20 13:34:54', 863, 'expired', '162.158.108.59', 'Dart/3.7 (dart:io)', '98267294-eb49-438b-9a9b-9aabd24bb98d', '2025-04-20 13:20:31', '2025-04-20 13:34:54');
INSERT INTO `user_sessions` VALUES ('2d58ed0b-c5d3-45d2-9c87-da8fd6002d5c', '2239d434-7761-4aad-bb5b-e3e321ccdec4', '2025-03-28 13:16:21', '2025-03-28 13:27:41', 680, 'expired', '104.23.175.252', 'Dart/3.7 (dart:io)', '98267294-eb49-438b-9a9b-9aabd24bb98d', '2025-03-28 13:16:21', '2025-03-28 13:27:41');
INSERT INTO `user_sessions` VALUES ('2e0ed6c3-d062-491d-a25d-c651c6ef4be0', '2239d434-7761-4aad-bb5b-e3e321ccdec4', '2025-04-02 09:43:31', '2025-04-02 09:44:14', 43, 'expired', '162.158.190.41', 'Dart/3.7 (dart:io)', '98267294-eb49-438b-9a9b-9aabd24bb98d', '2025-04-02 09:43:31', '2025-04-02 09:44:14');
INSERT INTO `user_sessions` VALUES ('2e398435-bb28-4a40-b02d-30979cef90c6', '2239d434-7761-4aad-bb5b-e3e321ccdec4', '2025-04-05 11:43:44', '2025-04-05 11:54:06', 622, 'expired', '172.69.176.12', 'Dart/3.7 (dart:io)', '98267294-eb49-438b-9a9b-9aabd24bb98d', '2025-04-05 11:43:44', '2025-04-05 11:54:06');
INSERT INTO `user_sessions` VALUES ('2e3c8076-d82e-4ecc-81d6-5c9781f7f51e', '26cd0a68-ab90-4397-8c0c-af35496a13ca', '2025-04-09 22:12:24', '2025-04-09 22:16:24', 240, 'expired', '172.70.208.117', 'Dart/3.7 (dart:io)', '98267294-eb49-438b-9a9b-9aabd24bb98d', '2025-04-09 22:12:24', '2025-04-09 22:16:24');
INSERT INTO `user_sessions` VALUES ('2e49bcc9-f348-4f26-82e5-a711560ccb96', '26cd0a68-ab90-4397-8c0c-af35496a13ca', '2025-04-17 19:12:23', '2025-04-17 19:52:54', 2431, 'expired', '172.68.164.143', 'Dart/3.7 (dart:io)', '98267294-eb49-438b-9a9b-9aabd24bb98d', '2025-04-17 19:12:23', '2025-04-17 19:52:54');
INSERT INTO `user_sessions` VALUES ('2ee07707-ec26-4526-8e75-d0713f1a8027', '2239d434-7761-4aad-bb5b-e3e321ccdec4', '2025-04-05 11:34:42', '2025-04-05 11:36:56', 134, 'expired', '172.70.142.189', 'Dart/3.7 (dart:io)', '98267294-eb49-438b-9a9b-9aabd24bb98d', '2025-04-05 11:34:42', '2025-04-05 11:36:56');
INSERT INTO `user_sessions` VALUES ('2f4b46c7-5dc4-49c9-bc80-c4a0fbe2c800', '26cd0a68-ab90-4397-8c0c-af35496a13ca', '2025-04-09 17:28:49', '2025-04-09 19:28:32', 7183, 'expired', '172.68.164.91', 'Dart/3.7 (dart:io)', '98267294-eb49-438b-9a9b-9aabd24bb98d', '2025-04-09 17:28:49', '2025-04-09 19:28:32');
INSERT INTO `user_sessions` VALUES ('2fabd7bb-023c-448f-be9c-790592ed4b6c', '2239d434-7761-4aad-bb5b-e3e321ccdec4', '2025-04-05 20:37:27', '2025-04-05 20:42:07', 280, 'expired', '162.158.108.131', 'Dart/3.7 (dart:io)', '98267294-eb49-438b-9a9b-9aabd24bb98d', '2025-04-05 20:37:27', '2025-04-05 20:42:07');
INSERT INTO `user_sessions` VALUES ('3195fa36-a454-47df-a0c6-56ad49a55121', '2239d434-7761-4aad-bb5b-e3e321ccdec4', '2025-03-30 19:39:27', '2025-03-30 19:55:13', 947, 'expired', '162.158.88.102', 'Dart/3.7 (dart:io)', '98267294-eb49-438b-9a9b-9aabd24bb98d', '2025-03-30 19:39:27', '2025-03-30 19:55:13');
INSERT INTO `user_sessions` VALUES ('31c51bee-c657-4392-bbc6-7bc521e426dd', '26cd0a68-ab90-4397-8c0c-af35496a13ca', '2025-04-09 13:14:30', '2025-04-09 17:28:49', 15259, 'expired', '172.70.188.79', 'Dart/3.7 (dart:io)', '98267294-eb49-438b-9a9b-9aabd24bb98d', '2025-04-09 13:14:30', '2025-04-09 17:28:49');
INSERT INTO `user_sessions` VALUES ('32a0f9f1-bed5-488c-9278-e38dc4280730', '2239d434-7761-4aad-bb5b-e3e321ccdec4', '2025-04-05 19:57:05', '2025-04-05 20:36:13', 2348, 'expired', '108.162.226.27', 'Dart/3.7 (dart:io)', '98267294-eb49-438b-9a9b-9aabd24bb98d', '2025-04-05 19:57:05', '2025-04-05 20:36:13');
INSERT INTO `user_sessions` VALUES ('3425724b-d755-4781-8e7a-536f101e802f', '2239d434-7761-4aad-bb5b-e3e321ccdec4', '2025-04-07 01:10:11', '2025-04-07 17:14:42', 57871, 'expired', '162.158.88.132', 'Dart/3.7 (dart:io)', '98267294-eb49-438b-9a9b-9aabd24bb98d', '2025-04-07 01:10:12', '2025-04-07 17:14:42');
INSERT INTO `user_sessions` VALUES ('34258ce0-c64d-4407-b5a7-03dc6b45d894', '26cd0a68-ab90-4397-8c0c-af35496a13ca', '2025-04-10 12:02:19', '2025-04-10 12:21:57', 1178, 'expired', '172.71.152.31', 'Dart/3.7 (dart:io)', '98267294-eb49-438b-9a9b-9aabd24bb98d', '2025-04-10 12:02:19', '2025-04-10 12:21:57');
INSERT INTO `user_sessions` VALUES ('34b55e81-4e07-4749-9da0-6a0d949057c1', '2239d434-7761-4aad-bb5b-e3e321ccdec4', '2025-04-10 14:01:18', '2025-04-10 20:25:55', 23077, 'expired', '172.69.166.34', 'Dart/3.7 (dart:io)', '98267294-eb49-438b-9a9b-9aabd24bb98d', '2025-04-10 14:01:18', '2025-04-10 20:25:55');
INSERT INTO `user_sessions` VALUES ('35f0a2b1-3231-44c7-af44-bbe1c273be92', '2239d434-7761-4aad-bb5b-e3e321ccdec4', '2025-04-22 17:16:04', '2025-04-22 17:19:30', 206, 'expired', '104.23.175.152', 'Dart/3.7 (dart:io)', '98267294-eb49-438b-9a9b-9aabd24bb98d', '2025-04-22 17:16:04', '2025-04-22 17:19:30');
INSERT INTO `user_sessions` VALUES ('35f11823-9791-4e4f-abd7-281539af5dba', '2239d434-7761-4aad-bb5b-e3e321ccdec4', '2025-04-22 17:10:40', '2025-04-22 17:11:33', 53, 'expired', '172.70.143.221', 'Dart/3.7 (dart:io)', '98267294-eb49-438b-9a9b-9aabd24bb98d', '2025-04-22 17:10:40', '2025-04-22 17:11:33');
INSERT INTO `user_sessions` VALUES ('361bcaa3-d45d-4125-82cb-a83382233e45', '2239d434-7761-4aad-bb5b-e3e321ccdec4', '2025-03-28 05:39:19', '2025-03-28 05:59:24', 1205, 'expired', '172.68.164.91', 'Dart/3.7 (dart:io)', '98267294-eb49-438b-9a9b-9aabd24bb98d', '2025-03-28 05:39:19', '2025-03-28 05:59:24');
INSERT INTO `user_sessions` VALUES ('364f8af5-2b89-4125-aab5-e77ef7ff6307', '26cd0a68-ab90-4397-8c0c-af35496a13ca', '2025-04-23 20:11:52', '2025-04-23 21:02:16', 3024, 'active', '162.158.108.49', 'PostmanRuntime/7.43.3', '98267294-eb49-438b-9a9b-9aabd24bb98d', '2025-04-23 20:11:52', '2025-04-23 21:02:16');
INSERT INTO `user_sessions` VALUES ('36cfb634-b0c3-4afa-bbd1-3dd5ceceb911', '2239d434-7761-4aad-bb5b-e3e321ccdec4', '2025-04-07 18:23:43', '2025-04-07 18:43:43', 1200, 'expired', '162.158.108.22', 'Dart/3.7 (dart:io)', '98267294-eb49-438b-9a9b-9aabd24bb98d', '2025-04-07 18:23:43', '2025-04-07 18:43:43');
INSERT INTO `user_sessions` VALUES ('3723af6e-f14a-4772-b544-1b3ee63d3bda', '2239d434-7761-4aad-bb5b-e3e321ccdec4', '2025-04-22 17:11:40', '2025-04-22 17:15:00', 200, 'expired', '172.70.189.178', 'Dart/3.7 (dart:io)', '98267294-eb49-438b-9a9b-9aabd24bb98d', '2025-04-22 17:11:40', '2025-04-22 17:15:00');
INSERT INTO `user_sessions` VALUES ('37983e04-41a8-4c90-94c3-20ba54ab8331', '26cd0a68-ab90-4397-8c0c-af35496a13ca', '2025-04-20 18:21:30', '2025-04-20 18:40:07', 1117, 'expired', '172.70.143.237', 'Dart/3.7 (dart:io)', '98267294-eb49-438b-9a9b-9aabd24bb98d', '2025-04-20 18:21:30', '2025-04-20 18:40:07');
INSERT INTO `user_sessions` VALUES ('37b78f57-baf6-476f-8cdc-6e125e03e476', '2239d434-7761-4aad-bb5b-e3e321ccdec4', '2025-04-03 09:24:56', '2025-04-03 21:30:22', 43526, 'expired', '172.69.166.18', 'Dart/3.7 (dart:io)', '98267294-eb49-438b-9a9b-9aabd24bb98d', '2025-04-03 09:24:56', '2025-04-03 21:30:22');
INSERT INTO `user_sessions` VALUES ('38081d2a-3731-45aa-aefd-fdd1b44b3d1f', '26cd0a68-ab90-4397-8c0c-af35496a13ca', '2025-04-19 17:46:20', '2025-04-19 17:57:56', 696, 'expired', '172.69.166.56', 'Dart/3.7 (dart:io)', '98267294-eb49-438b-9a9b-9aabd24bb98d', '2025-04-19 17:46:20', '2025-04-19 17:57:56');
INSERT INTO `user_sessions` VALUES ('38f09995-e934-495d-ad9b-6badab19c9d3', '2239d434-7761-4aad-bb5b-e3e321ccdec4', '2025-04-05 20:42:07', '2025-04-05 21:38:00', 3353, 'expired', '104.23.175.241', 'Dart/3.7 (dart:io)', '98267294-eb49-438b-9a9b-9aabd24bb98d', '2025-04-05 20:42:07', '2025-04-05 21:38:00');
INSERT INTO `user_sessions` VALUES ('3aa08b15-2a11-4509-8eb9-5d7ef6e41020', '2239d434-7761-4aad-bb5b-e3e321ccdec4', '2025-04-05 10:40:08', '2025-04-05 10:56:26', 978, 'expired', '172.68.164.156', 'Dart/3.7 (dart:io)', '98267294-eb49-438b-9a9b-9aabd24bb98d', '2025-04-05 10:40:08', '2025-04-05 10:56:26');
INSERT INTO `user_sessions` VALUES ('3b4802cc-ffd7-491a-8dc3-260a387295b8', '2239d434-7761-4aad-bb5b-e3e321ccdec4', '2025-04-05 17:00:16', '2025-04-05 18:00:15', 3599, 'expired', '172.70.208.13', 'Dart/3.7 (dart:io)', '98267294-eb49-438b-9a9b-9aabd24bb98d', '2025-04-05 17:00:16', '2025-04-05 18:00:15');
INSERT INTO `user_sessions` VALUES ('3b6eeba0-921e-4aaa-94df-ef3239476999', '2239d434-7761-4aad-bb5b-e3e321ccdec4', '2025-03-27 08:52:49', '2025-03-27 08:54:51', 122, 'expired', '162.158.88.111', 'Dart/3.7 (dart:io)', '98267294-eb49-438b-9a9b-9aabd24bb98d', '2025-03-27 08:52:49', '2025-03-27 08:54:51');
INSERT INTO `user_sessions` VALUES ('3c55e202-3191-4036-b8d8-e51b3d5510b3', '26cd0a68-ab90-4397-8c0c-af35496a13ca', '2025-04-14 14:06:02', '2025-04-14 14:24:08', 1086, 'expired', '172.68.164.60', 'Dart/3.7 (dart:io)', '98267294-eb49-438b-9a9b-9aabd24bb98d', '2025-04-14 14:06:02', '2025-04-14 14:24:08');
INSERT INTO `user_sessions` VALUES ('3c778f01-a9f3-4c3d-87c8-758b389f409b', '26cd0a68-ab90-4397-8c0c-af35496a13ca', '2025-04-18 12:32:29', '2025-04-18 17:45:08', 18759, 'expired', '172.69.176.143', 'Dart/3.7 (dart:io)', '98267294-eb49-438b-9a9b-9aabd24bb98d', '2025-04-18 12:32:29', '2025-04-18 17:45:08');
INSERT INTO `user_sessions` VALUES ('3cb83d45-6fd7-46bf-ad34-fc27d9872fdd', '2239d434-7761-4aad-bb5b-e3e321ccdec4', '2025-04-05 10:56:26', '2025-04-05 11:34:42', 2296, 'expired', '162.158.162.217', 'Dart/3.7 (dart:io)', '98267294-eb49-438b-9a9b-9aabd24bb98d', '2025-04-05 10:56:26', '2025-04-05 11:34:42');
INSERT INTO `user_sessions` VALUES ('3d57f68c-628f-4237-a606-dd7e21de1024', 'd6328a88-0b0a-4d46-b9c0-9e4cd97f376d', '2025-04-10 21:40:32', '2025-04-13 16:04:32', 239040, 'expired', '172.70.142.62', 'Dart/3.7 (dart:io)', 'b29ce424-fc2d-4450-862a-fe403b1ade1f', '2025-04-10 21:40:32', '2025-04-13 16:04:32');
INSERT INTO `user_sessions` VALUES ('3d72b8b3-c61c-4cef-8ecc-87da39c2c0ab', '2239d434-7761-4aad-bb5b-e3e321ccdec4', '2025-03-28 12:51:39', '2025-03-28 12:58:37', 418, 'expired', '172.71.81.212', 'Dart/3.7 (dart:io)', '98267294-eb49-438b-9a9b-9aabd24bb98d', '2025-03-28 12:51:39', '2025-03-28 12:58:37');
INSERT INTO `user_sessions` VALUES ('3e9c479c-ed4a-4b59-886f-bbaae0790b5a', '26cd0a68-ab90-4397-8c0c-af35496a13ca', '2025-04-18 20:13:41', '2025-04-19 01:35:36', 19315, 'expired', '162.158.190.5', 'Dart/3.7 (dart:io)', '98267294-eb49-438b-9a9b-9aabd24bb98d', '2025-04-18 20:13:41', '2025-04-19 01:35:36');
INSERT INTO `user_sessions` VALUES ('3ef66c9b-c56d-4d26-ba05-87e3ce1a598f', '2239d434-7761-4aad-bb5b-e3e321ccdec4', '2025-04-04 20:22:59', '2025-04-05 06:56:01', 37982, 'expired', '172.68.164.143', 'Dart/3.7 (dart:io)', '98267294-eb49-438b-9a9b-9aabd24bb98d', '2025-04-04 20:22:59', '2025-04-05 06:56:01');
INSERT INTO `user_sessions` VALUES ('3f16147f-8d13-4d4c-89d2-30a3b8d53790', '2239d434-7761-4aad-bb5b-e3e321ccdec4', '2025-04-21 05:29:22', '2025-04-21 10:45:10', 18948, 'expired', '172.68.164.63', 'PostmanRuntime/7.43.3', '98267294-eb49-438b-9a9b-9aabd24bb98d', '2025-04-21 05:29:22', '2025-04-21 10:45:10');
INSERT INTO `user_sessions` VALUES ('3f4ddf7d-d252-4ecd-b886-49d8e17f2142', '26cd0a68-ab90-4397-8c0c-af35496a13ca', '2025-04-16 19:40:15', '2025-04-17 08:39:18', 46743, 'expired', '172.69.176.8', 'Dart/3.7 (dart:io)', '98267294-eb49-438b-9a9b-9aabd24bb98d', '2025-04-16 19:40:15', '2025-04-17 08:39:18');
INSERT INTO `user_sessions` VALUES ('3fa5d8ff-3749-4770-92f9-e8878e3564f2', '26cd0a68-ab90-4397-8c0c-af35496a13ca', '2025-04-07 18:59:05', '2025-04-07 19:01:01', 116, 'expired', '172.70.92.140', 'Dart/3.7 (dart:io)', '98267294-eb49-438b-9a9b-9aabd24bb98d', '2025-04-07 18:59:05', '2025-04-07 19:01:01');
INSERT INTO `user_sessions` VALUES ('3fdbfd10-d5da-4c51-8c57-f8db973c7727', '26cd0a68-ab90-4397-8c0c-af35496a13ca', '2025-04-07 18:25:58', '2025-04-07 18:43:12', 1034, 'expired', '162.158.106.57', 'PostmanRuntime/7.43.3', '98267294-eb49-438b-9a9b-9aabd24bb98d', '2025-04-07 18:25:58', '2025-04-07 18:43:12');
INSERT INTO `user_sessions` VALUES ('40910a58-e7df-4640-b7dc-cbf3bf0463ab', '26cd0a68-ab90-4397-8c0c-af35496a13ca', '2025-04-07 18:48:16', '2025-04-07 18:55:53', 457, 'expired', '172.71.81.11', 'Dart/3.7 (dart:io)', '98267294-eb49-438b-9a9b-9aabd24bb98d', '2025-04-07 18:48:16', '2025-04-07 18:55:53');
INSERT INTO `user_sessions` VALUES ('40a50a98-7efe-412b-be61-c047997dc9db', '26cd0a68-ab90-4397-8c0c-af35496a13ca', '2025-04-19 21:18:05', '2025-04-19 21:28:49', 644, 'expired', '172.68.164.156', 'Dart/3.7 (dart:io)', '98267294-eb49-438b-9a9b-9aabd24bb98d', '2025-04-19 21:18:05', '2025-04-19 21:28:49');
INSERT INTO `user_sessions` VALUES ('42dab2f5-f852-4a4e-a37b-f79f1832b8a9', '26cd0a68-ab90-4397-8c0c-af35496a13ca', '2025-04-19 18:46:41', '2025-04-19 19:21:05', 2064, 'expired', '162.158.88.146', 'Dart/3.7 (dart:io)', '98267294-eb49-438b-9a9b-9aabd24bb98d', '2025-04-19 18:46:41', '2025-04-19 19:21:05');
INSERT INTO `user_sessions` VALUES ('437660c6-7334-429c-a93b-6c14638bd92a', '2239d434-7761-4aad-bb5b-e3e321ccdec4', '2025-04-05 11:54:06', '2025-04-05 17:00:16', 18370, 'expired', '172.69.176.159', 'Dart/3.7 (dart:io)', '98267294-eb49-438b-9a9b-9aabd24bb98d', '2025-04-05 11:54:06', '2025-04-05 17:00:16');
INSERT INTO `user_sessions` VALUES ('452699e7-e6d2-4705-99e9-ea49bc3fbad0', '26cd0a68-ab90-4397-8c0c-af35496a13ca', '2025-04-14 19:39:14', '2025-04-14 20:17:44', 2310, 'expired', '172.69.176.148', 'Dart/3.7 (dart:io)', '98267294-eb49-438b-9a9b-9aabd24bb98d', '2025-04-14 19:39:14', '2025-04-14 20:17:44');
INSERT INTO `user_sessions` VALUES ('455c5af4-a09b-4b27-9e4b-7a6cc9d59db6', '26cd0a68-ab90-4397-8c0c-af35496a13ca', '2025-04-14 13:15:14', '2025-04-14 13:26:41', 687, 'expired', '172.70.188.78', 'Dart/3.7 (dart:io)', '98267294-eb49-438b-9a9b-9aabd24bb98d', '2025-04-14 13:15:14', '2025-04-14 13:26:41');
INSERT INTO `user_sessions` VALUES ('46759e4e-b438-4099-950d-022259ac19e7', '2239d434-7761-4aad-bb5b-e3e321ccdec4', '2025-04-22 17:22:47', '2025-04-22 17:23:09', 22, 'expired', '172.69.176.13', 'Dart/3.7 (dart:io)', '98267294-eb49-438b-9a9b-9aabd24bb98d', '2025-04-22 17:22:47', '2025-04-22 17:23:09');
INSERT INTO `user_sessions` VALUES ('476b5fef-bcd3-4905-99a5-921a247abae8', '2239d434-7761-4aad-bb5b-e3e321ccdec4', '2025-03-26 21:10:33', '2025-03-26 21:13:18', 165, 'expired', '172.71.81.210', 'Dart/3.7 (dart:io)', '98267294-eb49-438b-9a9b-9aabd24bb98d', '2025-03-26 21:10:34', '2025-03-26 21:13:18');
INSERT INTO `user_sessions` VALUES ('477cca26-e5b0-44e3-a881-2f35cf9b0a8e', '26cd0a68-ab90-4397-8c0c-af35496a13ca', '2025-04-10 21:29:23', '2025-04-10 23:02:24', 5581, 'expired', '104.23.175.170', 'Dart/3.7 (dart:io)', '98267294-eb49-438b-9a9b-9aabd24bb98d', '2025-04-10 21:29:23', '2025-04-10 23:02:24');
INSERT INTO `user_sessions` VALUES ('47fa49d6-e656-4006-b51e-8c050eaffcb3', '2239d434-7761-4aad-bb5b-e3e321ccdec4', '2025-04-02 07:27:54', '2025-04-02 09:43:31', 8137, 'expired', '172.69.165.13', 'Dart/3.7 (dart:io)', '98267294-eb49-438b-9a9b-9aabd24bb98d', '2025-04-02 07:27:54', '2025-04-02 09:43:31');
INSERT INTO `user_sessions` VALUES ('4822f1e7-9c27-4246-b6c7-6a0edc839173', '26cd0a68-ab90-4397-8c0c-af35496a13ca', '2025-04-07 18:24:16', '2025-04-07 18:24:58', 43, 'expired', '172.69.176.13', 'Dart/3.7 (dart:io)', '98267294-eb49-438b-9a9b-9aabd24bb98d', '2025-04-07 18:24:16', '2025-04-07 18:24:58');
INSERT INTO `user_sessions` VALUES ('4ad493d2-7ccf-401d-b71e-2f23fec658a5', '26cd0a68-ab90-4397-8c0c-af35496a13ca', '2025-04-10 18:24:11', '2025-04-10 18:44:37', 1226, 'expired', '172.71.124.144', 'Dart/3.7 (dart:io)', '98267294-eb49-438b-9a9b-9aabd24bb98d', '2025-04-10 18:24:11', '2025-04-10 18:44:37');
INSERT INTO `user_sessions` VALUES ('4b5e1b24-9076-446e-a98a-131e426c5211', '2239d434-7761-4aad-bb5b-e3e321ccdec4', '2025-04-08 05:54:03', '2025-04-08 05:54:39', 36, 'expired', '162.158.170.70', 'Dart/3.7 (dart:io)', '98267294-eb49-438b-9a9b-9aabd24bb98d', '2025-04-08 05:54:03', '2025-04-08 05:54:39');
INSERT INTO `user_sessions` VALUES ('4b7478af-fba4-46b9-92ec-eb322daf4a53', '26cd0a68-ab90-4397-8c0c-af35496a13ca', '2025-04-20 18:40:07', '2025-04-21 05:29:32', 38965, 'expired', '172.69.176.52', 'Dart/3.7 (dart:io)', '98267294-eb49-438b-9a9b-9aabd24bb98d', '2025-04-20 18:40:07', '2025-04-21 05:29:32');
INSERT INTO `user_sessions` VALUES ('4c3882ea-91c1-4b29-a467-5da8644418cd', '26cd0a68-ab90-4397-8c0c-af35496a13ca', '2025-04-17 08:39:18', '2025-04-17 15:36:06', 25008, 'expired', '172.70.142.181', 'Dart/3.7 (dart:io)', '98267294-eb49-438b-9a9b-9aabd24bb98d', '2025-04-17 08:39:18', '2025-04-17 15:36:06');
INSERT INTO `user_sessions` VALUES ('4c430a7f-e492-46fa-ae7f-2d329dba6c37', '2239d434-7761-4aad-bb5b-e3e321ccdec4', '2025-03-30 21:47:35', '2025-03-31 20:34:59', 82044, 'expired', '172.70.208.116', 'Dart/3.7 (dart:io)', '98267294-eb49-438b-9a9b-9aabd24bb98d', '2025-03-30 21:47:35', '2025-03-31 20:34:59');
INSERT INTO `user_sessions` VALUES ('4c72b445-101a-436f-9bdf-70fd4aa0aef9', '2239d434-7761-4aad-bb5b-e3e321ccdec4', '2025-03-26 21:09:02', '2025-03-26 21:09:37', 35, 'expired', '172.70.208.12', 'Dart/3.7 (dart:io)', '98267294-eb49-438b-9a9b-9aabd24bb98d', '2025-03-26 21:09:02', '2025-03-26 21:09:37');
INSERT INTO `user_sessions` VALUES ('4e3fac9d-c526-4ba0-8771-f268b11d4866', '26cd0a68-ab90-4397-8c0c-af35496a13ca', '2025-04-20 11:51:04', '2025-04-20 13:20:31', 5367, 'expired', '162.158.163.98', 'Dart/3.7 (dart:io)', '98267294-eb49-438b-9a9b-9aabd24bb98d', '2025-04-20 11:51:04', '2025-04-20 13:20:31');
INSERT INTO `user_sessions` VALUES ('4eb271ff-a666-470e-a2ac-12bdcd908f9d', '2239d434-7761-4aad-bb5b-e3e321ccdec4', '2025-03-26 18:04:05', '2025-03-26 21:03:19', 10754, 'expired', '172.70.92.249', 'Dart/3.7 (dart:io)', '98267294-eb49-438b-9a9b-9aabd24bb98d', '2025-03-26 18:04:05', '2025-03-26 21:03:19');
INSERT INTO `user_sessions` VALUES ('4f443347-4453-42cb-8269-5f5750cc778a', '2239d434-7761-4aad-bb5b-e3e321ccdec4', '2025-04-23 19:47:29', '2025-04-23 19:47:40', 11, 'expired', '172.70.147.2', 'Dart/3.7 (dart:io)', '98267294-eb49-438b-9a9b-9aabd24bb98d', '2025-04-23 19:47:29', '2025-04-23 19:47:40');
INSERT INTO `user_sessions` VALUES ('4f51545a-8a21-4d3b-88a4-34ecc6422e3f', 'd6328a88-0b0a-4d46-b9c0-9e4cd97f376d', '2025-04-13 16:04:32', '2025-04-19 17:12:58', 522506, 'expired', '172.71.82.36', 'Dart/3.7 (dart:io)', 'b29ce424-fc2d-4450-862a-fe403b1ade1f', '2025-04-13 16:04:32', '2025-04-19 17:12:58');
INSERT INTO `user_sessions` VALUES ('4fc39e40-be80-44cc-b717-485daf62c20c', '26cd0a68-ab90-4397-8c0c-af35496a13ca', '2025-04-08 06:29:10', '2025-04-08 06:37:30', 500, 'expired', '172.70.189.78', 'Dart/3.7 (dart:io)', '98267294-eb49-438b-9a9b-9aabd24bb98d', '2025-04-08 06:29:10', '2025-04-08 06:37:30');
INSERT INTO `user_sessions` VALUES ('4fe196ed-16e7-4e78-86dc-1b30d596aecf', '2239d434-7761-4aad-bb5b-e3e321ccdec4', '2025-03-27 12:06:50', '2025-03-27 12:13:17', 387, 'expired', '162.158.106.57', 'Dart/3.7 (dart:io)', '98267294-eb49-438b-9a9b-9aabd24bb98d', '2025-03-27 12:06:50', '2025-03-27 12:13:17');
INSERT INTO `user_sessions` VALUES ('5196c195-c052-4570-b8d3-1bf6d28fd414', '2239d434-7761-4aad-bb5b-e3e321ccdec4', '2025-04-10 23:08:11', '2025-04-14 09:31:02', 296571, 'expired', '172.68.164.105', 'Dart/3.7 (dart:io)', '98267294-eb49-438b-9a9b-9aabd24bb98d', '2025-04-10 23:08:11', '2025-04-14 09:31:02');
INSERT INTO `user_sessions` VALUES ('528c9cee-83da-40c6-b3b2-15a7a84865bf', '26cd0a68-ab90-4397-8c0c-af35496a13ca', '2025-04-10 13:35:36', '2025-04-10 13:43:31', 475, 'expired', '172.71.124.232', 'Dart/3.7 (dart:io)', '98267294-eb49-438b-9a9b-9aabd24bb98d', '2025-04-10 13:35:36', '2025-04-10 13:43:31');
INSERT INTO `user_sessions` VALUES ('5379b48f-3766-4575-a1ef-c6ce5e414efb', '2239d434-7761-4aad-bb5b-e3e321ccdec4', '2025-04-06 22:24:44', '2025-04-07 01:00:41', 9357, 'expired', '108.162.226.130', 'Dart/3.7 (dart:io)', '98267294-eb49-438b-9a9b-9aabd24bb98d', '2025-04-06 22:24:44', '2025-04-07 01:00:41');
INSERT INTO `user_sessions` VALUES ('53e415d0-0fe9-43ec-94af-4177b10d4367', '2239d434-7761-4aad-bb5b-e3e321ccdec4', '2025-03-27 10:05:18', '2025-03-27 10:20:03', 885, 'expired', '162.158.108.168', 'Dart/3.7 (dart:io)', '98267294-eb49-438b-9a9b-9aabd24bb98d', '2025-03-27 10:05:18', '2025-03-27 10:20:03');
INSERT INTO `user_sessions` VALUES ('53f8fed1-a028-4267-853c-a88d1bdf25c8', '2239d434-7761-4aad-bb5b-e3e321ccdec4', '2025-03-28 10:21:29', '2025-03-28 10:21:53', 24, 'expired', '172.69.166.34', 'Dart/3.7 (dart:io)', '98267294-eb49-438b-9a9b-9aabd24bb98d', '2025-03-28 10:21:29', '2025-03-28 10:21:53');
INSERT INTO `user_sessions` VALUES ('549014af-57e4-490d-b79b-f82deea0f850', '2239d434-7761-4aad-bb5b-e3e321ccdec4', '2025-04-07 01:08:27', '2025-04-07 01:10:11', 104, 'expired', '162.158.88.105', 'Dart/3.7 (dart:io)', '98267294-eb49-438b-9a9b-9aabd24bb98d', '2025-04-07 01:08:27', '2025-04-07 01:10:11');
INSERT INTO `user_sessions` VALUES ('54c492c7-07ee-4fd4-b3bd-a07427f54a18', '2239d434-7761-4aad-bb5b-e3e321ccdec4', '2025-04-08 13:50:07', '2025-04-08 15:55:46', 7539, 'expired', '172.68.242.42', 'Dart/3.7 (dart:io)', '98267294-eb49-438b-9a9b-9aabd24bb98d', '2025-04-08 13:50:07', '2025-04-08 15:55:46');
INSERT INTO `user_sessions` VALUES ('5506d910-eb5c-4627-88b8-c291b7f648f1', '869fc00e-f8dc-4ecf-94c8-e1c7b923fd1a', '2025-04-19 17:13:15', '2025-04-19 21:16:23', 14588, 'expired', '172.69.165.71', 'Dart/3.7 (dart:io)', 'b29ce424-fc2d-4450-862a-fe403b1ade1f', '2025-04-19 17:13:15', '2025-04-19 21:16:23');
INSERT INTO `user_sessions` VALUES ('554d2074-7bf3-44e2-895a-36742acdc26a', '2239d434-7761-4aad-bb5b-e3e321ccdec4', '2025-04-05 18:00:15', '2025-04-05 19:57:05', 7010, 'expired', '172.68.164.20', 'Dart/3.7 (dart:io)', '98267294-eb49-438b-9a9b-9aabd24bb98d', '2025-04-05 18:00:15', '2025-04-05 19:57:05');
INSERT INTO `user_sessions` VALUES ('55df5419-8d52-4639-aa61-69575a73bc8d', '2239d434-7761-4aad-bb5b-e3e321ccdec4', '2025-04-08 12:04:36', '2025-04-08 13:50:07', 6331, 'expired', '172.70.143.134', 'Dart/3.7 (dart:io)', '98267294-eb49-438b-9a9b-9aabd24bb98d', '2025-04-08 12:04:36', '2025-04-08 13:50:07');
INSERT INTO `user_sessions` VALUES ('5758b7c4-aa6b-408c-a532-7e7b14d62a1c', '2239d434-7761-4aad-bb5b-e3e321ccdec4', '2025-04-04 16:54:38', '2025-04-04 19:23:13', 8915, 'expired', '172.71.124.81', 'Dart/3.7 (dart:io)', '98267294-eb49-438b-9a9b-9aabd24bb98d', '2025-04-04 16:54:38', '2025-04-04 19:23:13');
INSERT INTO `user_sessions` VALUES ('5841b097-4b63-4c31-8cf3-5c12b8df76c5', '2239d434-7761-4aad-bb5b-e3e321ccdec4', '2025-03-28 16:41:12', '2025-03-28 16:45:17', 245, 'expired', '172.69.176.87', 'Dart/3.7 (dart:io)', '98267294-eb49-438b-9a9b-9aabd24bb98d', '2025-03-28 16:41:12', '2025-03-28 16:45:17');
INSERT INTO `user_sessions` VALUES ('587a26f9-0a62-4315-be50-232ba2ab7822', '2239d434-7761-4aad-bb5b-e3e321ccdec4', '2025-03-28 05:59:24', '2025-03-28 06:04:39', 315, 'expired', '172.70.189.133', 'Dart/3.7 (dart:io)', '98267294-eb49-438b-9a9b-9aabd24bb98d', '2025-03-28 05:59:24', '2025-03-28 06:04:39');
INSERT INTO `user_sessions` VALUES ('590207fd-b0bc-4640-863b-a6e570042ea7', '26cd0a68-ab90-4397-8c0c-af35496a13ca', '2025-04-16 15:18:19', '2025-04-16 15:22:45', 266, 'expired', '104.23.175.97', 'Dart/3.7 (dart:io)', '98267294-eb49-438b-9a9b-9aabd24bb98d', '2025-04-16 15:18:19', '2025-04-16 15:22:45');
INSERT INTO `user_sessions` VALUES ('599e1fa8-2c72-41ca-bae3-df0d84fc67f2', '2239d434-7761-4aad-bb5b-e3e321ccdec4', '2025-03-27 12:29:15', '2025-03-27 12:32:24', 189, 'expired', '162.158.107.3', 'Dart/3.7 (dart:io)', '98267294-eb49-438b-9a9b-9aabd24bb98d', '2025-03-27 12:29:15', '2025-03-27 12:32:24');
INSERT INTO `user_sessions` VALUES ('59b7e708-de4e-4426-af13-25bc2170be25', '2239d434-7761-4aad-bb5b-e3e321ccdec4', '2025-03-26 22:43:34', '2025-03-26 22:44:01', 27, 'expired', '172.68.164.60', 'Dart/3.7 (dart:io)', '98267294-eb49-438b-9a9b-9aabd24bb98d', '2025-03-26 22:43:34', '2025-03-26 22:44:01');
INSERT INTO `user_sessions` VALUES ('5c61cafc-a493-4f57-9e2d-db730ad2e5cf', '26cd0a68-ab90-4397-8c0c-af35496a13ca', '2025-04-17 19:52:54', '2025-04-18 12:19:47', 59213, 'expired', '162.158.108.131', 'Dart/3.7 (dart:io)', '98267294-eb49-438b-9a9b-9aabd24bb98d', '2025-04-17 19:52:54', '2025-04-18 12:19:47');
INSERT INTO `user_sessions` VALUES ('5d00eecc-abf5-46cc-a7cc-17a976407221', '26cd0a68-ab90-4397-8c0c-af35496a13ca', '2025-04-16 11:43:49', '2025-04-16 11:45:29', 100, 'expired', '162.158.108.103', 'Dart/3.7 (dart:io)', '98267294-eb49-438b-9a9b-9aabd24bb98d', '2025-04-16 11:43:49', '2025-04-16 11:45:29');
INSERT INTO `user_sessions` VALUES ('5da84e30-0360-4e3d-be65-c8d936f7d95d', '2239d434-7761-4aad-bb5b-e3e321ccdec4', '2025-03-27 12:37:31', '2025-03-27 17:54:36', 19025, 'expired', '108.162.226.131', 'Dart/3.7 (dart:io)', '98267294-eb49-438b-9a9b-9aabd24bb98d', '2025-03-27 12:37:31', '2025-03-27 17:54:36');
INSERT INTO `user_sessions` VALUES ('5debf089-6603-4285-8e4a-d6dde8685d51', '2239d434-7761-4aad-bb5b-e3e321ccdec4', '2025-04-08 07:45:52', '2025-04-08 08:11:08', 1516, 'expired', '172.68.242.122', 'Dart/3.7 (dart:io)', '98267294-eb49-438b-9a9b-9aabd24bb98d', '2025-04-08 07:45:52', '2025-04-08 08:11:08');
INSERT INTO `user_sessions` VALUES ('5e9560f9-9d0b-4855-913f-9d4a04dd3656', '2239d434-7761-4aad-bb5b-e3e321ccdec4', '2025-04-22 17:15:09', '2025-04-22 17:15:55', 46, 'expired', '162.158.108.8', 'Dart/3.7 (dart:io)', '98267294-eb49-438b-9a9b-9aabd24bb98d', '2025-04-22 17:15:09', '2025-04-22 17:15:55');
INSERT INTO `user_sessions` VALUES ('5f19751b-4938-47ad-a992-6c0ea8742494', '26cd0a68-ab90-4397-8c0c-af35496a13ca', '2025-04-07 19:03:13', '2025-04-07 19:03:44', 31, 'expired', '172.70.188.8', 'Dart/3.7 (dart:io)', '98267294-eb49-438b-9a9b-9aabd24bb98d', '2025-04-07 19:03:13', '2025-04-07 19:03:44');
INSERT INTO `user_sessions` VALUES ('5f8bfe0f-a3f3-4876-a419-491cc7ff5c78', '2239d434-7761-4aad-bb5b-e3e321ccdec4', '2025-03-28 10:21:53', '2025-03-28 10:52:55', 1862, 'expired', '104.23.175.240', 'Dart/3.7 (dart:io)', '98267294-eb49-438b-9a9b-9aabd24bb98d', '2025-03-28 10:21:53', '2025-03-28 10:52:55');
INSERT INTO `user_sessions` VALUES ('600e19b3-52ee-49da-8055-fb1b1f044a62', '26cd0a68-ab90-4397-8c0c-af35496a13ca', '2025-04-16 15:22:45', '2025-04-16 18:56:41', 12836, 'expired', '162.158.106.161', 'Dart/3.7 (dart:io)', '98267294-eb49-438b-9a9b-9aabd24bb98d', '2025-04-16 15:22:45', '2025-04-16 18:56:41');
INSERT INTO `user_sessions` VALUES ('62627fd7-c96b-493e-ac74-0512a98b9a8b', '2239d434-7761-4aad-bb5b-e3e321ccdec4', '2025-03-28 13:44:34', '2025-03-28 14:11:46', 1632, 'expired', '104.23.175.185', 'Dart/3.7 (dart:io)', '98267294-eb49-438b-9a9b-9aabd24bb98d', '2025-03-28 13:44:34', '2025-03-28 14:11:46');
INSERT INTO `user_sessions` VALUES ('6472ce29-18a7-454e-a3b2-a8c00a57c23b', '2239d434-7761-4aad-bb5b-e3e321ccdec4', '2025-04-01 21:43:55', '2025-04-01 21:53:23', 568, 'expired', '172.70.188.109', 'Dart/3.7 (dart:io)', '98267294-eb49-438b-9a9b-9aabd24bb98d', '2025-04-01 21:43:55', '2025-04-01 21:53:23');
INSERT INTO `user_sessions` VALUES ('6478863e-65d5-460d-8128-106610806c49', '2239d434-7761-4aad-bb5b-e3e321ccdec4', '2025-04-02 09:51:32', '2025-04-03 09:24:56', 84804, 'expired', '172.70.189.82', 'Dart/3.7 (dart:io)', '98267294-eb49-438b-9a9b-9aabd24bb98d', '2025-04-02 09:51:32', '2025-04-03 09:24:56');
INSERT INTO `user_sessions` VALUES ('66bdb062-b2f2-473f-9c16-7fe48977ebea', '26cd0a68-ab90-4397-8c0c-af35496a13ca', '2025-04-07 19:03:44', '2025-04-07 19:05:14', 90, 'expired', '172.70.208.161', 'Dart/3.7 (dart:io)', '98267294-eb49-438b-9a9b-9aabd24bb98d', '2025-04-07 19:03:44', '2025-04-07 19:05:14');
INSERT INTO `user_sessions` VALUES ('6815ac9b-41d5-42f5-8edd-da5025d16462', '2239d434-7761-4aad-bb5b-e3e321ccdec4', '2025-03-30 21:39:45', '2025-03-30 21:47:35', 470, 'expired', '172.69.166.19', 'Dart/3.7 (dart:io)', '98267294-eb49-438b-9a9b-9aabd24bb98d', '2025-03-30 21:39:45', '2025-03-30 21:47:35');
INSERT INTO `user_sessions` VALUES ('681b1bae-440f-43d1-b680-888495ca1145', '2239d434-7761-4aad-bb5b-e3e321ccdec4', '2025-04-20 18:50:08', '2025-04-20 18:53:29', 201, 'expired', '108.162.227.131', 'Dart/3.7 (dart:io)', '98267294-eb49-438b-9a9b-9aabd24bb98d', '2025-04-20 18:50:08', '2025-04-20 18:53:29');
INSERT INTO `user_sessions` VALUES ('687235f7-90df-4be4-b3ab-d912b0a36cef', '2239d434-7761-4aad-bb5b-e3e321ccdec4', '2025-04-06 21:17:46', '2025-04-06 21:36:28', 1122, 'expired', '104.23.175.253', 'Dart/3.7 (dart:io)', '98267294-eb49-438b-9a9b-9aabd24bb98d', '2025-04-06 21:17:46', '2025-04-06 21:36:28');
INSERT INTO `user_sessions` VALUES ('68802e8f-c4b8-4bd1-ad58-215a6861768c', '2239d434-7761-4aad-bb5b-e3e321ccdec4', '2025-03-27 10:57:04', '2025-03-27 11:09:01', 717, 'expired', '162.158.162.170', 'Dart/3.7 (dart:io)', '98267294-eb49-438b-9a9b-9aabd24bb98d', '2025-03-27 10:57:04', '2025-03-27 11:09:01');
INSERT INTO `user_sessions` VALUES ('688b631c-945d-4e88-952e-8dac143ffb8d', '2239d434-7761-4aad-bb5b-e3e321ccdec4', '2025-03-26 23:01:10', '2025-03-26 23:01:55', 45, 'expired', '172.69.176.149', 'Dart/3.7 (dart:io)', '98267294-eb49-438b-9a9b-9aabd24bb98d', '2025-03-26 23:01:10', '2025-03-26 23:01:55');
INSERT INTO `user_sessions` VALUES ('692940e0-b767-4171-a57c-7d51eaef49eb', '26cd0a68-ab90-4397-8c0c-af35496a13ca', '2025-04-09 12:17:17', '2025-04-09 13:14:30', 3433, 'expired', '104.23.175.54', 'Dart/3.7 (dart:io)', '98267294-eb49-438b-9a9b-9aabd24bb98d', '2025-04-09 12:17:17', '2025-04-09 13:14:30');
INSERT INTO `user_sessions` VALUES ('69f9c269-a169-42d1-b78e-a8fae80edbf9', '26cd0a68-ab90-4397-8c0c-af35496a13ca', '2025-04-14 15:18:30', '2025-04-14 15:33:35', 905, 'expired', '162.158.107.69', 'Dart/3.7 (dart:io)', '98267294-eb49-438b-9a9b-9aabd24bb98d', '2025-04-14 15:18:30', '2025-04-14 15:33:35');
INSERT INTO `user_sessions` VALUES ('6a7033b4-5492-4543-a802-647e54a0e819', '2239d434-7761-4aad-bb5b-e3e321ccdec4', '2025-04-19 17:03:12', '2025-04-19 17:30:24', 1632, 'expired', '172.70.208.12', 'Dart/3.7 (dart:io)', '98267294-eb49-438b-9a9b-9aabd24bb98d', '2025-04-19 17:03:12', '2025-04-19 17:30:24');
INSERT INTO `user_sessions` VALUES ('6bfc6376-2982-4d8c-90fb-980184a46b68', '26cd0a68-ab90-4397-8c0c-af35496a13ca', '2025-04-07 19:01:01', '2025-04-07 19:03:13', 132, 'expired', '108.162.226.73', 'Dart/3.7 (dart:io)', '98267294-eb49-438b-9a9b-9aabd24bb98d', '2025-04-07 19:01:01', '2025-04-07 19:03:13');
INSERT INTO `user_sessions` VALUES ('6f86fef7-8cc6-4a01-823b-0e46ee885ab1', '26cd0a68-ab90-4397-8c0c-af35496a13ca', '2025-04-08 06:12:17', '2025-04-08 06:18:29', 372, 'expired', '108.162.226.214', 'Dart/3.7 (dart:io)', '98267294-eb49-438b-9a9b-9aabd24bb98d', '2025-04-08 06:12:17', '2025-04-08 06:18:29');
INSERT INTO `user_sessions` VALUES ('705d6d4e-950b-4f87-9e71-310f23f9e4bf', '2239d434-7761-4aad-bb5b-e3e321ccdec4', '2025-04-22 16:50:48', '2025-04-22 17:10:26', 1178, 'expired', '172.70.142.26', 'Dart/3.7 (dart:io)', '98267294-eb49-438b-9a9b-9aabd24bb98d', '2025-04-22 16:50:48', '2025-04-22 17:10:26');
INSERT INTO `user_sessions` VALUES ('707e1ad6-1700-40d4-9e4a-628d83ea466a', '26cd0a68-ab90-4397-8c0c-af35496a13ca', '2025-04-08 13:45:00', '2025-04-09 10:19:22', 74062, 'expired', '162.158.88.100', 'Dart/3.7 (dart:io)', '98267294-eb49-438b-9a9b-9aabd24bb98d', '2025-04-08 13:45:00', '2025-04-09 10:19:22');
INSERT INTO `user_sessions` VALUES ('70f4e70c-b704-4a7e-b872-d03b520b419f', '26cd0a68-ab90-4397-8c0c-af35496a13ca', '2025-04-10 12:39:21', '2025-04-10 13:24:34', 2713, 'expired', '162.158.106.223', 'Dart/3.7 (dart:io)', '98267294-eb49-438b-9a9b-9aabd24bb98d', '2025-04-10 12:39:21', '2025-04-10 13:24:34');
INSERT INTO `user_sessions` VALUES ('71512ca3-1c7d-46a6-9d53-5845f2694351', '26cd0a68-ab90-4397-8c0c-af35496a13ca', '2025-04-14 13:26:41', '2025-04-14 14:06:02', 2361, 'expired', '162.158.162.253', 'Dart/3.7 (dart:io)', '98267294-eb49-438b-9a9b-9aabd24bb98d', '2025-04-14 13:26:41', '2025-04-14 14:06:02');
INSERT INTO `user_sessions` VALUES ('71f6d25b-f84a-46d5-b6d8-202d14de3ec3', '2239d434-7761-4aad-bb5b-e3e321ccdec4', '2025-04-01 21:53:23', '2025-04-02 06:12:02', 29919, 'expired', '172.71.152.5', 'Dart/3.7 (dart:io)', '98267294-eb49-438b-9a9b-9aabd24bb98d', '2025-04-01 21:53:23', '2025-04-02 06:12:02');
INSERT INTO `user_sessions` VALUES ('723487f2-bc10-401f-9e46-9973daec8176', '1f36c732-e5b1-47bf-bc21-6108eeb5b374', '2025-04-20 18:56:19', '2025-04-20 18:58:38', 139, 'expired', '162.158.108.17', 'Dart/3.7 (dart:io)', '98267294-eb49-438b-9a9b-9aabd24bb98d', '2025-04-20 18:56:19', '2025-04-20 18:58:38');
INSERT INTO `user_sessions` VALUES ('727fdb08-73eb-4487-8159-77df5f367327', '2239d434-7761-4aad-bb5b-e3e321ccdec4', '2025-04-22 17:52:56', '2025-04-22 18:04:00', 664, 'expired', '172.70.208.161', 'Dart/3.7 (dart:io)', '98267294-eb49-438b-9a9b-9aabd24bb98d', '2025-04-22 17:52:56', '2025-04-22 18:04:00');
INSERT INTO `user_sessions` VALUES ('72a25611-8966-49f3-81e1-a1c491cd6862', '2239d434-7761-4aad-bb5b-e3e321ccdec4', '2025-03-30 19:38:26', '2025-03-30 19:39:27', 61, 'expired', '172.71.124.21', 'Dart/3.7 (dart:io)', '98267294-eb49-438b-9a9b-9aabd24bb98d', '2025-03-30 19:38:26', '2025-03-30 19:39:27');
INSERT INTO `user_sessions` VALUES ('72a82a11-2e57-42a7-9827-316c9de7bb76', '26cd0a68-ab90-4397-8c0c-af35496a13ca', '2025-04-08 06:54:14', '2025-04-08 06:55:01', 47, 'expired', '172.70.92.152', 'Dart/3.7 (dart:io)', '98267294-eb49-438b-9a9b-9aabd24bb98d', '2025-04-08 06:54:14', '2025-04-08 06:55:01');
INSERT INTO `user_sessions` VALUES ('72f918fc-6b9a-440f-a13c-3d1cea2e097f', '26cd0a68-ab90-4397-8c0c-af35496a13ca', '2025-04-10 19:32:39', '2025-04-10 20:47:14', 4475, 'expired', '162.158.163.221', 'Dart/3.7 (dart:io)', '98267294-eb49-438b-9a9b-9aabd24bb98d', '2025-04-10 19:32:39', '2025-04-10 20:47:14');
INSERT INTO `user_sessions` VALUES ('73ff4353-f33e-442b-9e44-76ace60d2d6e', '2239d434-7761-4aad-bb5b-e3e321ccdec4', '2025-03-31 21:20:01', '2025-04-01 21:43:55', 87834, 'expired', '172.69.166.24', 'Dart/3.7 (dart:io)', '98267294-eb49-438b-9a9b-9aabd24bb98d', '2025-03-31 21:20:01', '2025-04-01 21:43:55');
INSERT INTO `user_sessions` VALUES ('742bdf26-2e13-4064-bc17-ddc5d364e599', '2239d434-7761-4aad-bb5b-e3e321ccdec4', '2025-03-28 12:59:19', '2025-03-28 13:06:45', 446, 'expired', '162.158.88.64', 'Dart/3.7 (dart:io)', '98267294-eb49-438b-9a9b-9aabd24bb98d', '2025-03-28 12:59:19', '2025-03-28 13:06:45');
INSERT INTO `user_sessions` VALUES ('752d420b-3a5d-4ae8-8011-6249b8ce80c5', '2239d434-7761-4aad-bb5b-e3e321ccdec4', '2025-03-27 10:04:55', '2025-03-27 10:05:18', 23, 'expired', '162.158.88.86', 'Dart/3.7 (dart:io)', '98267294-eb49-438b-9a9b-9aabd24bb98d', '2025-03-27 10:04:55', '2025-03-27 10:05:18');
INSERT INTO `user_sessions` VALUES ('7586561f-a203-4c22-a6eb-35914cfbdf00', '2239d434-7761-4aad-bb5b-e3e321ccdec4', '2025-04-23 09:12:45', '2025-04-23 09:57:14', 2669, 'expired', '172.70.188.92', 'Dart/3.7 (dart:io)', '98267294-eb49-438b-9a9b-9aabd24bb98d', '2025-04-23 09:12:45', '2025-04-23 09:57:14');
INSERT INTO `user_sessions` VALUES ('77063579-faf6-4dc5-8148-05bf6019f75e', '2239d434-7761-4aad-bb5b-e3e321ccdec4', '2025-04-08 05:54:39', '2025-04-08 07:41:46', 6427, 'expired', '162.158.108.8', 'Dart/3.7 (dart:io)', '98267294-eb49-438b-9a9b-9aabd24bb98d', '2025-04-08 05:54:39', '2025-04-08 07:41:46');
INSERT INTO `user_sessions` VALUES ('785bbcd6-4a72-49c9-b9b7-e2fff5589180', '2239d434-7761-4aad-bb5b-e3e321ccdec4', '2025-03-26 21:09:50', '2025-03-26 21:10:33', 43, 'expired', '172.70.208.161', 'Dart/3.7 (dart:io)', '98267294-eb49-438b-9a9b-9aabd24bb98d', '2025-03-26 21:09:50', '2025-03-26 21:10:33');
INSERT INTO `user_sessions` VALUES ('79be2501-612a-49ba-b738-70223b0c3f95', '2239d434-7761-4aad-bb5b-e3e321ccdec4', '2025-03-27 10:00:00', '2025-03-27 10:04:55', 295, 'expired', '172.70.143.6', 'Dart/3.7 (dart:io)', '98267294-eb49-438b-9a9b-9aabd24bb98d', '2025-03-27 10:00:00', '2025-03-27 10:04:55');
INSERT INTO `user_sessions` VALUES ('79e2c210-0387-4363-8ad3-b557f62e76da', '2239d434-7761-4aad-bb5b-e3e321ccdec4', '2025-04-10 20:25:55', '2025-04-10 22:04:43', 5928, 'expired', '108.162.226.26', 'PostmanRuntime/7.43.3', '98267294-eb49-438b-9a9b-9aabd24bb98d', '2025-04-10 20:25:55', '2025-04-10 22:04:43');
INSERT INTO `user_sessions` VALUES ('7a2a554b-8ab5-4950-b80c-e30f24aad62c', '26cd0a68-ab90-4397-8c0c-af35496a13ca', '2025-04-19 20:57:21', '2025-04-19 21:18:05', 1244, 'expired', '108.162.226.88', 'Dart/3.7 (dart:io)', '98267294-eb49-438b-9a9b-9aabd24bb98d', '2025-04-19 20:57:21', '2025-04-19 21:18:05');
INSERT INTO `user_sessions` VALUES ('7a4eac10-a485-4ad7-8b64-a2c59f4527ba', 'd6328a88-0b0a-4d46-b9c0-9e4cd97f376d', '2025-04-19 21:12:43', '2025-04-19 21:14:36', 113, 'active', '172.69.176.45', 'Dart/3.7 (dart:io)', 'b29ce424-fc2d-4450-862a-fe403b1ade1f', '2025-04-19 21:12:43', '2025-04-19 21:14:36');
INSERT INTO `user_sessions` VALUES ('7a94be21-26e3-4052-be76-737db219fb70', '2239d434-7761-4aad-bb5b-e3e321ccdec4', '2025-04-06 22:19:00', '2025-04-06 22:24:44', 344, 'expired', '104.23.175.81', 'Dart/3.7 (dart:io)', '98267294-eb49-438b-9a9b-9aabd24bb98d', '2025-04-06 22:19:00', '2025-04-06 22:24:44');
INSERT INTO `user_sessions` VALUES ('7aa48b80-b7d4-4a1a-907c-9e53461124b5', '869fc00e-f8dc-4ecf-94c8-e1c7b923fd1a', '2025-04-13 16:03:05', '2025-04-19 17:13:15', 522610, 'expired', '162.158.88.132', 'Dart/3.7 (dart:io)', 'b29ce424-fc2d-4450-862a-fe403b1ade1f', '2025-04-13 16:03:05', '2025-04-19 17:13:15');
INSERT INTO `user_sessions` VALUES ('7c63bf9c-934e-4139-97ef-e34792152a5e', '869fc00e-f8dc-4ecf-94c8-e1c7b923fd1a', '2025-04-10 21:51:37', '2025-04-12 01:19:21', 98864, 'expired', '172.68.164.91', 'Dart/3.7 (dart:io)', 'b29ce424-fc2d-4450-862a-fe403b1ade1f', '2025-04-10 21:51:37', '2025-04-12 01:19:21');
INSERT INTO `user_sessions` VALUES ('7d49c7ff-f6fc-4366-a544-91f365b34c53', '2239d434-7761-4aad-bb5b-e3e321ccdec4', '2025-03-26 23:10:05', '2025-03-26 23:10:47', 42, 'expired', '172.69.166.24', 'Dart/3.7 (dart:io)', '98267294-eb49-438b-9a9b-9aabd24bb98d', '2025-03-26 23:10:05', '2025-03-26 23:10:47');
INSERT INTO `user_sessions` VALUES ('7d911e26-bc36-45b0-a780-646f54380910', '26cd0a68-ab90-4397-8c0c-af35496a13ca', '2025-04-09 21:20:53', '2025-04-09 22:11:52', 3059, 'expired', '172.71.124.139', 'Dart/3.7 (dart:io)', '98267294-eb49-438b-9a9b-9aabd24bb98d', '2025-04-09 21:20:53', '2025-04-09 22:11:52');
INSERT INTO `user_sessions` VALUES ('7db3a055-0f18-462e-84ae-c675f5c3e6a3', '2239d434-7761-4aad-bb5b-e3e321ccdec4', '2025-03-26 22:50:48', '2025-03-26 22:53:06', 138, 'expired', '108.162.226.173', 'Dart/3.7 (dart:io)', '98267294-eb49-438b-9a9b-9aabd24bb98d', '2025-03-26 22:50:48', '2025-03-26 22:53:06');
INSERT INTO `user_sessions` VALUES ('7e9349b7-8492-4eca-80bb-ac4aab311ab8', '1f36c732-e5b1-47bf-bc21-6108eeb5b374', '2025-04-10 13:19:13', '2025-04-20 18:54:01', 884088, 'expired', '172.70.208.12', 'Dart/3.7 (dart:io)', '98267294-eb49-438b-9a9b-9aabd24bb98d', '2025-04-10 13:19:13', '2025-04-20 18:54:01');
INSERT INTO `user_sessions` VALUES ('7eb750d0-5a23-406a-bdaf-8519919df19f', '2239d434-7761-4aad-bb5b-e3e321ccdec4', '2025-04-07 01:00:41', '2025-04-07 01:08:27', 466, 'expired', '172.69.176.87', 'PostmanRuntime/7.43.3', '98267294-eb49-438b-9a9b-9aabd24bb98d', '2025-04-07 01:00:41', '2025-04-07 01:08:27');
INSERT INTO `user_sessions` VALUES ('7ece21e0-b103-48cc-beac-312a9f9e82eb', '2239d434-7761-4aad-bb5b-e3e321ccdec4', '2025-03-26 23:05:47', '2025-03-26 23:06:58', 71, 'expired', '108.162.226.103', 'Dart/3.7 (dart:io)', '98267294-eb49-438b-9a9b-9aabd24bb98d', '2025-03-26 23:05:47', '2025-03-26 23:06:58');
INSERT INTO `user_sessions` VALUES ('804e9a3d-260b-4865-ade1-f9b47ab3e0f1', '2239d434-7761-4aad-bb5b-e3e321ccdec4', '2025-04-06 17:01:44', '2025-04-06 18:34:03', 5539, 'expired', '162.158.190.99', 'Dart/3.7 (dart:io)', '98267294-eb49-438b-9a9b-9aabd24bb98d', '2025-04-06 17:01:44', '2025-04-06 18:34:03');
INSERT INTO `user_sessions` VALUES ('8054ec22-c5d8-4edf-a124-851dc64eceac', '2239d434-7761-4aad-bb5b-e3e321ccdec4', '2025-03-26 22:53:06', '2025-03-26 22:57:03', 237, 'expired', '162.158.108.152', 'Dart/3.7 (dart:io)', '98267294-eb49-438b-9a9b-9aabd24bb98d', '2025-03-26 22:53:06', '2025-03-26 22:57:03');
INSERT INTO `user_sessions` VALUES ('81b60114-561f-433a-b203-a50e8a6b4787', '26cd0a68-ab90-4397-8c0c-af35496a13ca', '2025-04-08 06:37:30', '2025-04-08 06:54:14', 1004, 'expired', '172.70.143.34', 'Dart/3.7 (dart:io)', '98267294-eb49-438b-9a9b-9aabd24bb98d', '2025-04-08 06:37:30', '2025-04-08 06:54:14');
INSERT INTO `user_sessions` VALUES ('81cdd35f-e593-4cac-b046-8668552759d3', '2239d434-7761-4aad-bb5b-e3e321ccdec4', '2025-04-04 16:13:27', '2025-04-04 16:53:03', 2376, 'expired', '172.70.208.139', 'Dart/3.7 (dart:io)', '98267294-eb49-438b-9a9b-9aabd24bb98d', '2025-04-04 16:13:27', '2025-04-04 16:53:03');
INSERT INTO `user_sessions` VALUES ('8273cf03-db17-4103-a49a-649b0234b48a', '2239d434-7761-4aad-bb5b-e3e321ccdec4', '2025-03-26 23:08:36', '2025-03-26 23:09:32', 56, 'expired', '172.71.124.112', 'Dart/3.7 (dart:io)', '98267294-eb49-438b-9a9b-9aabd24bb98d', '2025-03-26 23:08:36', '2025-03-26 23:09:32');
INSERT INTO `user_sessions` VALUES ('83b8f3e1-4bd8-43cd-a50d-7040f4fc8e53', '2239d434-7761-4aad-bb5b-e3e321ccdec4', '2025-04-05 22:36:01', '2025-04-06 12:38:53', 50572, 'expired', '172.70.208.12', 'Dart/3.7 (dart:io)', '98267294-eb49-438b-9a9b-9aabd24bb98d', '2025-04-05 22:36:01', '2025-04-06 12:38:53');
INSERT INTO `user_sessions` VALUES ('84407092-8eb0-40b5-9758-2d0dd9b9f652', '2239d434-7761-4aad-bb5b-e3e321ccdec4', '2025-04-02 06:12:02', '2025-04-02 07:27:54', 4552, 'expired', '108.162.226.214', 'Dart/3.7 (dart:io)', '98267294-eb49-438b-9a9b-9aabd24bb98d', '2025-04-02 06:12:02', '2025-04-02 07:27:54');
INSERT INTO `user_sessions` VALUES ('849d694a-9908-476b-8ac8-425f46fab281', '2239d434-7761-4aad-bb5b-e3e321ccdec4', '2025-04-05 06:56:01', '2025-04-05 10:37:23', 13282, 'expired', '162.158.106.26', 'Dart/3.7 (dart:io)', '98267294-eb49-438b-9a9b-9aabd24bb98d', '2025-04-05 06:56:01', '2025-04-05 10:37:23');
INSERT INTO `user_sessions` VALUES ('860b3069-1e1f-4bfa-a36a-4d1fd5e04195', '26cd0a68-ab90-4397-8c0c-af35496a13ca', '2025-04-08 07:14:06', '2025-04-08 07:41:12', 1626, 'expired', '172.69.176.168', 'Dart/3.7 (dart:io)', '98267294-eb49-438b-9a9b-9aabd24bb98d', '2025-04-08 07:14:06', '2025-04-08 07:41:12');
INSERT INTO `user_sessions` VALUES ('86701edd-0ed9-4610-bd2e-954994d9d741', '2239d434-7761-4aad-bb5b-e3e321ccdec4', '2025-04-22 17:19:41', '2025-04-22 17:22:37', 176, 'expired', '172.71.152.32', 'Dart/3.7 (dart:io)', '98267294-eb49-438b-9a9b-9aabd24bb98d', '2025-04-22 17:19:41', '2025-04-22 17:22:37');
INSERT INTO `user_sessions` VALUES ('874860ce-4d1c-4275-84fc-ad718dd5baae', '26cd0a68-ab90-4397-8c0c-af35496a13ca', '2025-04-19 20:42:43', '2025-04-19 20:51:44', 541, 'expired', '162.158.88.20', 'Dart/3.7 (dart:io)', '98267294-eb49-438b-9a9b-9aabd24bb98d', '2025-04-19 20:42:43', '2025-04-19 20:51:44');
INSERT INTO `user_sessions` VALUES ('87eb16f9-e14d-494e-8c16-e215ff55047e', '2239d434-7761-4aad-bb5b-e3e321ccdec4', '2025-04-14 09:31:02', '2025-04-15 09:28:24', 86242, 'expired', '172.69.176.23', 'Dart/3.7 (dart:io)', '98267294-eb49-438b-9a9b-9aabd24bb98d', '2025-04-14 09:31:02', '2025-04-15 09:28:24');
INSERT INTO `user_sessions` VALUES ('887955f8-58e7-4ee8-9796-aba5190579bc', 'dba9b8f1-d12c-4429-8863-d4ee80fd9f34', '2025-03-26 13:45:07', '2025-03-26 17:16:29', 12682, 'expired', '172.71.124.83', 'PostmanRuntime/7.43.2', 'e8546a78-7a5a-47fc-86b9-f2b233a89e8b', '2025-03-26 13:45:07', '2025-03-26 17:16:29');
INSERT INTO `user_sessions` VALUES ('889eb06a-9dc0-48ad-b074-062b20d5740b', '2239d434-7761-4aad-bb5b-e3e321ccdec4', '2025-03-28 05:09:12', '2025-03-28 05:39:19', 1807, 'expired', '172.70.92.223', 'Dart/3.7 (dart:io)', '98267294-eb49-438b-9a9b-9aabd24bb98d', '2025-03-28 05:09:12', '2025-03-28 05:39:19');
INSERT INTO `user_sessions` VALUES ('89c5c69a-8091-4c92-8e98-74e5adb2d504', '26cd0a68-ab90-4397-8c0c-af35496a13ca', '2025-04-08 05:56:39', '2025-04-08 06:09:28', 769, 'expired', '108.162.226.2', 'Dart/3.7 (dart:io)', '98267294-eb49-438b-9a9b-9aabd24bb98d', '2025-04-08 05:56:39', '2025-04-08 06:09:28');
INSERT INTO `user_sessions` VALUES ('8a846b6f-ba93-4ff0-81cd-22b7ccc99c17', '2239d434-7761-4aad-bb5b-e3e321ccdec4', '2025-04-17 08:36:33', '2025-04-19 17:03:12', 203199, 'expired', '172.70.143.250', 'Dart/3.7 (dart:io)', '98267294-eb49-438b-9a9b-9aabd24bb98d', '2025-04-17 08:36:33', '2025-04-19 17:03:12');
INSERT INTO `user_sessions` VALUES ('8a9d440d-f38a-4a40-b178-d38c07e69810', '26cd0a68-ab90-4397-8c0c-af35496a13ca', '2025-04-08 06:09:28', '2025-04-08 06:12:17', 169, 'expired', '172.71.152.5', 'Dart/3.7 (dart:io)', '98267294-eb49-438b-9a9b-9aabd24bb98d', '2025-04-08 06:09:28', '2025-04-08 06:12:17');
INSERT INTO `user_sessions` VALUES ('8b4a0d70-f10f-4d15-a168-a6d7fb5005cb', '26cd0a68-ab90-4397-8c0c-af35496a13ca', '2025-04-14 14:24:08', '2025-04-14 14:51:19', 1631, 'expired', '172.70.142.150', 'Dart/3.7 (dart:io)', '98267294-eb49-438b-9a9b-9aabd24bb98d', '2025-04-14 14:24:08', '2025-04-14 14:51:19');
INSERT INTO `user_sessions` VALUES ('8c616a70-431c-4c4d-b75e-1522f4f967a0', '2239d434-7761-4aad-bb5b-e3e321ccdec4', '2025-04-15 09:29:27', '2025-04-17 08:36:33', 169626, 'expired', '172.68.242.22', 'PostmanRuntime/7.43.3', '98267294-eb49-438b-9a9b-9aabd24bb98d', '2025-04-15 09:29:27', '2025-04-17 08:36:33');
INSERT INTO `user_sessions` VALUES ('8dca8410-96ac-4f85-9a27-1dbcb3173754', '2239d434-7761-4aad-bb5b-e3e321ccdec4', '2025-04-02 09:44:14', '2025-04-02 09:51:32', 438, 'expired', '172.71.81.61', 'Dart/3.7 (dart:io)', '98267294-eb49-438b-9a9b-9aabd24bb98d', '2025-04-02 09:44:14', '2025-04-02 09:51:32');
INSERT INTO `user_sessions` VALUES ('8f3ab8cd-13ce-4bd8-b335-bd33a3c66534', '26cd0a68-ab90-4397-8c0c-af35496a13ca', '2025-04-20 11:45:53', '2025-04-20 11:51:04', 311, 'expired', '172.70.208.117', 'Dart/3.7 (dart:io)', '98267294-eb49-438b-9a9b-9aabd24bb98d', '2025-04-20 11:45:53', '2025-04-20 11:51:04');
INSERT INTO `user_sessions` VALUES ('8f836b25-c697-466b-95b6-cdc21dce6197', '2239d434-7761-4aad-bb5b-e3e321ccdec4', '2025-03-27 08:36:09', '2025-03-27 08:37:51', 102, 'expired', '172.69.166.63', 'Dart/3.7 (dart:io)', '98267294-eb49-438b-9a9b-9aabd24bb98d', '2025-03-27 08:36:09', '2025-03-27 08:37:51');
INSERT INTO `user_sessions` VALUES ('8fcaae4e-515c-420d-ad4a-833538e9c69c', '26cd0a68-ab90-4397-8c0c-af35496a13ca', '2025-04-10 23:05:57', '2025-04-11 06:52:52', 28015, 'expired', '162.158.170.52', 'Dart/3.7 (dart:io)', '98267294-eb49-438b-9a9b-9aabd24bb98d', '2025-04-10 23:05:57', '2025-04-11 06:52:52');
INSERT INTO `user_sessions` VALUES ('8ff2d274-583a-4cc0-97c3-d885855fbcaf', '2239d434-7761-4aad-bb5b-e3e321ccdec4', '2025-03-26 01:15:11', '2025-03-26 13:30:25', 44114, 'expired', '172.68.164.121', 'PostmanRuntime/7.43.2', '98267294-eb49-438b-9a9b-9aabd24bb98d', '2025-03-26 01:15:11', '2025-03-26 13:30:25');
INSERT INTO `user_sessions` VALUES ('907f85e6-4cfc-40e9-bd94-8c6de8635bd0', '2239d434-7761-4aad-bb5b-e3e321ccdec4', '2025-03-26 23:15:18', '2025-03-26 23:18:22', 184, 'expired', '172.71.124.200', 'Dart/3.7 (dart:io)', '98267294-eb49-438b-9a9b-9aabd24bb98d', '2025-03-26 23:15:18', '2025-03-26 23:18:22');
INSERT INTO `user_sessions` VALUES ('9083cfc2-97f4-41bc-bf06-ccc3aedbe9a9', '26cd0a68-ab90-4397-8c0c-af35496a13ca', '2025-04-18 17:58:42', '2025-04-18 19:40:30', 6108, 'expired', '172.70.208.116', 'Dart/3.7 (dart:io)', '98267294-eb49-438b-9a9b-9aabd24bb98d', '2025-04-18 17:58:42', '2025-04-18 19:40:30');
INSERT INTO `user_sessions` VALUES ('91466653-1ff4-4518-953f-78b587f031a6', '2239d434-7761-4aad-bb5b-e3e321ccdec4', '2025-04-05 10:37:23', '2025-04-05 10:38:13', 50, 'expired', '162.158.170.218', 'Dart/3.7 (dart:io)', '98267294-eb49-438b-9a9b-9aabd24bb98d', '2025-04-05 10:37:23', '2025-04-05 10:38:13');
INSERT INTO `user_sessions` VALUES ('929ad1fe-da0b-4b29-b37b-d47789370562', '1f36c732-e5b1-47bf-bc21-6108eeb5b374', '2025-04-20 18:54:01', '2025-04-20 18:56:19', 138, 'expired', '172.70.188.40', 'Dart/3.7 (dart:io)', '98267294-eb49-438b-9a9b-9aabd24bb98d', '2025-04-20 18:54:01', '2025-04-20 18:56:19');
INSERT INTO `user_sessions` VALUES ('93783985-a84a-441e-9060-e4ccf5c5d70f', '869fc00e-f8dc-4ecf-94c8-e1c7b923fd1a', '2025-04-19 21:16:23', '2025-04-23 20:50:01', 344018, 'active', '162.158.162.91', 'Dart/3.7 (dart:io)', 'b29ce424-fc2d-4450-862a-fe403b1ade1f', '2025-04-19 21:16:23', '2025-04-23 20:50:01');
INSERT INTO `user_sessions` VALUES ('93f187de-6fa8-45cc-a0a1-3f1f276e5a17', '26cd0a68-ab90-4397-8c0c-af35496a13ca', '2025-04-11 06:52:52', '2025-04-11 08:03:17', 4225, 'expired', '162.158.162.91', 'Dart/3.7 (dart:io)', '98267294-eb49-438b-9a9b-9aabd24bb98d', '2025-04-11 06:52:52', '2025-04-11 08:03:17');
INSERT INTO `user_sessions` VALUES ('94f2a2d2-6906-4a84-9595-6c5cdf417299', '2239d434-7761-4aad-bb5b-e3e321ccdec4', '2025-03-27 10:20:03', '2025-03-27 10:35:56', 953, 'expired', '162.158.88.7', 'Dart/3.7 (dart:io)', '98267294-eb49-438b-9a9b-9aabd24bb98d', '2025-03-27 10:20:03', '2025-03-27 10:35:56');
INSERT INTO `user_sessions` VALUES ('95b2625a-f6c6-4816-b4c6-bff6bf482e80', '2239d434-7761-4aad-bb5b-e3e321ccdec4', '2025-04-04 16:53:03', '2025-04-04 16:54:38', 95, 'expired', '172.70.142.27', 'Dart/3.7 (dart:io)', '98267294-eb49-438b-9a9b-9aabd24bb98d', '2025-04-04 16:53:03', '2025-04-04 16:54:38');
INSERT INTO `user_sessions` VALUES ('97be4b41-5a03-42f0-a00d-3372d6fd276c', '2239d434-7761-4aad-bb5b-e3e321ccdec4', '2025-03-27 12:13:17', '2025-03-27 12:29:15', 958, 'expired', '172.69.166.18', 'Dart/3.7 (dart:io)', '98267294-eb49-438b-9a9b-9aabd24bb98d', '2025-03-27 12:13:17', '2025-03-27 12:29:15');
INSERT INTO `user_sessions` VALUES ('9825e262-6abb-4d42-ba07-b56809746e82', '2239d434-7761-4aad-bb5b-e3e321ccdec4', '2025-03-27 08:39:26', '2025-03-27 08:46:32', 426, 'expired', '172.70.147.9', 'Dart/3.7 (dart:io)', '98267294-eb49-438b-9a9b-9aabd24bb98d', '2025-03-27 08:39:26', '2025-03-27 08:46:32');
INSERT INTO `user_sessions` VALUES ('984b123f-e9e3-4725-b388-d069c469ed99', '2239d434-7761-4aad-bb5b-e3e321ccdec4', '2025-04-20 18:53:29', '2025-04-20 18:59:41', 372, 'expired', '162.158.162.11', 'Dart/3.7 (dart:io)', '98267294-eb49-438b-9a9b-9aabd24bb98d', '2025-04-20 18:53:29', '2025-04-20 18:59:41');
INSERT INTO `user_sessions` VALUES ('98b3129b-81e9-409c-9d8f-249013637250', '869fc00e-f8dc-4ecf-94c8-e1c7b923fd1a', '2025-04-10 21:40:08', '2025-04-10 21:41:42', 94, 'expired', '162.158.106.59', 'Dart/3.7 (dart:io)', 'b29ce424-fc2d-4450-862a-fe403b1ade1f', '2025-04-10 21:40:08', '2025-04-10 21:41:42');
INSERT INTO `user_sessions` VALUES ('9a7e6bf2-4cca-4609-8e5a-72edb9c6365e', '26cd0a68-ab90-4397-8c0c-af35496a13ca', '2025-04-21 09:37:19', '2025-04-21 10:46:01', 4122, 'expired', '162.158.88.78', 'Dart/3.7 (dart:io)', '98267294-eb49-438b-9a9b-9aabd24bb98d', '2025-04-21 09:37:19', '2025-04-21 10:46:01');
INSERT INTO `user_sessions` VALUES ('9b5a292c-e824-4a8e-81df-842489d1497c', '26cd0a68-ab90-4397-8c0c-af35496a13ca', '2025-04-19 22:44:56', '2025-04-19 23:08:29', 1413, 'expired', '172.69.176.59', 'PostmanRuntime/7.43.3', '98267294-eb49-438b-9a9b-9aabd24bb98d', '2025-04-19 22:44:56', '2025-04-19 23:08:29');
INSERT INTO `user_sessions` VALUES ('9bcbe8b2-c0f1-462b-8372-de222783061b', '26cd0a68-ab90-4397-8c0c-af35496a13ca', '2025-04-20 15:56:11', '2025-04-20 16:10:11', 840, 'expired', '162.158.163.134', 'PostmanRuntime/7.43.3', '98267294-eb49-438b-9a9b-9aabd24bb98d', '2025-04-20 15:56:11', '2025-04-20 16:10:11');
INSERT INTO `user_sessions` VALUES ('9ca36884-3b83-489e-852f-13d9ff3f3085', '2239d434-7761-4aad-bb5b-e3e321ccdec4', '2025-03-28 13:28:52', '2025-03-28 13:32:47', 235, 'expired', '172.71.82.23', 'Dart/3.7 (dart:io)', '98267294-eb49-438b-9a9b-9aabd24bb98d', '2025-03-28 13:28:53', '2025-03-28 13:32:47');
INSERT INTO `user_sessions` VALUES ('9d395041-62d0-46c5-8e46-b0d290efb641', '26cd0a68-ab90-4397-8c0c-af35496a13ca', '2025-04-19 11:52:08', '2025-04-19 11:58:35', 387, 'expired', '162.158.189.139', 'Dart/3.7 (dart:io)', '98267294-eb49-438b-9a9b-9aabd24bb98d', '2025-04-19 11:52:08', '2025-04-19 11:58:35');
INSERT INTO `user_sessions` VALUES ('9d3b67e1-adb6-4bfb-8770-df823d7d51ab', '2239d434-7761-4aad-bb5b-e3e321ccdec4', '2025-04-05 20:36:13', '2025-04-05 20:37:27', 74, 'expired', '104.23.175.44', 'Dart/3.7 (dart:io)', '98267294-eb49-438b-9a9b-9aabd24bb98d', '2025-04-05 20:36:13', '2025-04-05 20:37:27');
INSERT INTO `user_sessions` VALUES ('9da0228e-6e2b-48e3-8ea5-e5287560bc21', '869fc00e-f8dc-4ecf-94c8-e1c7b923fd1a', '2025-04-12 01:19:21', '2025-04-13 16:03:05', 139424, 'expired', '172.68.164.3', 'Dart/3.7 (dart:io)', 'b29ce424-fc2d-4450-862a-fe403b1ade1f', '2025-04-12 01:19:21', '2025-04-13 16:03:05');
INSERT INTO `user_sessions` VALUES ('9dad5739-0819-4d53-95ff-2fac3c38ffe0', '2239d434-7761-4aad-bb5b-e3e321ccdec4', '2025-04-08 08:11:08', '2025-04-08 09:11:30', 3622, 'expired', '172.70.143.109', 'Dart/3.7 (dart:io)', '98267294-eb49-438b-9a9b-9aabd24bb98d', '2025-04-08 08:11:08', '2025-04-08 09:11:30');
INSERT INTO `user_sessions` VALUES ('9dc1f66e-dbd5-49e2-ad63-b4151e1c68bc', '2239d434-7761-4aad-bb5b-e3e321ccdec4', '2025-03-27 17:54:36', '2025-03-28 04:19:11', 37475, 'expired', '172.71.124.138', 'PostmanRuntime/7.43.2', '98267294-eb49-438b-9a9b-9aabd24bb98d', '2025-03-27 17:54:36', '2025-03-28 04:19:11');
INSERT INTO `user_sessions` VALUES ('9ef61a4c-07ac-41cd-b694-f1e3ba9d833c', '26cd0a68-ab90-4397-8c0c-af35496a13ca', '2025-04-19 17:30:57', '2025-04-19 17:46:20', 923, 'expired', '162.158.108.137', 'Dart/3.7 (dart:io)', '98267294-eb49-438b-9a9b-9aabd24bb98d', '2025-04-19 17:30:57', '2025-04-19 17:46:20');
INSERT INTO `user_sessions` VALUES ('9f043283-df81-4318-90fe-4a619fa83150', '2239d434-7761-4aad-bb5b-e3e321ccdec4', '2025-03-27 08:54:51', '2025-03-27 10:00:00', 3909, 'expired', '162.158.107.56', 'Dart/3.7 (dart:io)', '98267294-eb49-438b-9a9b-9aabd24bb98d', '2025-03-27 08:54:51', '2025-03-27 10:00:00');
INSERT INTO `user_sessions` VALUES ('9f30f340-79b5-46bf-bccf-208c124e7fea', '26cd0a68-ab90-4397-8c0c-af35496a13ca', '2025-04-10 20:47:14', '2025-04-10 21:04:45', 1051, 'expired', '162.158.108.16', 'Dart/3.7 (dart:io)', '98267294-eb49-438b-9a9b-9aabd24bb98d', '2025-04-10 20:47:14', '2025-04-10 21:04:45');
INSERT INTO `user_sessions` VALUES ('9f3f744c-0489-4bcf-80ff-9666f8ad205c', '2239d434-7761-4aad-bb5b-e3e321ccdec4', '2025-03-26 21:03:31', '2025-03-26 21:04:15', 44, 'expired', '162.158.88.6', 'Dart/3.7 (dart:io)', '98267294-eb49-438b-9a9b-9aabd24bb98d', '2025-03-26 21:03:31', '2025-03-26 21:04:15');
INSERT INTO `user_sessions` VALUES ('9ff4e56c-ed88-4d86-8ac3-b9258fc8917e', '26cd0a68-ab90-4397-8c0c-af35496a13ca', '2025-04-16 13:00:41', '2025-04-16 15:18:19', 8258, 'expired', '172.70.208.116', 'Dart/3.7 (dart:io)', '98267294-eb49-438b-9a9b-9aabd24bb98d', '2025-04-16 13:00:41', '2025-04-16 15:18:19');
INSERT INTO `user_sessions` VALUES ('a0d4d4ed-4c14-4238-9c62-714cfc28dee7', '2239d434-7761-4aad-bb5b-e3e321ccdec4', '2025-03-28 13:06:45', '2025-03-28 13:10:58', 253, 'expired', '172.70.143.134', 'Dart/3.7 (dart:io)', '98267294-eb49-438b-9a9b-9aabd24bb98d', '2025-03-28 13:06:45', '2025-03-28 13:10:58');
INSERT INTO `user_sessions` VALUES ('a3c2d055-dd91-4554-b03f-e6a8acffc7d7', '26cd0a68-ab90-4397-8c0c-af35496a13ca', '2025-04-19 21:28:49', '2025-04-19 22:44:56', 4567, 'expired', '172.68.164.97', 'Dart/3.7 (dart:io)', '98267294-eb49-438b-9a9b-9aabd24bb98d', '2025-04-19 21:28:49', '2025-04-19 22:44:56');
INSERT INTO `user_sessions` VALUES ('a3c3ca86-6b18-4532-abba-0e5f8c15585b', '2239d434-7761-4aad-bb5b-e3e321ccdec4', '2025-04-15 09:28:24', '2025-04-15 09:29:27', 63, 'expired', '162.158.108.58', 'PostmanRuntime/7.43.3', '98267294-eb49-438b-9a9b-9aabd24bb98d', '2025-04-15 09:28:24', '2025-04-15 09:29:27');
INSERT INTO `user_sessions` VALUES ('a3f5acfe-e118-43f2-96dc-17305df6e0ca', '2239d434-7761-4aad-bb5b-e3e321ccdec4', '2025-03-26 21:05:04', '2025-03-26 21:09:02', 238, 'expired', '162.158.190.103', 'Dart/3.7 (dart:io)', '98267294-eb49-438b-9a9b-9aabd24bb98d', '2025-03-26 21:05:04', '2025-03-26 21:09:02');
INSERT INTO `user_sessions` VALUES ('a42bb72f-a9bf-4567-9c50-196e15ef818c', '2239d434-7761-4aad-bb5b-e3e321ccdec4', '2025-03-26 21:13:18', '2025-03-26 21:13:37', 19, 'expired', '172.70.143.135', 'Dart/3.7 (dart:io)', '98267294-eb49-438b-9a9b-9aabd24bb98d', '2025-03-26 21:13:18', '2025-03-26 21:13:37');
INSERT INTO `user_sessions` VALUES ('a539e39f-7957-45a0-8382-73c0f59fb1a4', '2239d434-7761-4aad-bb5b-e3e321ccdec4', '2025-03-28 16:58:37', '2025-03-28 17:08:12', 575, 'expired', '108.162.226.130', 'Dart/3.7 (dart:io)', '98267294-eb49-438b-9a9b-9aabd24bb98d', '2025-03-28 16:58:37', '2025-03-28 17:08:12');
INSERT INTO `user_sessions` VALUES ('a5589639-bdd1-4bfa-9d49-4d65c74093f5', '26cd0a68-ab90-4397-8c0c-af35496a13ca', '2025-04-21 10:46:01', '2025-04-21 18:34:28', 28107, 'expired', '104.23.175.169', 'Dart/3.7 (dart:io)', '98267294-eb49-438b-9a9b-9aabd24bb98d', '2025-04-21 10:46:01', '2025-04-21 18:34:28');
INSERT INTO `user_sessions` VALUES ('a6c1c307-985d-4a77-a5ac-7272b0d967dc', '2239d434-7761-4aad-bb5b-e3e321ccdec4', '2025-03-27 08:46:32', '2025-03-27 08:52:49', 377, 'expired', '172.70.208.161', 'Dart/3.7 (dart:io)', '98267294-eb49-438b-9a9b-9aabd24bb98d', '2025-03-27 08:46:32', '2025-03-27 08:52:49');
INSERT INTO `user_sessions` VALUES ('a6ccc4ad-f129-4e64-be2d-e68d3cc80f8a', '26cd0a68-ab90-4397-8c0c-af35496a13ca', '2025-04-14 13:07:00', '2025-04-14 13:11:53', 293, 'expired', '162.158.107.3', 'Dart/3.7 (dart:io)', '98267294-eb49-438b-9a9b-9aabd24bb98d', '2025-04-14 13:07:00', '2025-04-14 13:11:53');
INSERT INTO `user_sessions` VALUES ('a721a96d-7dc3-49f1-86f2-638483e951f9', '26cd0a68-ab90-4397-8c0c-af35496a13ca', '2025-04-07 18:44:27', '2025-04-07 18:46:07', 100, 'expired', '162.158.88.100', 'Dart/3.7 (dart:io)', '98267294-eb49-438b-9a9b-9aabd24bb98d', '2025-04-07 18:44:27', '2025-04-07 18:46:07');
INSERT INTO `user_sessions` VALUES ('a8057f75-332a-4e4b-ac0c-6fc9e7c914b7', '2239d434-7761-4aad-bb5b-e3e321ccdec4', '2025-04-23 09:57:14', '2025-04-23 11:51:40', 6866, 'expired', '162.158.108.23', 'Dart/3.7 (dart:io)', '98267294-eb49-438b-9a9b-9aabd24bb98d', '2025-04-23 09:57:14', '2025-04-23 11:51:40');
INSERT INTO `user_sessions` VALUES ('a868c0c3-3066-42d7-8556-73e53819145c', '2239d434-7761-4aad-bb5b-e3e321ccdec4', '2025-03-30 19:19:35', '2025-03-30 19:23:39', 244, 'expired', '162.158.106.249', 'Dart/3.7 (dart:io)', '98267294-eb49-438b-9a9b-9aabd24bb98d', '2025-03-30 19:19:35', '2025-03-30 19:23:39');
INSERT INTO `user_sessions` VALUES ('a9a255b8-9032-4faa-86f5-b55b76f922ad', '2239d434-7761-4aad-bb5b-e3e321ccdec4', '2025-03-26 21:04:39', '2025-03-26 21:05:04', 25, 'expired', '162.158.189.17', 'PostmanRuntime/7.43.2', '98267294-eb49-438b-9a9b-9aabd24bb98d', '2025-03-26 21:04:39', '2025-03-26 21:05:04');
INSERT INTO `user_sessions` VALUES ('a9bd3bea-e459-4c87-b4d2-5a27eba84c2a', '26cd0a68-ab90-4397-8c0c-af35496a13ca', '2025-04-10 13:24:34', '2025-04-10 13:35:36', 662, 'expired', '104.23.175.170', 'Dart/3.7 (dart:io)', '98267294-eb49-438b-9a9b-9aabd24bb98d', '2025-04-10 13:24:34', '2025-04-10 13:35:36');
INSERT INTO `user_sessions` VALUES ('aa016fe2-3b71-4ff7-bf1e-e1cc734de292', '2239d434-7761-4aad-bb5b-e3e321ccdec4', '2025-03-26 21:13:37', '2025-03-26 21:14:15', 38, 'expired', '162.158.189.16', 'Dart/3.7 (dart:io)', '98267294-eb49-438b-9a9b-9aabd24bb98d', '2025-03-26 21:13:37', '2025-03-26 21:14:15');
INSERT INTO `user_sessions` VALUES ('aa075d53-b0cb-4122-95e6-149180d75e47', '26cd0a68-ab90-4397-8c0c-af35496a13ca', '2025-04-08 09:18:57', '2025-04-08 09:21:09', 132, 'expired', '172.68.164.46', 'Dart/3.7 (dart:io)', '98267294-eb49-438b-9a9b-9aabd24bb98d', '2025-04-08 09:18:57', '2025-04-08 09:21:09');
INSERT INTO `user_sessions` VALUES ('aac61ff9-be77-4da2-8d88-8749b7d644ca', '2239d434-7761-4aad-bb5b-e3e321ccdec4', '2025-04-22 18:04:10', '2025-04-22 18:07:52', 222, 'expired', '172.70.188.93', 'Dart/3.7 (dart:io)', '98267294-eb49-438b-9a9b-9aabd24bb98d', '2025-04-22 18:04:10', '2025-04-22 18:07:52');
INSERT INTO `user_sessions` VALUES ('abdf0a4c-3f20-4bb1-9d83-bc8a75159af0', '26cd0a68-ab90-4397-8c0c-af35496a13ca', '2025-04-19 23:08:29', '2025-04-19 23:29:38', 1269, 'expired', '172.71.124.49', 'Dart/3.7 (dart:io)', '98267294-eb49-438b-9a9b-9aabd24bb98d', '2025-04-19 23:08:29', '2025-04-19 23:29:38');
INSERT INTO `user_sessions` VALUES ('abf34049-8cb8-4e13-898c-9aba7ab38a12', '2239d434-7761-4aad-bb5b-e3e321ccdec4', '2025-03-26 23:09:32', '2025-03-26 23:10:05', 33, 'expired', '172.70.143.165', 'Dart/3.7 (dart:io)', '98267294-eb49-438b-9a9b-9aabd24bb98d', '2025-03-26 23:09:32', '2025-03-26 23:10:05');
INSERT INTO `user_sessions` VALUES ('adb76cdd-0ec2-43df-837f-61553b911672', '26cd0a68-ab90-4397-8c0c-af35496a13ca', '2025-04-10 18:44:37', '2025-04-10 18:52:48', 491, 'expired', '162.158.88.6', 'Dart/3.7 (dart:io)', '98267294-eb49-438b-9a9b-9aabd24bb98d', '2025-04-10 18:44:37', '2025-04-10 18:52:48');
INSERT INTO `user_sessions` VALUES ('adc958e4-fc1a-4e9c-86fa-4b94f26b3609', '2239d434-7761-4aad-bb5b-e3e321ccdec4', '2025-03-28 13:10:58', '2025-03-28 13:16:21', 323, 'expired', '162.158.88.125', 'Dart/3.7 (dart:io)', '98267294-eb49-438b-9a9b-9aabd24bb98d', '2025-03-28 13:10:58', '2025-03-28 13:16:21');
INSERT INTO `user_sessions` VALUES ('ae5fe150-22b9-48e3-8c8a-8808cc8944fc', '2239d434-7761-4aad-bb5b-e3e321ccdec4', '2025-03-28 11:09:09', '2025-03-28 12:36:58', 5269, 'expired', '172.69.176.23', 'Dart/3.7 (dart:io)', '98267294-eb49-438b-9a9b-9aabd24bb98d', '2025-03-28 11:09:09', '2025-03-28 12:36:58');
INSERT INTO `user_sessions` VALUES ('af457200-a19b-43f5-8aa6-bd52f25c9b7d', '2239d434-7761-4aad-bb5b-e3e321ccdec4', '2025-03-28 13:32:47', '2025-03-28 13:39:41', 414, 'expired', '162.158.107.2', 'Dart/3.7 (dart:io)', '98267294-eb49-438b-9a9b-9aabd24bb98d', '2025-03-28 13:32:47', '2025-03-28 13:39:41');
INSERT INTO `user_sessions` VALUES ('aff78e82-d4fe-47db-a5d5-6795a71dd8ee', '26cd0a68-ab90-4397-8c0c-af35496a13ca', '2025-04-19 11:42:26', '2025-04-19 11:52:08', 582, 'expired', '108.162.226.132', 'Dart/3.7 (dart:io)', '98267294-eb49-438b-9a9b-9aabd24bb98d', '2025-04-19 11:42:26', '2025-04-19 11:52:08');
INSERT INTO `user_sessions` VALUES ('b01c5e3b-ae12-414a-96d5-f1162eb055b9', '2239d434-7761-4aad-bb5b-e3e321ccdec4', '2025-03-30 19:18:05', '2025-03-30 19:19:35', 90, 'expired', '172.70.208.116', 'Dart/3.7 (dart:io)', '98267294-eb49-438b-9a9b-9aabd24bb98d', '2025-03-30 19:18:05', '2025-03-30 19:19:35');
INSERT INTO `user_sessions` VALUES ('b01d183f-84bc-49ea-b4d9-45cec6c5279b', '2239d434-7761-4aad-bb5b-e3e321ccdec4', '2025-03-26 21:04:15', '2025-03-26 21:04:39', 24, 'expired', '172.71.124.143', 'Dart/3.7 (dart:io)', '98267294-eb49-438b-9a9b-9aabd24bb98d', '2025-03-26 21:04:15', '2025-03-26 21:04:39');
INSERT INTO `user_sessions` VALUES ('b1578d14-3acb-4587-be62-a81f22ac17f4', '2239d434-7761-4aad-bb5b-e3e321ccdec4', '2025-03-26 23:19:55', '2025-03-27 08:36:09', 33374, 'expired', '162.158.189.237', 'Dart/3.7 (dart:io)', '98267294-eb49-438b-9a9b-9aabd24bb98d', '2025-03-26 23:19:55', '2025-03-27 08:36:09');
INSERT INTO `user_sessions` VALUES ('b533196a-5bc3-4683-bdb4-3229fd0ac0b2', '2239d434-7761-4aad-bb5b-e3e321ccdec4', '2025-04-10 13:18:52', '2025-04-10 14:01:18', 2546, 'expired', '172.70.208.161', 'Dart/3.7 (dart:io)', '98267294-eb49-438b-9a9b-9aabd24bb98d', '2025-04-10 13:18:52', '2025-04-10 14:01:18');
INSERT INTO `user_sessions` VALUES ('b65e4d9a-5fc4-4404-90fc-cc1e528749d2', '2239d434-7761-4aad-bb5b-e3e321ccdec4', '2025-03-28 14:11:46', '2025-03-28 15:49:57', 5891, 'expired', '162.158.88.80', 'Dart/3.7 (dart:io)', '98267294-eb49-438b-9a9b-9aabd24bb98d', '2025-03-28 14:11:46', '2025-03-28 15:49:57');
INSERT INTO `user_sessions` VALUES ('b74b6c33-31d5-41f6-b902-57a11af6ec03', '26cd0a68-ab90-4397-8c0c-af35496a13ca', '2025-04-19 19:21:05', '2025-04-19 19:23:14', 129, 'expired', '172.69.165.70', 'Dart/3.7 (dart:io)', '98267294-eb49-438b-9a9b-9aabd24bb98d', '2025-04-19 19:21:05', '2025-04-19 19:23:14');
INSERT INTO `user_sessions` VALUES ('b7af1c95-9cd1-47e0-8711-9556cf8e283f', '2239d434-7761-4aad-bb5b-e3e321ccdec4', '2025-03-26 22:44:57', '2025-03-26 22:49:42', 285, 'expired', '162.158.106.181', 'Dart/3.7 (dart:io)', '98267294-eb49-438b-9a9b-9aabd24bb98d', '2025-03-26 22:44:57', '2025-03-26 22:49:42');
INSERT INTO `user_sessions` VALUES ('b7b8a4cc-fb18-4d33-9762-6cae73fd0c6d', '2239d434-7761-4aad-bb5b-e3e321ccdec4', '2025-03-31 20:34:59', '2025-03-31 21:20:01', 2702, 'expired', '172.70.147.3', 'Dart/3.7 (dart:io)', '98267294-eb49-438b-9a9b-9aabd24bb98d', '2025-03-31 20:34:59', '2025-03-31 21:20:01');
INSERT INTO `user_sessions` VALUES ('b90bcdd3-e489-453d-b1f0-c54ebfd315f0', '2239d434-7761-4aad-bb5b-e3e321ccdec4', '2025-03-26 23:18:22', '2025-03-26 23:19:55', 93, 'expired', '172.70.189.100', 'Dart/3.7 (dart:io)', '98267294-eb49-438b-9a9b-9aabd24bb98d', '2025-03-26 23:18:22', '2025-03-26 23:19:55');
INSERT INTO `user_sessions` VALUES ('b90fdb11-3240-4e11-95c8-410779472d85', '2239d434-7761-4aad-bb5b-e3e321ccdec4', '2025-04-04 16:06:24', '2025-04-04 16:13:27', 423, 'expired', '172.70.92.222', 'Dart/3.7 (dart:io)', '98267294-eb49-438b-9a9b-9aabd24bb98d', '2025-04-04 16:06:24', '2025-04-04 16:13:27');
INSERT INTO `user_sessions` VALUES ('baf5de51-90e2-45e5-93f1-1320e9cde1ca', '26cd0a68-ab90-4397-8c0c-af35496a13ca', '2025-04-07 18:23:25', '2025-04-07 18:24:16', 51, 'expired', '162.158.88.13', 'Dart/3.7 (dart:io)', '98267294-eb49-438b-9a9b-9aabd24bb98d', '2025-04-07 18:23:25', '2025-04-07 18:24:16');
INSERT INTO `user_sessions` VALUES ('bb8da9aa-2e03-49f8-bff4-5dd41772364e', '26cd0a68-ab90-4397-8c0c-af35496a13ca', '2025-04-08 06:55:01', '2025-04-08 07:14:06', 1145, 'expired', '172.68.242.62', 'Dart/3.7 (dart:io)', '98267294-eb49-438b-9a9b-9aabd24bb98d', '2025-04-08 06:55:01', '2025-04-08 07:14:06');
INSERT INTO `user_sessions` VALUES ('bbae0f39-0252-4e77-9464-27deedc4f289', '26cd0a68-ab90-4397-8c0c-af35496a13ca', '2025-04-16 08:02:11', '2025-04-16 11:35:00', 12769, 'expired', '162.158.106.177', 'Dart/3.7 (dart:io)', '98267294-eb49-438b-9a9b-9aabd24bb98d', '2025-04-16 08:02:11', '2025-04-16 11:35:00');
INSERT INTO `user_sessions` VALUES ('bd2154db-2e05-4af6-ba95-d13ae5102cd9', '2239d434-7761-4aad-bb5b-e3e321ccdec4', '2025-04-19 17:30:24', '2025-04-19 21:13:22', 13378, 'expired', '172.70.42.100', 'PostmanRuntime/7.43.3', '98267294-eb49-438b-9a9b-9aabd24bb98d', '2025-04-19 17:30:24', '2025-04-19 21:13:22');
INSERT INTO `user_sessions` VALUES ('bd3ced12-6df9-46a0-97aa-4628aade44f7', '26cd0a68-ab90-4397-8c0c-af35496a13ca', '2025-04-14 13:11:53', '2025-04-14 13:15:14', 201, 'expired', '172.70.143.237', 'Dart/3.7 (dart:io)', '98267294-eb49-438b-9a9b-9aabd24bb98d', '2025-04-14 13:11:53', '2025-04-14 13:15:14');
INSERT INTO `user_sessions` VALUES ('bdbe4aed-a3a0-4594-b26c-f129f5dcfed1', '2239d434-7761-4aad-bb5b-e3e321ccdec4', '2025-04-03 21:30:22', '2025-04-03 21:35:52', 330, 'expired', '172.70.92.141', 'Dart/3.7 (dart:io)', '98267294-eb49-438b-9a9b-9aabd24bb98d', '2025-04-03 21:30:22', '2025-04-03 21:35:52');
INSERT INTO `user_sessions` VALUES ('befe89fb-1612-4322-bac2-f0a2433c11c8', '2239d434-7761-4aad-bb5b-e3e321ccdec4', '2025-03-26 21:09:37', '2025-03-26 21:09:50', 13, 'expired', '172.69.176.134', 'Dart/3.7 (dart:io)', '98267294-eb49-438b-9a9b-9aabd24bb98d', '2025-03-26 21:09:37', '2025-03-26 21:09:50');
INSERT INTO `user_sessions` VALUES ('bf158207-f797-4ae3-9ddd-72a6df8b81f9', '26cd0a68-ab90-4397-8c0c-af35496a13ca', '2025-04-20 15:29:07', '2025-04-20 15:56:11', 1624, 'expired', '162.158.162.178', 'Dart/3.7 (dart:io)', '98267294-eb49-438b-9a9b-9aabd24bb98d', '2025-04-20 15:29:07', '2025-04-20 15:56:11');
INSERT INTO `user_sessions` VALUES ('bfa456e6-e02b-402b-9ad0-862930ab0909', '2239d434-7761-4aad-bb5b-e3e321ccdec4', '2025-04-05 11:36:56', '2025-04-05 11:43:44', 408, 'expired', '172.70.208.12', 'Dart/3.7 (dart:io)', '98267294-eb49-438b-9a9b-9aabd24bb98d', '2025-04-05 11:36:56', '2025-04-05 11:43:44');
INSERT INTO `user_sessions` VALUES ('c1c80a71-61a6-41b4-ba8a-208ea3105afe', '2239d434-7761-4aad-bb5b-e3e321ccdec4', '2025-03-30 19:23:39', '2025-03-30 19:38:26', 887, 'expired', '104.23.175.54', 'Dart/3.7 (dart:io)', '98267294-eb49-438b-9a9b-9aabd24bb98d', '2025-03-30 19:23:39', '2025-03-30 19:38:26');
INSERT INTO `user_sessions` VALUES ('c1dc0908-265e-446d-aee1-8fa7ad562af7', '2239d434-7761-4aad-bb5b-e3e321ccdec4', '2025-03-28 17:08:12', '2025-03-28 17:14:00', 348, 'expired', '162.158.171.31', 'Dart/3.7 (dart:io)', '98267294-eb49-438b-9a9b-9aabd24bb98d', '2025-03-28 17:08:12', '2025-03-28 17:14:00');
INSERT INTO `user_sessions` VALUES ('c23a5d4d-0ba1-4500-8c83-998d7807c88f', '2239d434-7761-4aad-bb5b-e3e321ccdec4', '2025-04-08 21:16:19', '2025-04-09 10:15:23', 46744, 'expired', '162.158.162.170', 'Dart/3.7 (dart:io)', '98267294-eb49-438b-9a9b-9aabd24bb98d', '2025-04-08 21:16:19', '2025-04-09 10:15:23');
INSERT INTO `user_sessions` VALUES ('c3032ebd-ac70-4eee-a837-ecb08b790f5e', '2239d434-7761-4aad-bb5b-e3e321ccdec4', '2025-03-28 04:19:11', '2025-03-28 05:07:07', 2876, 'expired', '104.23.175.20', 'Dart/3.7 (dart:io)', '98267294-eb49-438b-9a9b-9aabd24bb98d', '2025-03-28 04:19:11', '2025-03-28 05:07:07');
INSERT INTO `user_sessions` VALUES ('c33f1150-68bb-4de4-be31-23281b857fdf', '2239d434-7761-4aad-bb5b-e3e321ccdec4', '2025-03-26 22:31:22', '2025-03-26 22:43:34', 732, 'expired', '172.70.189.100', 'PostmanRuntime/7.43.2', '98267294-eb49-438b-9a9b-9aabd24bb98d', '2025-03-26 22:31:22', '2025-03-26 22:43:34');
INSERT INTO `user_sessions` VALUES ('c3868a4b-007a-4e89-9f79-39b3b201b670', '2239d434-7761-4aad-bb5b-e3e321ccdec4', '2025-04-21 15:49:45', '2025-04-22 16:50:48', 90063, 'expired', '162.158.108.103', 'Dart/3.7 (dart:io)', '98267294-eb49-438b-9a9b-9aabd24bb98d', '2025-04-21 15:49:45', '2025-04-22 16:50:48');
INSERT INTO `user_sessions` VALUES ('c4883035-ed1a-420c-900f-40353a0e0e7c', '2239d434-7761-4aad-bb5b-e3e321ccdec4', '2025-03-28 16:45:17', '2025-03-28 16:58:37', 800, 'expired', '162.158.88.33', 'Dart/3.7 (dart:io)', '98267294-eb49-438b-9a9b-9aabd24bb98d', '2025-03-28 16:45:17', '2025-03-28 16:58:37');
INSERT INTO `user_sessions` VALUES ('c4bb19bb-c8c4-4691-a207-502f0664551f', '2239d434-7761-4aad-bb5b-e3e321ccdec4', '2025-03-28 10:52:55', '2025-03-28 11:09:09', 974, 'expired', '172.70.92.187', 'Dart/3.7 (dart:io)', '98267294-eb49-438b-9a9b-9aabd24bb98d', '2025-03-28 10:52:55', '2025-03-28 11:09:09');
INSERT INTO `user_sessions` VALUES ('c4e62cc1-fe09-43c5-920c-8deaefce776d', '2239d434-7761-4aad-bb5b-e3e321ccdec4', '2025-04-10 22:04:43', '2025-04-10 23:08:11', 3808, 'expired', '172.70.143.214', 'Dart/3.7 (dart:io)', '98267294-eb49-438b-9a9b-9aabd24bb98d', '2025-04-10 22:04:43', '2025-04-10 23:08:11');
INSERT INTO `user_sessions` VALUES ('c6050ceb-c1f6-40af-926e-8d86784fe4a5', '26cd0a68-ab90-4397-8c0c-af35496a13ca', '2025-04-21 18:34:28', '2025-04-23 13:16:03', 153695, 'expired', '172.71.81.62', 'Dart/3.7 (dart:io)', '98267294-eb49-438b-9a9b-9aabd24bb98d', '2025-04-21 18:34:28', '2025-04-23 13:16:03');
INSERT INTO `user_sessions` VALUES ('c64e58dc-d4fc-4ab1-992d-103d15139c87', '26cd0a68-ab90-4397-8c0c-af35496a13ca', '2025-04-11 08:03:17', '2025-04-14 10:52:12', 269335, 'expired', '172.68.242.98', 'Dart/3.7 (dart:io)', '98267294-eb49-438b-9a9b-9aabd24bb98d', '2025-04-11 08:03:17', '2025-04-14 10:52:12');
INSERT INTO `user_sessions` VALUES ('c66e56b6-1699-49ae-971e-13d227e8c2d7', '2239d434-7761-4aad-bb5b-e3e321ccdec4', '2025-03-26 18:02:42', '2025-03-26 18:03:49', 67, 'expired', '108.162.226.173', 'Dart/3.7 (dart:io)', '98267294-eb49-438b-9a9b-9aabd24bb98d', '2025-03-26 18:02:42', '2025-03-26 18:03:49');
INSERT INTO `user_sessions` VALUES ('c78d63b3-8171-475b-b35f-5cd83989301d', '26cd0a68-ab90-4397-8c0c-af35496a13ca', '2025-04-08 08:12:27', '2025-04-08 09:18:57', 3990, 'expired', '108.162.227.109', 'Dart/3.7 (dart:io)', '98267294-eb49-438b-9a9b-9aabd24bb98d', '2025-04-08 08:12:27', '2025-04-08 09:18:57');
INSERT INTO `user_sessions` VALUES ('c7aac4b3-cbc1-4ce3-acd8-8b3b553f958e', '26cd0a68-ab90-4397-8c0c-af35496a13ca', '2025-04-08 09:21:09', '2025-04-08 12:00:26', 9557, 'expired', '108.162.227.66', 'Dart/3.7 (dart:io)', '98267294-eb49-438b-9a9b-9aabd24bb98d', '2025-04-08 09:21:09', '2025-04-08 12:00:26');
INSERT INTO `user_sessions` VALUES ('c90a89ff-b397-478a-bf2b-f0fde7aa3628', '2239d434-7761-4aad-bb5b-e3e321ccdec4', '2025-04-20 18:47:32', '2025-04-20 18:47:49', 17, 'expired', '172.69.176.58', 'Dart/3.7 (dart:io)', '98267294-eb49-438b-9a9b-9aabd24bb98d', '2025-04-20 18:47:32', '2025-04-20 18:47:49');
INSERT INTO `user_sessions` VALUES ('c9f94505-dc49-4229-a0b9-b06f78f0d29a', '2239d434-7761-4aad-bb5b-e3e321ccdec4', '2025-03-30 19:55:13', '2025-03-30 21:39:45', 6272, 'expired', '172.71.81.163', 'Dart/3.7 (dart:io)', '98267294-eb49-438b-9a9b-9aabd24bb98d', '2025-03-30 19:55:14', '2025-03-30 21:39:45');
INSERT INTO `user_sessions` VALUES ('ca937a81-d2cb-41f2-bfdf-5a6b2d299353', '2239d434-7761-4aad-bb5b-e3e321ccdec4', '2025-04-23 19:47:54', '2025-04-23 19:47:59', 5, 'expired', '172.71.81.173', 'Dart/3.7 (dart:io)', '98267294-eb49-438b-9a9b-9aabd24bb98d', '2025-04-23 19:47:54', '2025-04-23 19:47:59');
INSERT INTO `user_sessions` VALUES ('cac05af1-f6d4-4997-98c1-0a471769324a', '2239d434-7761-4aad-bb5b-e3e321ccdec4', '2025-04-20 18:49:20', '2025-04-20 18:50:08', 48, 'expired', '172.71.124.20', 'Dart/3.7 (dart:io)', '98267294-eb49-438b-9a9b-9aabd24bb98d', '2025-04-20 18:49:20', '2025-04-20 18:50:08');
INSERT INTO `user_sessions` VALUES ('cb561d6a-b286-4eb7-a795-675186bd4e15', '2239d434-7761-4aad-bb5b-e3e321ccdec4', '2025-03-27 11:09:01', '2025-03-27 12:06:50', 3469, 'expired', '162.158.106.12', 'Dart/3.7 (dart:io)', '98267294-eb49-438b-9a9b-9aabd24bb98d', '2025-03-27 11:09:01', '2025-03-27 12:06:50');
INSERT INTO `user_sessions` VALUES ('cb766ff8-6a2f-446f-be68-01bb9cbc991b', '2239d434-7761-4aad-bb5b-e3e321ccdec4', '2025-03-26 21:54:48', '2025-03-26 22:31:22', 2194, 'expired', '172.68.242.96', 'Dart/3.7 (dart:io)', '98267294-eb49-438b-9a9b-9aabd24bb98d', '2025-03-26 21:54:48', '2025-03-26 22:31:22');
INSERT INTO `user_sessions` VALUES ('ce0fa812-58da-471b-9b9e-f2d1b816198e', '2239d434-7761-4aad-bb5b-e3e321ccdec4', '2025-04-08 15:55:46', '2025-04-08 21:16:19', 19233, 'expired', '162.158.108.58', 'Dart/3.7 (dart:io)', '98267294-eb49-438b-9a9b-9aabd24bb98d', '2025-04-08 15:55:46', '2025-04-08 21:16:19');
INSERT INTO `user_sessions` VALUES ('cf2c0ac7-f457-4739-99fd-f218cd7c65ef', '26cd0a68-ab90-4397-8c0c-af35496a13ca', '2025-04-10 12:21:57', '2025-04-10 12:39:21', 1044, 'expired', '162.158.108.17', 'Dart/3.7 (dart:io)', '98267294-eb49-438b-9a9b-9aabd24bb98d', '2025-04-10 12:21:57', '2025-04-10 12:39:21');
INSERT INTO `user_sessions` VALUES ('cf8dc627-a6e3-4868-8866-7f778294975d', '2239d434-7761-4aad-bb5b-e3e321ccdec4', '2025-04-21 10:45:10', '2025-04-21 10:45:44', 34, 'expired', '104.23.175.199', 'Dart/3.7 (dart:io)', '98267294-eb49-438b-9a9b-9aabd24bb98d', '2025-04-21 10:45:10', '2025-04-21 10:45:44');
INSERT INTO `user_sessions` VALUES ('d03b1f21-ed31-4da6-b68d-052c6978be75', '2239d434-7761-4aad-bb5b-e3e321ccdec4', '2025-04-22 18:07:52', '2025-04-23 09:12:45', 54293, 'expired', '172.71.152.6', 'Dart/3.7 (dart:io)', '98267294-eb49-438b-9a9b-9aabd24bb98d', '2025-04-22 18:07:52', '2025-04-23 09:12:45');
INSERT INTO `user_sessions` VALUES ('d1674d7f-b73e-475a-80f1-3bf21efc69b7', '26cd0a68-ab90-4397-8c0c-af35496a13ca', '2025-04-20 13:47:47', '2025-04-20 14:55:42', 4075, 'expired', '162.158.163.138', 'Dart/3.7 (dart:io)', '98267294-eb49-438b-9a9b-9aabd24bb98d', '2025-04-20 13:47:47', '2025-04-20 14:55:42');
INSERT INTO `user_sessions` VALUES ('d170c294-9135-42f3-9e84-fe4ddb33a85d', '2239d434-7761-4aad-bb5b-e3e321ccdec4', '2025-03-28 10:20:27', '2025-03-28 10:21:29', 62, 'expired', '172.70.208.139', 'Dart/3.7 (dart:io)', '98267294-eb49-438b-9a9b-9aabd24bb98d', '2025-03-28 10:20:27', '2025-03-28 10:21:29');
INSERT INTO `user_sessions` VALUES ('d2a721de-6324-43fb-898d-9d5ff99df8ae', '26cd0a68-ab90-4397-8c0c-af35496a13ca', '2025-04-14 20:17:44', '2025-04-16 08:02:11', 128667, 'expired', '162.158.162.81', 'Dart/3.7 (dart:io)', '98267294-eb49-438b-9a9b-9aabd24bb98d', '2025-04-14 20:17:44', '2025-04-16 08:02:11');
INSERT INTO `user_sessions` VALUES ('d49a2878-444c-4f24-aa2a-ab728d4b1107', '26cd0a68-ab90-4397-8c0c-af35496a13ca', '2025-04-19 11:58:35', '2025-04-19 12:08:00', 565, 'expired', '162.158.108.141', 'Dart/3.7 (dart:io)', '98267294-eb49-438b-9a9b-9aabd24bb98d', '2025-04-19 11:58:35', '2025-04-19 12:08:00');
INSERT INTO `user_sessions` VALUES ('d5075a57-af85-42f1-9366-4633ac2d62e7', '2239d434-7761-4aad-bb5b-e3e321ccdec4', '2025-03-28 06:13:29', '2025-03-28 07:54:19', 6050, 'expired', '172.70.147.167', 'Dart/3.7 (dart:io)', '98267294-eb49-438b-9a9b-9aabd24bb98d', '2025-03-28 06:13:29', '2025-03-28 07:54:19');
INSERT INTO `user_sessions` VALUES ('d5a9f559-f1ae-4f2a-8b5a-ab986cce1d0e', '26cd0a68-ab90-4397-8c0c-af35496a13ca', '2025-03-27 17:55:58', '2025-04-07 18:20:57', 951899, 'expired', '172.71.124.138', 'PostmanRuntime/7.43.2', '98267294-eb49-438b-9a9b-9aabd24bb98d', '2025-03-27 17:55:58', '2025-04-07 18:20:57');
INSERT INTO `user_sessions` VALUES ('d67d6783-7c64-4f25-89d3-ef7a0dea11e7', '26cd0a68-ab90-4397-8c0c-af35496a13ca', '2025-04-09 10:19:22', '2025-04-09 10:35:08', 946, 'expired', '162.158.170.52', 'Dart/3.7 (dart:io)', '98267294-eb49-438b-9a9b-9aabd24bb98d', '2025-04-09 10:19:22', '2025-04-09 10:35:08');
INSERT INTO `user_sessions` VALUES ('d6b3ab93-4785-4058-b803-007ba82cba39', '26cd0a68-ab90-4397-8c0c-af35496a13ca', '2025-04-07 20:17:16', '2025-04-08 05:44:10', 34014, 'expired', '172.70.189.48', 'Dart/3.7 (dart:io)', '98267294-eb49-438b-9a9b-9aabd24bb98d', '2025-04-07 20:17:16', '2025-04-08 05:44:10');
INSERT INTO `user_sessions` VALUES ('d78a69bb-2027-4860-bc0f-ed1170d1061e', '26cd0a68-ab90-4397-8c0c-af35496a13ca', '2025-04-18 19:40:30', '2025-04-18 20:13:41', 1991, 'expired', '172.71.81.25', 'Dart/3.7 (dart:io)', '98267294-eb49-438b-9a9b-9aabd24bb98d', '2025-04-18 19:40:30', '2025-04-18 20:13:41');
INSERT INTO `user_sessions` VALUES ('d79d02bf-04e6-440d-a9bf-57ef8c8ca612', '2239d434-7761-4aad-bb5b-e3e321ccdec4', '2025-03-26 21:16:18', '2025-03-26 21:16:56', 38, 'expired', '172.69.166.115', 'Dart/3.7 (dart:io)', '98267294-eb49-438b-9a9b-9aabd24bb98d', '2025-03-26 21:16:18', '2025-03-26 21:16:56');
INSERT INTO `user_sessions` VALUES ('da6bd36d-be06-44da-86c1-1e7ba2e40d55', '26cd0a68-ab90-4397-8c0c-af35496a13ca', '2025-04-10 02:21:01', '2025-04-10 02:23:32', 151, 'expired', '162.158.29.107', 'Dart/3.7 (dart:io)', '98267294-eb49-438b-9a9b-9aabd24bb98d', '2025-04-10 02:21:01', '2025-04-10 02:23:32');
INSERT INTO `user_sessions` VALUES ('dbf0e488-4237-45ed-8dc3-23aa2ba7d06e', '26cd0a68-ab90-4397-8c0c-af35496a13ca', '2025-04-07 18:20:57', '2025-04-07 18:21:18', 21, 'expired', '172.70.188.9', 'Dart/3.7 (dart:io)', '98267294-eb49-438b-9a9b-9aabd24bb98d', '2025-04-07 18:20:57', '2025-04-07 18:21:18');
INSERT INTO `user_sessions` VALUES ('dc0ac980-5097-496a-9d1b-6ee7eb5b6816', 'd6328a88-0b0a-4d46-b9c0-9e4cd97f376d', '2025-04-10 21:39:19', '2025-04-10 21:40:32', 73, 'expired', '104.23.175.37', 'Dart/3.7 (dart:io)', 'b29ce424-fc2d-4450-862a-fe403b1ade1f', '2025-04-10 21:39:19', '2025-04-10 21:40:32');
INSERT INTO `user_sessions` VALUES ('dc30d533-2e5b-4705-b122-5e93ad64f733', '26cd0a68-ab90-4397-8c0c-af35496a13ca', '2025-04-14 18:45:15', '2025-04-14 19:39:14', 3239, 'expired', '172.71.81.15', 'Dart/3.7 (dart:io)', '98267294-eb49-438b-9a9b-9aabd24bb98d', '2025-04-14 18:45:15', '2025-04-14 19:39:14');
INSERT INTO `user_sessions` VALUES ('dcb4f578-5abd-4916-ae0d-cd7d4d059b9d', '2239d434-7761-4aad-bb5b-e3e321ccdec4', '2025-03-26 23:01:55', '2025-03-26 23:02:25', 30, 'expired', '162.158.88.133', 'Dart/3.7 (dart:io)', '98267294-eb49-438b-9a9b-9aabd24bb98d', '2025-03-26 23:01:55', '2025-03-26 23:02:25');
INSERT INTO `user_sessions` VALUES ('dd6d181e-3112-4984-8a83-a286fe580caa', '2239d434-7761-4aad-bb5b-e3e321ccdec4', '2025-03-28 15:49:57', '2025-03-28 16:41:12', 3075, 'expired', '162.158.163.222', 'Dart/3.7 (dart:io)', '98267294-eb49-438b-9a9b-9aabd24bb98d', '2025-03-28 15:49:57', '2025-03-28 16:41:12');
INSERT INTO `user_sessions` VALUES ('de14af25-5ef4-4892-9ea1-96b2c6664488', '2239d434-7761-4aad-bb5b-e3e321ccdec4', '2025-03-26 23:03:54', '2025-03-26 23:05:47', 113, 'expired', '172.70.208.13', 'Dart/3.7 (dart:io)', '98267294-eb49-438b-9a9b-9aabd24bb98d', '2025-03-26 23:03:54', '2025-03-26 23:05:47');
INSERT INTO `user_sessions` VALUES ('dee25f5b-904e-4bb9-a661-15f3560d1aae', '26cd0a68-ab90-4397-8c0c-af35496a13ca', '2025-04-07 20:10:40', '2025-04-07 20:11:24', 44, 'expired', '172.70.143.236', 'Dart/3.7 (dart:io)', '98267294-eb49-438b-9a9b-9aabd24bb98d', '2025-04-07 20:10:40', '2025-04-07 20:11:24');
INSERT INTO `user_sessions` VALUES ('df64beb4-7c23-4e4e-993a-2b2cf5a43948', '2239d434-7761-4aad-bb5b-e3e321ccdec4', '2025-04-20 18:59:41', '2025-04-21 05:29:22', 37781, 'expired', '172.70.188.110', 'Dart/3.7 (dart:io)', '98267294-eb49-438b-9a9b-9aabd24bb98d', '2025-04-20 18:59:41', '2025-04-21 05:29:22');
INSERT INTO `user_sessions` VALUES ('e00c9ce4-fead-40de-a7e0-db53ce6292e9', '26cd0a68-ab90-4397-8c0c-af35496a13ca', '2025-04-20 17:08:49', '2025-04-20 18:21:30', 4361, 'expired', '172.71.81.15', 'Dart/3.7 (dart:io)', '98267294-eb49-438b-9a9b-9aabd24bb98d', '2025-04-20 17:08:49', '2025-04-20 18:21:30');
INSERT INTO `user_sessions` VALUES ('e07177e6-b935-40d4-bba8-15c9a8202fa6', '26cd0a68-ab90-4397-8c0c-af35496a13ca', '2025-04-18 12:19:47', '2025-04-18 12:32:29', 762, 'expired', '162.158.88.101', 'Dart/3.7 (dart:io)', '98267294-eb49-438b-9a9b-9aabd24bb98d', '2025-04-18 12:19:47', '2025-04-18 12:32:29');
INSERT INTO `user_sessions` VALUES ('e1be4b21-592d-497c-9251-e095f363bbee', '2239d434-7761-4aad-bb5b-e3e321ccdec4', '2025-03-26 21:14:33', '2025-03-26 21:14:41', 8, 'expired', '108.162.226.3', 'Dart/3.7 (dart:io)', '98267294-eb49-438b-9a9b-9aabd24bb98d', '2025-03-26 21:14:33', '2025-03-26 21:14:41');
INSERT INTO `user_sessions` VALUES ('e1f0efc1-7a31-46d0-9224-e4cc1e785ae7', '26cd0a68-ab90-4397-8c0c-af35496a13ca', '2025-04-19 23:40:04', '2025-04-20 11:07:33', 41249, 'expired', '162.158.106.98', 'Dart/3.7 (dart:io)', '98267294-eb49-438b-9a9b-9aabd24bb98d', '2025-04-19 23:40:04', '2025-04-20 11:07:33');
INSERT INTO `user_sessions` VALUES ('e59fd98d-5d08-4fac-bf7c-05781477080a', '2239d434-7761-4aad-bb5b-e3e321ccdec4', '2025-04-08 07:41:46', '2025-04-08 07:45:52', 246, 'expired', '172.70.189.26', 'Dart/3.7 (dart:io)', '98267294-eb49-438b-9a9b-9aabd24bb98d', '2025-04-08 07:41:46', '2025-04-08 07:45:52');
INSERT INTO `user_sessions` VALUES ('e5fe2041-ed03-4c07-80b8-32d2da27d384', '2239d434-7761-4aad-bb5b-e3e321ccdec4', '2025-03-28 13:39:56', '2025-03-28 13:44:34', 278, 'expired', '162.158.108.16', 'Dart/3.7 (dart:io)', '98267294-eb49-438b-9a9b-9aabd24bb98d', '2025-03-28 13:39:56', '2025-03-28 13:44:34');
INSERT INTO `user_sessions` VALUES ('e6d0a34a-bc6f-47eb-aedd-c53c3c10becb', '2239d434-7761-4aad-bb5b-e3e321ccdec4', '2025-04-05 10:38:13', '2025-04-05 10:40:08', 115, 'expired', '162.158.88.79', 'Dart/3.7 (dart:io)', '98267294-eb49-438b-9a9b-9aabd24bb98d', '2025-04-05 10:38:13', '2025-04-05 10:40:08');
INSERT INTO `user_sessions` VALUES ('e77b535d-2bd6-4302-9e2c-20e49252d3ae', '26cd0a68-ab90-4397-8c0c-af35496a13ca', '2025-04-09 19:28:32', '2025-04-09 21:20:53', 6741, 'expired', '172.69.176.69', 'Dart/3.7 (dart:io)', '98267294-eb49-438b-9a9b-9aabd24bb98d', '2025-04-09 19:28:32', '2025-04-09 21:20:53');
INSERT INTO `user_sessions` VALUES ('e791c36e-e526-4c15-ba0c-339f50b93ab7', '26cd0a68-ab90-4397-8c0c-af35496a13ca', '2025-04-07 18:43:12', '2025-04-07 18:44:27', 75, 'expired', '162.158.88.111', 'Dart/3.7 (dart:io)', '98267294-eb49-438b-9a9b-9aabd24bb98d', '2025-04-07 18:43:12', '2025-04-07 18:44:27');
INSERT INTO `user_sessions` VALUES ('e7de37cc-ac51-4c69-bebf-95ef6d45564e', '26cd0a68-ab90-4397-8c0c-af35496a13ca', '2025-04-20 14:55:42', '2025-04-20 15:29:07', 2005, 'expired', '172.71.124.113', 'Dart/3.7 (dart:io)', '98267294-eb49-438b-9a9b-9aabd24bb98d', '2025-04-20 14:55:42', '2025-04-20 15:29:07');
INSERT INTO `user_sessions` VALUES ('e84ab596-58e3-477a-93c1-1f28fc1b5b77', '2239d434-7761-4aad-bb5b-e3e321ccdec4', '2025-04-23 13:01:14', '2025-04-23 13:27:43', 1589, 'expired', '172.71.82.124', 'Dart/3.7 (dart:io)', '98267294-eb49-438b-9a9b-9aabd24bb98d', '2025-04-23 13:01:14', '2025-04-23 13:27:43');
INSERT INTO `user_sessions` VALUES ('eafc0ef5-74a9-4ebd-b9fc-281264ceaf39', '26cd0a68-ab90-4397-8c0c-af35496a13ca', '2025-04-17 15:36:06', '2025-04-17 17:14:52', 5926, 'expired', '108.162.226.116', 'Dart/3.7 (dart:io)', '98267294-eb49-438b-9a9b-9aabd24bb98d', '2025-04-17 15:36:06', '2025-04-17 17:14:52');
INSERT INTO `user_sessions` VALUES ('eaff8fed-6b97-4c9d-8ae5-0feb9dab82b9', '2239d434-7761-4aad-bb5b-e3e321ccdec4', '2025-03-26 21:03:19', '2025-03-26 21:03:31', 12, 'expired', '172.69.166.115', 'Dart/3.7 (dart:io)', '98267294-eb49-438b-9a9b-9aabd24bb98d', '2025-03-26 21:03:19', '2025-03-26 21:03:31');
INSERT INTO `user_sessions` VALUES ('eb20ada7-13b0-433f-8e2f-d08dce9f50cf', '26cd0a68-ab90-4397-8c0c-af35496a13ca', '2025-04-07 18:21:18', '2025-04-07 18:23:25', 127, 'expired', '172.68.164.67', 'Dart/3.7 (dart:io)', '98267294-eb49-438b-9a9b-9aabd24bb98d', '2025-04-07 18:21:18', '2025-04-07 18:23:25');
INSERT INTO `user_sessions` VALUES ('ebd6c50b-bbb9-4949-a62a-92d1253b0dc7', '2239d434-7761-4aad-bb5b-e3e321ccdec4', '2025-04-20 18:47:49', '2025-04-20 18:49:20', 91, 'expired', '162.158.88.116', 'PostmanRuntime/7.43.3', '98267294-eb49-438b-9a9b-9aabd24bb98d', '2025-04-20 18:47:49', '2025-04-20 18:49:20');
INSERT INTO `user_sessions` VALUES ('ec05e455-78dc-4e34-85dc-390978d8b4ed', '26cd0a68-ab90-4397-8c0c-af35496a13ca', '2025-04-20 16:10:11', '2025-04-20 17:08:49', 3518, 'expired', '172.68.164.28', 'Dart/3.7 (dart:io)', '98267294-eb49-438b-9a9b-9aabd24bb98d', '2025-04-20 16:10:11', '2025-04-20 17:08:49');
INSERT INTO `user_sessions` VALUES ('eccae0a6-3cfb-460c-a31b-4af870221e01', '2239d434-7761-4aad-bb5b-e3e321ccdec4', '2025-03-28 13:27:41', '2025-03-28 13:28:52', 71, 'expired', '162.158.106.59', 'Dart/3.7 (dart:io)', '98267294-eb49-438b-9a9b-9aabd24bb98d', '2025-03-28 13:27:41', '2025-03-28 13:28:52');
INSERT INTO `user_sessions` VALUES ('ed15ca0b-e669-43e1-a637-c330cada880a', '26cd0a68-ab90-4397-8c0c-af35496a13ca', '2025-04-19 23:29:38', '2025-04-19 23:40:04', 626, 'expired', '172.69.176.44', 'Dart/3.7 (dart:io)', '98267294-eb49-438b-9a9b-9aabd24bb98d', '2025-04-19 23:29:38', '2025-04-19 23:40:04');
INSERT INTO `user_sessions` VALUES ('ed248ef3-f390-4662-910b-1cee31748dd7', '2239d434-7761-4aad-bb5b-e3e321ccdec4', '2025-03-26 23:10:47', '2025-03-26 23:15:18', 271, 'expired', '172.71.124.158', 'Dart/3.7 (dart:io)', '98267294-eb49-438b-9a9b-9aabd24bb98d', '2025-03-26 23:10:47', '2025-03-26 23:15:18');
INSERT INTO `user_sessions` VALUES ('ee305838-0e81-4279-b060-df99e9718f08', '26cd0a68-ab90-4397-8c0c-af35496a13ca', '2025-04-16 11:35:00', '2025-04-16 11:43:49', 529, 'expired', '104.23.175.7', 'Dart/3.7 (dart:io)', '98267294-eb49-438b-9a9b-9aabd24bb98d', '2025-04-16 11:35:00', '2025-04-16 11:43:49');
INSERT INTO `user_sessions` VALUES ('ee86b6f7-a57e-43d5-88ee-b6d84628a605', '26cd0a68-ab90-4397-8c0c-af35496a13ca', '2025-04-10 02:23:32', '2025-04-10 12:02:19', 34727, 'expired', '162.158.29.135', 'Dart/3.7 (dart:io)', '98267294-eb49-438b-9a9b-9aabd24bb98d', '2025-04-10 02:23:32', '2025-04-10 12:02:19');
INSERT INTO `user_sessions` VALUES ('eeb2b1da-0f9f-47be-b30b-dbcac3941d8d', '2239d434-7761-4aad-bb5b-e3e321ccdec4', '2025-04-22 17:23:16', '2025-04-22 17:52:56', 1780, 'expired', '172.70.208.138', 'Dart/3.7 (dart:io)', '98267294-eb49-438b-9a9b-9aabd24bb98d', '2025-04-22 17:23:16', '2025-04-22 17:52:56');
INSERT INTO `user_sessions` VALUES ('efc16f60-8f1c-4afa-aba6-e8f1932a46c3', '2239d434-7761-4aad-bb5b-e3e321ccdec4', '2025-04-07 18:43:43', '2025-04-08 05:54:03', 40220, 'expired', '172.69.165.4', 'Dart/3.7 (dart:io)', '98267294-eb49-438b-9a9b-9aabd24bb98d', '2025-04-07 18:43:43', '2025-04-08 05:54:03');
INSERT INTO `user_sessions` VALUES ('f16368c0-511b-48df-beab-f7ffbca3f626', '2239d434-7761-4aad-bb5b-e3e321ccdec4', '2025-04-09 10:15:23', '2025-04-09 21:12:07', 39404, 'expired', '162.158.189.139', 'Dart/3.7 (dart:io)', '98267294-eb49-438b-9a9b-9aabd24bb98d', '2025-04-09 10:15:23', '2025-04-09 21:12:07');
INSERT INTO `user_sessions` VALUES ('f2a3e481-d9d3-45a2-83ce-06936ccbf219', '26cd0a68-ab90-4397-8c0c-af35496a13ca', '2025-04-21 05:29:32', '2025-04-21 09:37:19', 14867, 'expired', '172.68.164.63', 'PostmanRuntime/7.43.3', '98267294-eb49-438b-9a9b-9aabd24bb98d', '2025-04-21 05:29:32', '2025-04-21 09:37:19');
INSERT INTO `user_sessions` VALUES ('f2bb50f6-d9cb-4f63-9486-9045eafd945d', '2239d434-7761-4aad-bb5b-e3e321ccdec4', '2025-03-28 12:58:37', '2025-03-28 12:59:19', 42, 'expired', '172.68.164.20', 'PostmanRuntime/7.43.0', '98267294-eb49-438b-9a9b-9aabd24bb98d', '2025-03-28 12:58:37', '2025-03-28 12:59:19');
INSERT INTO `user_sessions` VALUES ('f32c893a-b972-41b7-afeb-924c4f11aba3', '26cd0a68-ab90-4397-8c0c-af35496a13ca', '2025-04-10 13:43:31', '2025-04-10 14:05:20', 1309, 'expired', '104.23.175.241', 'Dart/3.7 (dart:io)', '98267294-eb49-438b-9a9b-9aabd24bb98d', '2025-04-10 13:43:31', '2025-04-10 14:05:20');
INSERT INTO `user_sessions` VALUES ('f46facd7-bb51-4d9d-b1e9-dcceb3bd70e9', '26cd0a68-ab90-4397-8c0c-af35496a13ca', '2025-04-10 18:52:48', '2025-04-10 19:27:49', 2101, 'expired', '172.70.143.246', 'Dart/3.7 (dart:io)', '98267294-eb49-438b-9a9b-9aabd24bb98d', '2025-04-10 18:52:48', '2025-04-10 19:27:49');
INSERT INTO `user_sessions` VALUES ('f58c29a1-cfa2-487c-8dd6-b2179aed8ce4', '2239d434-7761-4aad-bb5b-e3e321ccdec4', '2025-04-19 21:13:22', '2025-04-20 18:47:32', 77650, 'expired', '172.70.208.138', 'Dart/3.7 (dart:io)', '98267294-eb49-438b-9a9b-9aabd24bb98d', '2025-04-19 21:13:22', '2025-04-20 18:47:32');
INSERT INTO `user_sessions` VALUES ('f5a42fcc-1050-4818-8a97-693600db0d07', '26cd0a68-ab90-4397-8c0c-af35496a13ca', '2025-04-19 11:22:30', '2025-04-19 11:42:26', 1196, 'expired', '172.70.143.247', 'Dart/3.7 (dart:io)', '98267294-eb49-438b-9a9b-9aabd24bb98d', '2025-04-19 11:22:30', '2025-04-19 11:42:26');
INSERT INTO `user_sessions` VALUES ('f6aade99-18c1-49dd-bb73-ca453a07e9bd', '26cd0a68-ab90-4397-8c0c-af35496a13ca', '2025-04-14 15:09:10', '2025-04-14 15:12:52', 222, 'expired', '172.71.81.151', 'Dart/3.7 (dart:io)', '98267294-eb49-438b-9a9b-9aabd24bb98d', '2025-04-14 15:09:10', '2025-04-14 15:12:52');
INSERT INTO `user_sessions` VALUES ('f7033ff7-0ad5-4697-bdab-c5f1c9151c06', '2239d434-7761-4aad-bb5b-e3e321ccdec4', '2025-03-26 17:20:00', '2025-03-26 18:02:42', 2562, 'expired', '172.71.81.244', 'PostmanRuntime/7.43.2', '98267294-eb49-438b-9a9b-9aabd24bb98d', '2025-03-26 17:20:00', '2025-03-26 18:02:42');
INSERT INTO `user_sessions` VALUES ('f7364ce1-4770-4077-9be1-f3da47dbc05f', '26cd0a68-ab90-4397-8c0c-af35496a13ca', '2025-04-09 22:16:24', '2025-04-10 02:21:01', 14677, 'expired', '162.158.190.41', 'Dart/3.7 (dart:io)', '98267294-eb49-438b-9a9b-9aabd24bb98d', '2025-04-09 22:16:24', '2025-04-10 02:21:01');
INSERT INTO `user_sessions` VALUES ('f79f6d64-95bd-4d36-b9c7-788ff55aa1dd', '2239d434-7761-4aad-bb5b-e3e321ccdec4', '2025-03-26 18:03:49', '2025-03-26 18:04:05', 16, 'expired', '172.70.208.12', 'Dart/3.7 (dart:io)', '98267294-eb49-438b-9a9b-9aabd24bb98d', '2025-03-26 18:03:49', '2025-03-26 18:04:05');
INSERT INTO `user_sessions` VALUES ('f930fe13-c21e-453e-b1ec-cdafe6f13273', '26cd0a68-ab90-4397-8c0c-af35496a13ca', '2025-04-07 19:05:14', '2025-04-07 20:10:40', 3926, 'expired', '172.71.82.113', 'Dart/3.7 (dart:io)', '98267294-eb49-438b-9a9b-9aabd24bb98d', '2025-04-07 19:05:14', '2025-04-07 20:10:40');
INSERT INTO `user_sessions` VALUES ('fa4c8f88-1e54-49f8-86d2-4d149ee26682', '2239d434-7761-4aad-bb5b-e3e321ccdec4', '2025-03-26 21:16:56', '2025-03-26 21:54:38', 2262, 'expired', '172.71.124.104', 'Dart/3.7 (dart:io)', '98267294-eb49-438b-9a9b-9aabd24bb98d', '2025-03-26 21:16:56', '2025-03-26 21:54:38');
INSERT INTO `user_sessions` VALUES ('fb700e36-361f-4c1e-bb73-579e4b7d3197', 'd6328a88-0b0a-4d46-b9c0-9e4cd97f376d', '2025-04-19 17:12:58', '2025-04-19 21:12:43', 14385, 'expired', '172.68.164.83', 'Dart/3.7 (dart:io)', 'b29ce424-fc2d-4450-862a-fe403b1ade1f', '2025-04-19 17:12:58', '2025-04-19 21:12:43');
INSERT INTO `user_sessions` VALUES ('fc2ba229-a1a8-43ae-b744-66a46d4b6e69', '26cd0a68-ab90-4397-8c0c-af35496a13ca', '2025-04-10 14:05:20', '2025-04-10 18:24:11', 15531, 'expired', '172.71.124.158', 'Dart/3.7 (dart:io)', '98267294-eb49-438b-9a9b-9aabd24bb98d', '2025-04-10 14:05:20', '2025-04-10 18:24:11');
INSERT INTO `user_sessions` VALUES ('fc81be48-9cb1-40a9-a4c6-518d9101f913', '26cd0a68-ab90-4397-8c0c-af35496a13ca', '2025-04-19 01:35:36', '2025-04-19 11:22:30', 35214, 'expired', '172.70.208.160', 'Dart/3.7 (dart:io)', '98267294-eb49-438b-9a9b-9aabd24bb98d', '2025-04-19 01:35:36', '2025-04-19 11:22:30');
INSERT INTO `user_sessions` VALUES ('fcce115b-d2c0-443c-8493-2ddb20932ed6', '26cd0a68-ab90-4397-8c0c-af35496a13ca', '2025-04-10 21:04:45', '2025-04-10 21:19:06', 861, 'expired', '172.71.81.250', 'Dart/3.7 (dart:io)', '98267294-eb49-438b-9a9b-9aabd24bb98d', '2025-04-10 21:04:45', '2025-04-10 21:19:06');
INSERT INTO `user_sessions` VALUES ('fd493b95-1d18-441c-ac6e-0aa06c65df62', '26cd0a68-ab90-4397-8c0c-af35496a13ca', '2025-04-08 07:43:11', '2025-04-08 08:12:27', 1756, 'expired', '162.158.189.52', 'Dart/3.7 (dart:io)', '98267294-eb49-438b-9a9b-9aabd24bb98d', '2025-04-08 07:43:11', '2025-04-08 08:12:27');
INSERT INTO `user_sessions` VALUES ('fd8a98c4-4ca9-4449-a13a-99edb99d4b15', '2239d434-7761-4aad-bb5b-e3e321ccdec4', '2025-04-07 17:14:42', '2025-04-07 17:47:38', 1976, 'expired', '104.23.175.225', 'Dart/3.7 (dart:io)', '98267294-eb49-438b-9a9b-9aabd24bb98d', '2025-04-07 17:14:42', '2025-04-07 17:47:38');
INSERT INTO `user_sessions` VALUES ('fdd9fe86-b4c0-45f7-922a-9eada34c5ada', '2239d434-7761-4aad-bb5b-e3e321ccdec4', '2025-04-06 21:36:28', '2025-04-06 22:19:00', 2552, 'expired', '108.162.227.135', 'Dart/3.7 (dart:io)', '98267294-eb49-438b-9a9b-9aabd24bb98d', '2025-04-06 21:36:28', '2025-04-06 22:19:00');
INSERT INTO `user_sessions` VALUES ('ff8bb561-3ae0-4a65-b5a5-543843249def', '2239d434-7761-4aad-bb5b-e3e321ccdec4', '2025-04-23 20:09:00', '2025-04-23 20:19:00', 600, 'expired', '162.158.163.88', 'Dart/3.7 (dart:io)', '98267294-eb49-438b-9a9b-9aabd24bb98d', '2025-04-23 20:09:00', '2025-04-23 20:19:00');

-- ----------------------------
-- Table structure for users
-- ----------------------------
DROP TABLE IF EXISTS `users`;
CREATE TABLE `users`  (
  `id` char(36) CHARACTER SET latin1 COLLATE latin1_general_ci NOT NULL,
  `username` varchar(50) CHARACTER SET latin1 COLLATE latin1_general_ci NOT NULL,
  `password` varchar(255) CHARACTER SET latin1 COLLATE latin1_general_ci NOT NULL,
  `fullname` varchar(100) CHARACTER SET latin1 COLLATE latin1_general_ci NOT NULL,
  `email` varchar(100) CHARACTER SET latin1 COLLATE latin1_general_ci NOT NULL,
  `role` enum('super_admin','admin','guru') CHARACTER SET latin1 COLLATE latin1_general_ci NOT NULL,
  `sekolah_id` char(36) CHARACTER SET latin1 COLLATE latin1_general_ci NULL DEFAULT NULL COMMENT 'Null untuk super_admin',
  `last_login` timestamp NULL DEFAULT NULL,
  `is_active` tinyint(1) NOT NULL DEFAULT 1,
  `remember_token` varchar(100) CHARACTER SET latin1 COLLATE latin1_general_ci NULL DEFAULT NULL,
  `created_at` timestamp NULL DEFAULT current_timestamp,
  `updated_at` timestamp NULL DEFAULT current_timestamp ON UPDATE CURRENT_TIMESTAMP,
  `deleted_at` timestamp NULL DEFAULT NULL,
  PRIMARY KEY (`id`) USING BTREE,
  UNIQUE INDEX `email`(`email` ASC) USING BTREE,
  UNIQUE INDEX `username`(`username` ASC) USING BTREE,
  INDEX `sekolah_id`(`sekolah_id` ASC) USING BTREE,
  CONSTRAINT `users_ibfk_1` FOREIGN KEY (`sekolah_id`) REFERENCES `sekolah` (`id`) ON DELETE CASCADE ON UPDATE RESTRICT
) ENGINE = InnoDB CHARACTER SET = latin1 COLLATE = latin1_general_ci ROW_FORMAT = DYNAMIC;

-- ----------------------------
-- Records of users
-- ----------------------------
INSERT INTO `users` VALUES ('1f36c732-e5b1-47bf-bc21-6108eeb5b374', 'cipher@mail.com', '$2y$10$NpVXoriU6dzYw5JYsK1FV.gXeWDIy3Ud0LPJjRJIFuIO8WW0uYREi', 'Cipher', 'cipher@mail.com', 'guru', '98267294-eb49-438b-9a9b-9aabd24bb98d', '2025-04-20 18:56:19', 1, NULL, '2025-04-07 18:03:42', '2025-04-20 18:58:38', NULL);
INSERT INTO `users` VALUES ('2239d434-7761-4aad-bb5b-e3e321ccdec4', 'testadmin1', '$2y$10$RLHymJwlQhQq97b.C86so.7Azu262JmuRA.1vxaVhyPD0nYeGutGS', 'testadmin1', 'testadmin1@mail.com', 'admin', '98267294-eb49-438b-9a9b-9aabd24bb98d', '2025-04-23 20:09:00', 1, NULL, '2025-03-26 01:13:09', '2025-04-23 20:19:00', NULL);
INSERT INTO `users` VALUES ('26cd0a68-ab90-4397-8c0c-af35496a13ca', 'guru', '$2y$10$LK4iEvn0dEP2U6zD5RBzNOyRqfBBw.pZtCRmLf30R85asrK9YOmm2', 'Siti Rahayu', 'guru@mail.com', 'guru', '98267294-eb49-438b-9a9b-9aabd24bb98d', '2025-04-23 20:11:52', 1, '8L0tMtxQTybQK56eqtsg2A6IZXI2dk32sMU0JpySVPY4rkpzkMjicAtmkaJuduDDSdCjjWhIR2VKjK1r', '2025-03-26 05:49:34', '2025-04-23 20:11:52', NULL);
INSERT INTO `users` VALUES ('2dc3fb88-fbf5-4d9d-895f-162b106f16bc', 'bekoy1', '$2y$10$kP8cQqIHIQRSSx7sM7REy.gPUBRUCT07u25hD.GKZmX3Wg613IAhm', 'bekoy1', 'bekoy1@mail.com', 'admin', 'a50676cb-af7d-406d-92d1-ff06b4971cce', NULL, 1, NULL, '2025-04-23 20:29:55', '2025-04-23 20:29:55', NULL);
INSERT INTO `users` VALUES ('869fc00e-f8dc-4ecf-94c8-e1c7b923fd1a', 'gurukoy@mail.com', '$2y$10$E4WAgfMgTxUfwW0dSmLCDeduK1O5QmFQefeMW3sSetLXZDZl02Zte', 'bekoy', 'gurukoy@mail.com', 'guru', 'b29ce424-fc2d-4450-862a-fe403b1ade1f', '2025-04-19 21:16:23', 1, 'FJfUHxptVfGBqJgEKQh92ibUWFRzIN7Ek85NVBZhjdSS9qdebVeqOAOsfbON3PzrbkKbzpDRgu39hauS', '2025-04-10 21:39:51', '2025-04-19 21:16:23', NULL);
INSERT INTO `users` VALUES ('9919a6ef-4467-4ebc-b7b2-f3d78d71afaf', 'budi11.santoso1@example.com', '$2y$10$pJZMbY1A9Crp9J6bkQHb4.nO3e2lrZgx0sP/gvJaZOYRVVSyad.Fq', 'Budi Santoso11', 'budi11.santoso1@example.com', 'guru', '98267294-eb49-438b-9a9b-9aabd24bb98d', NULL, 1, NULL, '2025-04-08 00:24:20', '2025-04-08 00:24:20', NULL);
INSERT INTO `users` VALUES ('cf70ce59-9ffa-447d-9ee5-cd1f6b26af8b', 'siti11.rahayu1@example.com', '$2y$10$5ZG.wqjomIqA9hUYi/KWK.GVOovDKRTfy9bao7cOrBT1.sYIlC8Nm', 'Siti Rahayu11', 'siti11.rahayu1@example.com', 'guru', '98267294-eb49-438b-9a9b-9aabd24bb98d', NULL, 1, NULL, '2025-04-08 00:24:20', '2025-04-08 00:24:20', NULL);
INSERT INTO `users` VALUES ('d0269650-8027-4e48-b329-1e79c180ca7b', 'putri@gmail.com', '$2y$10$jsbStzqwe98cv23ty4PgaemC1m79NmRB9WGZ2UZba75ka/mFxjgyu', 'Putri', 'putri@gmail.com', 'guru', '98267294-eb49-438b-9a9b-9aabd24bb98d', NULL, 1, NULL, '2025-04-08 09:17:23', '2025-04-08 09:17:23', NULL);
INSERT INTO `users` VALUES ('d6328a88-0b0a-4d46-b9c0-9e4cd97f376d', 'bekoy', '$2y$10$peITY42d3TzDlra889C8Y.0lTlSLoBaJlKFG/aeW9tNwv86HKT.m2', 'bekoy', 'bekoy@mail.com', 'admin', 'b29ce424-fc2d-4450-862a-fe403b1ade1f', '2025-04-19 21:12:43', 1, 'MypO5JgsUBXeUmoqq0BVEoV9rmG87sajfQrY2rfwJSHlz9MLdPGyvXS3vYY2gdje69P1SSUzGBKFEokv', '2025-04-10 21:39:06', '2025-04-19 21:12:43', NULL);
INSERT INTO `users` VALUES ('dba9b8f1-d12c-4429-8863-d4ee80fd9f34', 'testadmin11', '$2y$10$1ZrTMOYguqhNw6tcyauRWeUHWlnoHHcowEJpTVhoSh6NLTYZOpNGe', 'testadmin11', 'testadmin11@mail.com', 'admin', 'e8546a78-7a5a-47fc-86b9-f2b233a89e8b', '2025-03-26 17:16:29', 1, 'XbaquH4fhcD3T3Gp5eZv2pV4acgFP1Gbu2LB0ZRWTbydsDEDOPpVpLIVQ5Na74M5Toiyfv8uwoPuV2PW', '2025-03-26 13:44:55', '2025-03-26 17:16:29', NULL);
INSERT INTO `users` VALUES ('e6ab9272-6b2e-49b2-886f-ee0c4f9354f6', 'Rany @gmail.com', '$2y$10$5.ypwyBk2Gd1dRQateCreucwd0vDpxMfCRMIpz8IqeioWm0/VJoY2', 'Rany', 'Rany @gmail.com', 'guru', '98267294-eb49-438b-9a9b-9aabd24bb98d', NULL, 1, NULL, '2025-04-08 09:12:25', '2025-04-08 09:12:25', NULL);
INSERT INTO `users` VALUES ('f1237aaf-5491-4959-8d7e-848d06f437f7', 'a', '$2y$10$1LXU8QqjzMWs1a1w/WKK7uX0e3/oEIAfGYYnqc1vhxyR4mMdS6Kxe', 'a', 'a@mail.com', 'admin', '75bc4c1c-63e6-4b3a-929b-810a11244c68', NULL, 1, NULL, '2025-04-23 20:38:02', '2025-04-23 20:38:02', NULL);

SET FOREIGN_KEY_CHECKS = 1;
